{
  "type": "FeatureCollection",
  "generator": "overpass-turbo",
  "copyright": "The data included in this document is from www.openstreetmap.org. The data is made available under ODbL.",
  "timestamp": "2026-07-10T03:02:15Z",
  "features": [
    {
      "type": "Feature",
      "properties": {
        "@id": "relation/13775098",
        "addr:neighbourhood": "Flat UDA",
        "addr:street": "Jalan Tanjung Tokong Lama",
        "amenity": "restaurant",
        "building": "yes",
        "type": "multipolygon"
      },
      "geometry": {
        "type": "Polygon",
        "coordinates": [
          [
            [
              100.3076338,
              5.4617632
            ],
            [
              100.3077171,
              5.461771
            ],
            [
              100.3078855,
              5.4619653
            ],
            [
              100.3078358,
              5.4621526
            ],
            [
              100.3076866,
              5.4621656
            ],
            [
              100.3074626,
              5.4619144
            ],
            [
              100.3076338,
              5.4617632
            ]
          ],
          [
            [
              100.3077192,
              5.4620975
            ],
            [
              100.3077838,
              5.4620938
            ],
            [
              100.307816,
              5.4619839
            ],
            [
              100.3076845,
              5.4618357
            ],
            [
              100.3076535,
              5.4618332
            ],
            [
              100.3075527,
              5.4619183
            ],
            [
              100.3076907,
              5.4620803
            ],
            [
              100.3077192,
              5.4620975
            ]
          ]
        ]
      },
      "id": "relation/13775098"
    },
    {
      "type": "Feature",
      "properties": {
        "@id": "way/261193412",
        "amenity": "restaurant",
        "building": "yes",
        "name": "The Ship",
        "name:en": "The Ship"
      },
      "geometry": {
        "type": "Polygon",
        "coordinates": [
          [
            [
              100.2473943,
              5.4741389
            ],
            [
              100.2474155,
              5.4739557
            ],
            [
              100.2475005,
              5.4737584
            ],
            [
              100.2475465,
              5.473776
            ],
            [
              100.2475642,
              5.4738464
            ],
            [
              100.2475075,
              5.4740543
            ],
            [
              100.2474474,
              5.4741459
            ],
            [
              100.2473943,
              5.4741389
            ]
          ]
        ]
      },
      "id": "way/261193412"
    },
    {
      "type": "Feature",
      "properties": {
        "@id": "way/264409106",
        "amenity": "restaurant",
        "building": "yes",
        "building:levels": "2",
        "name": "Loke Thye Kee",
        "name:en": "Loke Thye Kee",
        "name:ms": "Loke Thye Kee",
        "name:zh": "乐台居",
        "name:zh-Hans": "乐台居",
        "name:zh-Hant": "樂台居",
        "opening_hours": "Mo-Su 10:00-00:00"
      },
      "geometry": {
        "type": "Polygon",
        "coordinates": [
          [
            [
              100.3300311,
              5.4169524
            ],
            [
              100.3298447,
              5.4171645
            ],
            [
              100.3297763,
              5.417094
            ],
            [
              100.3297814,
              5.417052
            ],
            [
              100.329997,
              5.4169005
            ],
            [
              100.3300311,
              5.4169524
            ]
          ]
        ]
      },
      "id": "way/264409106"
    },
    {
      "type": "Feature",
      "properties": {
        "@id": "way/264427152",
        "amenity": "restaurant",
        "building": "yes",
        "name": "Medan Selera Taman Free School",
        "name:zh": "大英义园小贩中心"
      },
      "geometry": {
        "type": "Polygon",
        "coordinates": [
          [
            [
              100.3095733,
              5.4032183
            ],
            [
              100.3095617,
              5.403217
            ],
            [
              100.30908,
              5.4031622
            ],
            [
              100.3090454,
              5.4031582
            ],
            [
              100.3090569,
              5.403058
            ],
            [
              100.3091483,
              5.4029832
            ],
            [
              100.3095944,
              5.4030341
            ],
            [
              100.3095733,
              5.4032183
            ]
          ]
        ]
      },
      "id": "way/264427152"
    },
    {
      "type": "Feature",
      "properties": {
        "@id": "way/265909556",
        "amenity": "restaurant",
        "building": "yes",
        "name": "Daorae"
      },
      "geometry": {
        "type": "Polygon",
        "coordinates": [
          [
            [
              100.3062562,
              5.4528456
            ],
            [
              100.3062395,
              5.4527029
            ],
            [
              100.3064868,
              5.452657
            ],
            [
              100.3065585,
              5.4527691
            ],
            [
              100.3062562,
              5.4528456
            ]
          ]
        ]
      },
      "id": "way/265909556"
    },
    {
      "type": "Feature",
      "properties": {
        "@id": "way/268528823",
        "addr:city": "George Town",
        "addr:postcode": "10200",
        "addr:street": "Lebuh Light",
        "amenity": "restaurant",
        "building": "yes",
        "cuisine": "local",
        "name": "The Esplanade Park Food Court",
        "name:en": "The Esplanade Park Food Court"
      },
      "geometry": {
        "type": "Polygon",
        "coordinates": [
          [
            [
              100.3429788,
              5.4204523
            ],
            [
              100.3427388,
              5.4205426
            ],
            [
              100.3426041,
              5.4201877
            ],
            [
              100.342844,
              5.4200974
            ],
            [
              100.3429788,
              5.4204523
            ]
          ]
        ]
      },
      "id": "way/268528823"
    },
    {
      "type": "Feature",
      "properties": {
        "@id": "way/268533555",
        "addr:city": "George Town",
        "addr:housename": "Deluxcious",
        "addr:housenumber": "15-17A",
        "addr:postcode": "10050",
        "addr:street": "Jalan Sultan Ahmad Shah",
        "alt_name": "Deluxcious",
        "amenity": "restaurant",
        "building": "yes",
        "cuisine": "international",
        "int_name": "Deluxcious Hotel.Spa.Restaurant",
        "name": "Deluxcious Hotel Spa & Restaurant",
        "name:en": "Deluxcious Hotel Spa & Restaurant",
        "old_name": "Deluxcious SpaCuisine",
        "source": "Local common",
        "tourism": "hotel",
        "website": "https://www.deluxcious.com.my/"
      },
      "geometry": {
        "type": "Polygon",
        "coordinates": [
          [
            [
              100.3307774,
              5.4231494
            ],
            [
              100.3307858,
              5.4231131
            ],
            [
              100.3307414,
              5.4231019
            ],
            [
              100.3307633,
              5.422897
            ],
            [
              100.3314072,
              5.4229736
            ],
            [
              100.3313992,
              5.4230182
            ],
            [
              100.3314074,
              5.4230206
            ],
            [
              100.3313946,
              5.4230766
            ],
            [
              100.3313341,
              5.4230659
            ],
            [
              100.3313268,
              5.4231037
            ],
            [
              100.3313967,
              5.423118
            ],
            [
              100.3313789,
              5.4231761
            ],
            [
              100.3313233,
              5.4231714
            ],
            [
              100.3313592,
              5.4232239
            ],
            [
              100.3313153,
              5.4232479
            ],
            [
              100.3312904,
              5.4232135
            ],
            [
              100.3312871,
              5.4232386
            ],
            [
              100.3312824,
              5.4232586
            ],
            [
              100.3312176,
              5.4232473
            ],
            [
              100.3312233,
              5.4232228
            ],
            [
              100.3312104,
              5.4232177
            ],
            [
              100.3312415,
              5.4230708
            ],
            [
              100.3311865,
              5.4230577
            ],
            [
              100.3311472,
              5.4231999
            ],
            [
              100.3311076,
              5.4231961
            ],
            [
              100.3310991,
              5.4232418
            ],
            [
              100.3310258,
              5.4232266
            ],
            [
              100.3310335,
              5.4231795
            ],
            [
              100.3309894,
              5.423168
            ],
            [
              100.3310108,
              5.4230797
            ],
            [
              100.3309778,
              5.4230739
            ],
            [
              100.3309582,
              5.4231502
            ],
            [
              100.3309035,
              5.4231369
            ],
            [
              100.3308909,
              5.423172
            ],
            [
              100.3307774,
              5.4231494
            ]
          ]
        ]
      },
      "id": "way/268533555"
    },
    {
      "type": "Feature",
      "properties": {
        "@id": "way/268561996",
        "amenity": "restaurant",
        "building": "yes",
        "cuisine": "regional",
        "name": "Kedai Kopi Tew Chik Nasi Ayam Hainan",
        "name:en": "Tew Chik Coffee Shop Hainan Chicken Rice"
      },
      "geometry": {
        "type": "Polygon",
        "coordinates": [
          [
            [
              100.3355131,
              5.4190013
            ],
            [
              100.3354217,
              5.4187939
            ],
            [
              100.3355045,
              5.4187599
            ],
            [
              100.33551,
              5.4187721
            ],
            [
              100.3355871,
              5.4189799
            ],
            [
              100.3355131,
              5.4190013
            ]
          ]
        ]
      },
      "id": "way/268561996"
    },
    {
      "type": "Feature",
      "properties": {
        "@id": "way/268840063",
        "addr:postcode": "10300",
        "addr:street": "Pengkalan Weld",
        "amenity": "restaurant",
        "building": "yes",
        "name": "The Pinn",
        "name:zh": "老品",
        "phone": "+60127614316"
      },
      "geometry": {
        "type": "Polygon",
        "coordinates": [
          [
            [
              100.3371885,
              5.4119496
            ],
            [
              100.3372779,
              5.4118282
            ],
            [
              100.3374039,
              5.4118889
            ],
            [
              100.3373023,
              5.4120164
            ],
            [
              100.3372892,
              5.4120087
            ],
            [
              100.3372374,
              5.4120728
            ],
            [
              100.3371666,
              5.4120199
            ],
            [
              100.3372129,
              5.4119639
            ],
            [
              100.3371885,
              5.4119496
            ]
          ]
        ]
      },
      "id": "way/268840063"
    },
    {
      "type": "Feature",
      "properties": {
        "@id": "way/269753525",
        "amenity": "restaurant",
        "building": "yes",
        "name": "Old Winston",
        "name:en": "Old Winston",
        "name:zh": "老金鹰茶园",
        "name:zh-Hans": "老金鹰茶园",
        "name:zh-Hant": "老金鷹茶園"
      },
      "geometry": {
        "type": "Polygon",
        "coordinates": [
          [
            [
              100.3230943,
              5.4190768
            ],
            [
              100.3229491,
              5.418837
            ],
            [
              100.3232218,
              5.4186733
            ],
            [
              100.3233671,
              5.418913
            ],
            [
              100.3230943,
              5.4190768
            ]
          ]
        ]
      },
      "id": "way/269753525"
    },
    {
      "type": "Feature",
      "properties": {
        "@id": "way/269778923",
        "addr:housenumber": "33",
        "addr:postcode": "10400",
        "addr:street": "Lorong Madras",
        "amenity": "restaurant",
        "building": "yes",
        "diet:vegetarian": "yes",
        "name": "Luk Yea Yan Vegetarian Restaurant",
        "name:en": "Luk Yea Yan Vegetarian Restaurant",
        "opening_hours": "Th-Tu 07:30-15:30, 17:30-21:30; We 00:00-24:00",
        "phone": "+60 42281148"
      },
      "geometry": {
        "type": "Polygon",
        "coordinates": [
          [
            [
              100.3271538,
              5.4170923
            ],
            [
              100.3270324,
              5.4171685
            ],
            [
              100.32701,
              5.4171767
            ],
            [
              100.3269895,
              5.4171685
            ],
            [
              100.3269768,
              5.417155
            ],
            [
              100.3269391,
              5.4171032
            ],
            [
              100.3270453,
              5.4170271
            ],
            [
              100.3270847,
              5.4170893
            ],
            [
              100.3271328,
              5.4170591
            ],
            [
              100.3271538,
              5.4170923
            ]
          ]
        ]
      },
      "id": "way/269778923"
    },
    {
      "type": "Feature",
      "properties": {
        "@id": "way/269780902",
        "amenity": "restaurant",
        "building": "yes",
        "name": "Restoran Zim Sum",
        "name:ms": "Restoran Zim Sum",
        "name:zh": "点心之家",
        "name:zh-Hans": "点心之家",
        "name:zh-Hant": "點心之家",
        "opening_hours": "Mo, We-Su 06:30-13:30"
      },
      "geometry": {
        "type": "Polygon",
        "coordinates": [
          [
            [
              100.3272454,
              5.4153383
            ],
            [
              100.3270755,
              5.4151423
            ],
            [
              100.3270564,
              5.4151527
            ],
            [
              100.3269561,
              5.4150037
            ],
            [
              100.3271143,
              5.414918
            ],
            [
              100.327128,
              5.4149417
            ],
            [
              100.3273445,
              5.4153064
            ],
            [
              100.327284,
              5.4153349
            ],
            [
              100.3272454,
              5.4153383
            ]
          ]
        ]
      },
      "id": "way/269780902"
    },
    {
      "type": "Feature",
      "properties": {
        "@id": "way/269780903",
        "amenity": "restaurant",
        "building": "yes",
        "name": "Restoran De Happy Seafood",
        "name:ms": "Restoran De Happy Seafood",
        "name:zh": "快乐海鲜",
        "name:zh-Hans": "快乐海鲜",
        "name:zh-Hant": "快樂海鮮"
      },
      "geometry": {
        "type": "Polygon",
        "coordinates": [
          [
            [
              100.3273445,
              5.4153064
            ],
            [
              100.327128,
              5.4149417
            ],
            [
              100.3272294,
              5.4148828
            ],
            [
              100.3272689,
              5.4149466
            ],
            [
              100.3274541,
              5.4152474
            ],
            [
              100.3273445,
              5.4153064
            ]
          ]
        ]
      },
      "id": "way/269780903"
    },
    {
      "type": "Feature",
      "properties": {
        "@id": "way/269780923",
        "amenity": "restaurant",
        "building": "house",
        "name": "Rain Garden",
        "name:en": "Rain Garden"
      },
      "geometry": {
        "type": "Polygon",
        "coordinates": [
          [
            [
              100.3293287,
              5.417176
            ],
            [
              100.3292349,
              5.4170466
            ],
            [
              100.3291707,
              5.416958
            ],
            [
              100.3292601,
              5.4168938
            ],
            [
              100.3293144,
              5.4169687
            ],
            [
              100.3294181,
              5.4171118
            ],
            [
              100.3293287,
              5.417176
            ]
          ]
        ]
      },
      "id": "way/269780923"
    },
    {
      "type": "Feature",
      "properties": {
        "@id": "way/270788737",
        "amenity": "restaurant",
        "building": "yes",
        "cuisine": "seafood",
        "name": "Oriental Seafood",
        "name:en": "Oriental Seafood",
        "name:zh": "东方海鲜坊"
      },
      "geometry": {
        "type": "Polygon",
        "coordinates": [
          [
            [
              100.3087318,
              5.4416246
            ],
            [
              100.3087746,
              5.4414918
            ],
            [
              100.3088294,
              5.4415093
            ],
            [
              100.308863,
              5.4414054
            ],
            [
              100.3089787,
              5.4414423
            ],
            [
              100.3089441,
              5.4415499
            ],
            [
              100.3091503,
              5.4416158
            ],
            [
              100.3091087,
              5.441745
            ],
            [
              100.3087318,
              5.4416246
            ]
          ]
        ]
      },
      "id": "way/270788737"
    },
    {
      "type": "Feature",
      "properties": {
        "@id": "way/270789671",
        "amenity": "restaurant",
        "building": "yes"
      },
      "geometry": {
        "type": "Polygon",
        "coordinates": [
          [
            [
              100.3163629,
              5.4330377
            ],
            [
              100.3162993,
              5.4328684
            ],
            [
              100.3164458,
              5.4328138
            ],
            [
              100.3165094,
              5.4329832
            ],
            [
              100.3163629,
              5.4330377
            ]
          ]
        ]
      },
      "id": "way/270789671"
    },
    {
      "type": "Feature",
      "properties": {
        "@id": "way/270791031",
        "amenity": "restaurant",
        "building": "yes",
        "name": "The Shark",
        "name:zh": "大百鲨"
      },
      "geometry": {
        "type": "Polygon",
        "coordinates": [
          [
            [
              100.3161368,
              5.4284052
            ],
            [
              100.3160874,
              5.4283114
            ],
            [
              100.3160197,
              5.4283455
            ],
            [
              100.3158961,
              5.4281025
            ],
            [
              100.3158578,
              5.4281259
            ],
            [
              100.3157239,
              5.4278679
            ],
            [
              100.3159941,
              5.4277205
            ],
            [
              100.3161119,
              5.4279346
            ],
            [
              100.3161411,
              5.4279198
            ],
            [
              100.3163544,
              5.4282996
            ],
            [
              100.3161368,
              5.4284052
            ]
          ]
        ]
      },
      "id": "way/270791031"
    },
    {
      "type": "Feature",
      "properties": {
        "@id": "way/271040591",
        "amenity": "restaurant",
        "building": "yes"
      },
      "geometry": {
        "type": "Polygon",
        "coordinates": [
          [
            [
              100.3023238,
              5.4494123
            ],
            [
              100.3023211,
              5.4492948
            ],
            [
              100.3024874,
              5.4492868
            ],
            [
              100.3024847,
              5.4493615
            ],
            [
              100.3023238,
              5.4494123
            ]
          ]
        ]
      },
      "id": "way/271040591"
    },
    {
      "type": "Feature",
      "properties": {
        "@id": "way/271040606",
        "amenity": "restaurant",
        "building": "yes",
        "name": "Tapak Penjaja Sementara Jalan Halia"
      },
      "geometry": {
        "type": "Polygon",
        "coordinates": [
          [
            [
              100.3020823,
              5.4507929
            ],
            [
              100.3020489,
              5.450794
            ],
            [
              100.3020221,
              5.449979
            ],
            [
              100.3020555,
              5.4499779
            ],
            [
              100.3020823,
              5.4507929
            ]
          ]
        ]
      },
      "id": "way/271040606"
    },
    {
      "type": "Feature",
      "properties": {
        "@id": "way/271046688",
        "air_conditioning": "no",
        "alt_name": "previously Shen Fu",
        "amenity": "restaurant",
        "building": "yes",
        "name": "33 Best Food Hub",
        "source": "local knowledge",
        "toilets": "yes"
      },
      "geometry": {
        "type": "Polygon",
        "coordinates": [
          [
            [
              100.3061262,
              5.4523431
            ],
            [
              100.3060543,
              5.4520117
            ],
            [
              100.3061072,
              5.4520003
            ],
            [
              100.3061305,
              5.4521076
            ],
            [
              100.3063372,
              5.4520632
            ],
            [
              100.3063458,
              5.4521027
            ],
            [
              100.3063826,
              5.4520973
            ],
            [
              100.3064119,
              5.4522799
            ],
            [
              100.3061262,
              5.4523431
            ]
          ]
        ]
      },
      "id": "way/271046688"
    },
    {
      "type": "Feature",
      "properties": {
        "@id": "way/274724243",
        "amenity": "restaurant",
        "building": "yes",
        "name": "Astaka Bukit Gedung"
      },
      "geometry": {
        "type": "Polygon",
        "coordinates": [
          [
            [
              100.2839014,
              5.3159813
            ],
            [
              100.2833522,
              5.3161338
            ],
            [
              100.2832948,
              5.3159286
            ],
            [
              100.283844,
              5.3157762
            ],
            [
              100.2839014,
              5.3159813
            ]
          ]
        ]
      },
      "id": "way/274724243"
    },
    {
      "type": "Feature",
      "properties": {
        "@id": "way/275432631",
        "amenity": "restaurant",
        "building": "yes",
        "name": "Astaka Jalan Akuarium",
        "name:ms": "Astaka Jalan Akuarium"
      },
      "geometry": {
        "type": "Polygon",
        "coordinates": [
          [
            [
              100.3096107,
              5.3727235
            ],
            [
              100.3094905,
              5.3726535
            ],
            [
              100.3097667,
              5.3721837
            ],
            [
              100.3098867,
              5.3722537
            ],
            [
              100.3096107,
              5.3727235
            ]
          ]
        ]
      },
      "id": "way/275432631"
    },
    {
      "type": "Feature",
      "properties": {
        "@id": "way/275631928",
        "addr:city": "Batu Ferringhi",
        "addr:housenumber": "110-1A & 1B",
        "addr:postcode": "11100",
        "addr:street": "Jalan Batu Ferringgi",
        "air_conditioning": "yes",
        "amenity": "restaurant",
        "brand": "Lebanon Restaurant",
        "building": "yes",
        "cuisine": "lebanese;middle_eastern;arabic",
        "name": "The Grand Lebanon, Batu Ferringhi",
        "name:en": "The Grand Lebanon, Batu Ferringhi",
        "opening_hours": "Mo-Su 12:00-22:00",
        "phone": "+604-881 3228",
        "start_date": "2020-02-22",
        "website": "https://lebanonrestaurant.com.my/"
      },
      "geometry": {
        "type": "Polygon",
        "coordinates": [
          [
            [
              100.2441313,
              5.4692588
            ],
            [
              100.2442163,
              5.4693695
            ],
            [
              100.2442197,
              5.4693785
            ],
            [
              100.2442183,
              5.4693868
            ],
            [
              100.2442122,
              5.469393
            ],
            [
              100.2442033,
              5.4693969
            ],
            [
              100.2440786,
              5.4694091
            ],
            [
              100.2439812,
              5.4693333
            ],
            [
              100.2438645,
              5.4691725
            ],
            [
              100.2438574,
              5.4691544
            ],
            [
              100.2438634,
              5.4691386
            ],
            [
              100.2438782,
              5.4691277
            ],
            [
              100.2438953,
              5.469126
            ],
            [
              100.2440106,
              5.4691734
            ],
            [
              100.2441313,
              5.4692588
            ]
          ]
        ]
      },
      "id": "way/275631928"
    },
    {
      "type": "Feature",
      "properties": {
        "@id": "way/275658856",
        "amenity": "restaurant",
        "building": "yes",
        "name": "Pang (Hainan) Seafood"
      },
      "geometry": {
        "type": "Polygon",
        "coordinates": [
          [
            [
              100.3032504,
              5.4626496
            ],
            [
              100.3030826,
              5.4626917
            ],
            [
              100.3030345,
              5.4625016
            ],
            [
              100.3032022,
              5.4624595
            ],
            [
              100.3032504,
              5.4626496
            ]
          ]
        ]
      },
      "id": "way/275658856"
    },
    {
      "type": "Feature",
      "properties": {
        "@id": "way/275658871",
        "addr:street": "Jalan C M Hashim",
        "amenity": "restaurant",
        "building": "yes",
        "name": "VIVA Local Food Haven",
        "name:zh": "东城饮食中心",
        "opening_hours": "Mo-Su 17:00-00:00"
      },
      "geometry": {
        "type": "Polygon",
        "coordinates": [
          [
            [
              100.3051922,
              5.4632309
            ],
            [
              100.3049516,
              5.4632288
            ],
            [
              100.3049556,
              5.462763
            ],
            [
              100.305197,
              5.4626775
            ],
            [
              100.3051922,
              5.4632309
            ]
          ]
        ]
      },
      "id": "way/275658871"
    },
    {
      "type": "Feature",
      "properties": {
        "@id": "way/275665240",
        "amenity": "restaurant",
        "building": "yes"
      },
      "geometry": {
        "type": "Polygon",
        "coordinates": [
          [
            [
              100.3067083,
              5.4551237
            ],
            [
              100.3065813,
              5.4551368
            ],
            [
              100.3065443,
              5.4547817
            ],
            [
              100.3066714,
              5.4547686
            ],
            [
              100.3067083,
              5.4551237
            ]
          ]
        ]
      },
      "id": "way/275665240"
    },
    {
      "type": "Feature",
      "properties": {
        "@id": "way/275871545",
        "amenity": "restaurant",
        "building": "yes"
      },
      "geometry": {
        "type": "Polygon",
        "coordinates": [
          [
            [
              100.3070034,
              5.4411197
            ],
            [
              100.3069678,
              5.4409926
            ],
            [
              100.3070416,
              5.4409981
            ],
            [
              100.3070595,
              5.441063
            ],
            [
              100.3070034,
              5.4411197
            ]
          ]
        ]
      },
      "id": "way/275871545"
    },
    {
      "type": "Feature",
      "properties": {
        "@id": "way/276166609",
        "amenity": "restaurant",
        "building": "yes",
        "cuisine": "chinese",
        "internet_access": "wlan"
      },
      "geometry": {
        "type": "Polygon",
        "coordinates": [
          [
            [
              100.3160792,
              5.4332198
            ],
            [
              100.3158105,
              5.4326365
            ],
            [
              100.3159016,
              5.432595
            ],
            [
              100.3161703,
              5.4331782
            ],
            [
              100.3160792,
              5.4332198
            ]
          ]
        ]
      },
      "id": "way/276166609"
    },
    {
      "type": "Feature",
      "properties": {
        "@id": "way/276457907",
        "amenity": "restaurant",
        "building": "yes",
        "name": "Restoran Farsal",
        "name:ms": "Restoran Farsal"
      },
      "geometry": {
        "type": "Polygon",
        "coordinates": [
          [
            [
              100.3104893,
              5.4153345
            ],
            [
              100.3101694,
              5.4154796
            ],
            [
              100.3100827,
              5.4152693
            ],
            [
              100.3104167,
              5.41517
            ],
            [
              100.3104893,
              5.4153345
            ]
          ]
        ]
      },
      "id": "way/276457907"
    },
    {
      "type": "Feature",
      "properties": {
        "@id": "way/276666063",
        "amenity": "restaurant",
        "building": "yes",
        "name": "Nam Sua Kopitiam"
      },
      "geometry": {
        "type": "Polygon",
        "coordinates": [
          [
            [
              100.2751518,
              5.3774712
            ],
            [
              100.2750201,
              5.3774917
            ],
            [
              100.2749616,
              5.3774513
            ],
            [
              100.2751186,
              5.377158
            ],
            [
              100.2752784,
              5.3772362
            ],
            [
              100.2751518,
              5.3774712
            ]
          ]
        ]
      },
      "id": "way/276666063"
    },
    {
      "type": "Feature",
      "properties": {
        "@id": "way/277748254",
        "addr:city": "George Town",
        "addr:housenumber": "123",
        "addr:postcode": "11600",
        "addr:street": "Jalan Masjid Negeri",
        "amenity": "restaurant",
        "building": "yes",
        "contact:facebook": "https://www.facebook.com/Hanzo.pg/",
        "cuisine": "japanese",
        "delivery": "yes",
        "name": "Hanzo Japanese Restaurant",
        "name:en": "Hanzo Japanese Restaurant",
        "opening_hours": "Mo, We-Su 10:30-21:00",
        "payment:credit_cards": "yes",
        "payment:debit_cards": "yes",
        "payment:nfc_mobile_payments": "yes",
        "phone": "0166196997",
        "reservation": "yes",
        "takeaway": "yes",
        "toilets": "yes",
        "website": "https://www.facebook.com/Hanzo.pg/"
      },
      "geometry": {
        "type": "Polygon",
        "coordinates": [
          [
            [
              100.3038486,
              5.405783
            ],
            [
              100.3037882,
              5.4057279
            ],
            [
              100.3037418,
              5.4056827
            ],
            [
              100.303706,
              5.4056505
            ],
            [
              100.3037396,
              5.4056146
            ],
            [
              100.3038822,
              5.4057471
            ],
            [
              100.3038486,
              5.405783
            ]
          ]
        ]
      },
      "id": "way/277748254"
    },
    {
      "type": "Feature",
      "properties": {
        "@id": "way/277962518",
        "amenity": "restaurant",
        "building": "yes",
        "name": "Tomyam Udang"
      },
      "geometry": {
        "type": "Polygon",
        "coordinates": [
          [
            [
              100.3109194,
              5.3859634
            ],
            [
              100.3109473,
              5.3858128
            ],
            [
              100.3111087,
              5.3858424
            ],
            [
              100.3110808,
              5.385993
            ],
            [
              100.3109194,
              5.3859634
            ]
          ]
        ]
      },
      "id": "way/277962518"
    },
    {
      "type": "Feature",
      "properties": {
        "@id": "way/277976039",
        "amenity": "restaurant",
        "building": "terrace",
        "cuisine": "chinese;korean",
        "diet:spicy": "yes",
        "name": "Smell and Spicy Food Restaurant",
        "name:en": "Smell and Spicy Food Restaurant",
        "name:zh": "吃香喝辣",
        "name:zh-Hans": "吃香喝辣",
        "name:zh-Hant": "吃香喝辣"
      },
      "geometry": {
        "type": "Polygon",
        "coordinates": [
          [
            [
              100.3134976,
              5.3918865
            ],
            [
              100.3134655,
              5.3917721
            ],
            [
              100.3136207,
              5.3916648
            ],
            [
              100.3136883,
              5.3917482
            ],
            [
              100.3134976,
              5.3918865
            ]
          ]
        ]
      },
      "id": "way/277976039"
    },
    {
      "type": "Feature",
      "properties": {
        "@id": "way/277983883",
        "amenity": "restaurant",
        "name": "Kedai Minuman Khim 88",
        "name:zh-Hans": "鑫88茶室"
      },
      "geometry": {
        "type": "Polygon",
        "coordinates": [
          [
            [
              100.3075062,
              5.3962575
            ],
            [
              100.3072984,
              5.3962886
            ],
            [
              100.3072742,
              5.3962921
            ],
            [
              100.3072383,
              5.3960985
            ],
            [
              100.3072228,
              5.3960152
            ],
            [
              100.3074387,
              5.395991
            ],
            [
              100.3074753,
              5.3959869
            ],
            [
              100.3075062,
              5.3962575
            ]
          ]
        ]
      },
      "id": "way/277983883"
    },
    {
      "type": "Feature",
      "properties": {
        "@id": "way/277986709",
        "amenity": "restaurant",
        "building": "yes",
        "building:levels": "1"
      },
      "geometry": {
        "type": "Polygon",
        "coordinates": [
          [
            [
              100.3136824,
              5.3999409
            ],
            [
              100.3136815,
              5.3996397
            ],
            [
              100.3141401,
              5.3996383
            ],
            [
              100.314141,
              5.3999395
            ],
            [
              100.3138159,
              5.3999405
            ],
            [
              100.3136824,
              5.3999409
            ]
          ]
        ]
      },
      "id": "way/277986709"
    },
    {
      "type": "Feature",
      "properties": {
        "@id": "way/277986723",
        "amenity": "restaurant",
        "building": "yes",
        "name": "Green Garden YSL Food Court"
      },
      "geometry": {
        "type": "Polygon",
        "coordinates": [
          [
            [
              100.3115862,
              5.3988202
            ],
            [
              100.3115542,
              5.3985167
            ],
            [
              100.3116634,
              5.398477
            ],
            [
              100.3116983,
              5.3988085
            ],
            [
              100.3115862,
              5.3988202
            ]
          ]
        ]
      },
      "id": "way/277986723"
    },
    {
      "type": "Feature",
      "properties": {
        "@id": "way/280690317",
        "amenity": "restaurant",
        "building": "yes"
      },
      "geometry": {
        "type": "Polygon",
        "coordinates": [
          [
            [
              100.3986592,
              5.4021882
            ],
            [
              100.3985663,
              5.4019857
            ],
            [
              100.398841,
              5.4019328
            ],
            [
              100.3988845,
              5.4021567
            ],
            [
              100.3988274,
              5.4021677
            ],
            [
              100.3988348,
              5.4022059
            ],
            [
              100.3987408,
              5.402224
            ],
            [
              100.3986592,
              5.4021882
            ]
          ]
        ]
      },
      "id": "way/280690317"
    },
    {
      "type": "Feature",
      "properties": {
        "@id": "way/282460435",
        "amenity": "restaurant",
        "building": "yes",
        "cuisine": "malaysian",
        "diet:halal": "yes",
        "name": "Restoran Nur al-Din"
      },
      "geometry": {
        "type": "Polygon",
        "coordinates": [
          [
            [
              100.413221,
              5.4109178
            ],
            [
              100.4132351,
              5.4108643
            ],
            [
              100.4132672,
              5.4108119
            ],
            [
              100.4134127,
              5.4108027
            ],
            [
              100.413365,
              5.4109607
            ],
            [
              100.413221,
              5.4109178
            ]
          ]
        ]
      },
      "id": "way/282460435"
    },
    {
      "type": "Feature",
      "properties": {
        "@id": "way/293166305",
        "addr:city": "George Town",
        "addr:housenumber": "33",
        "addr:postcode": "10200",
        "addr:street": "Lebuh Farquhar",
        "alt_name": "SO-OD Bar",
        "alt_name:en": "SO-OD Bar",
        "amenity": "restaurant",
        "building": "bungalow",
        "building:levels": "2",
        "cuisine": "thai;fusion;modern",
        "name": "SOOD by Chef Ton",
        "name:en": "SOOD by Chef Ton",
        "phone": "+60198982131",
        "website": "https://www.soodsogood.com/"
      },
      "geometry": {
        "type": "Polygon",
        "coordinates": [
          [
            [
              100.3346275,
              5.4231384
            ],
            [
              100.3345663,
              5.4229741
            ],
            [
              100.334697,
              5.4229259
            ],
            [
              100.3347585,
              5.4230912
            ],
            [
              100.3347244,
              5.4231038
            ],
            [
              100.3347438,
              5.4231559
            ],
            [
              100.3346857,
              5.4231773
            ],
            [
              100.334666,
              5.4231242
            ],
            [
              100.3346275,
              5.4231384
            ]
          ]
        ]
      },
      "id": "way/293166305"
    },
    {
      "type": "Feature",
      "properties": {
        "@id": "way/383463917",
        "amenity": "restaurant",
        "building": "yes",
        "cuisine": "fish;seafood",
        "name": "Restoran Terapung Juru"
      },
      "geometry": {
        "type": "Polygon",
        "coordinates": [
          [
            [
              100.4150068,
              5.3046308
            ],
            [
              100.4151555,
              5.3046455
            ],
            [
              100.4151128,
              5.3050733
            ],
            [
              100.4149641,
              5.3050586
            ],
            [
              100.4150068,
              5.3046308
            ]
          ]
        ]
      },
      "id": "way/383463917"
    },
    {
      "type": "Feature",
      "properties": {
        "@id": "way/385078141",
        "amenity": "restaurant",
        "building": "yes",
        "name": "De Pauh Garden"
      },
      "geometry": {
        "type": "Polygon",
        "coordinates": [
          [
            [
              100.422347,
              5.370992
            ],
            [
              100.4225418,
              5.3710001
            ],
            [
              100.4225333,
              5.3712027
            ],
            [
              100.4225246,
              5.3712789
            ],
            [
              100.4224847,
              5.3713373
            ],
            [
              100.4223361,
              5.3713863
            ],
            [
              100.4222213,
              5.3714403
            ],
            [
              100.4221709,
              5.3713339
            ],
            [
              100.4222857,
              5.37128
            ],
            [
              100.4223117,
              5.3711935
            ],
            [
              100.4223196,
              5.3710043
            ],
            [
              100.4222882,
              5.3710029
            ],
            [
              100.4222929,
              5.3708987
            ],
            [
              100.4223511,
              5.3709013
            ],
            [
              100.422347,
              5.370992
            ]
          ]
        ]
      },
      "id": "way/385078141"
    },
    {
      "type": "Feature",
      "properties": {
        "@id": "way/385221658",
        "addr:city": "Bukit Mertajam",
        "addr:housenumber": "2",
        "addr:postcode": "14000",
        "addr:street": "Lorong Seri Impian 1",
        "amenity": "restaurant",
        "building": "commercial",
        "building:levels": "2",
        "cuisine": "sushi",
        "name": "Sushi Ya",
        "old_name": "Kedai Makanan dan Minuman Wo Wen Tian",
        "old_name:zh": "我问天咖啡店"
      },
      "geometry": {
        "type": "Polygon",
        "coordinates": [
          [
            [
              100.4781411,
              5.3169509
            ],
            [
              100.4780252,
              5.3169783
            ],
            [
              100.4779854,
              5.3169325
            ],
            [
              100.4780255,
              5.3168032
            ],
            [
              100.4781022,
              5.3167857
            ],
            [
              100.4781411,
              5.3169509
            ]
          ]
        ]
      },
      "id": "way/385221658"
    },
    {
      "type": "Feature",
      "properties": {
        "@id": "way/401329646",
        "amenity": "restaurant",
        "building": "yes",
        "building:levels": "2",
        "contact:facebook": "https://www.facebook.com/fetepg/",
        "name": "FETE at the Barn"
      },
      "geometry": {
        "type": "Polygon",
        "coordinates": [
          [
            [
              100.4768821,
              5.2481939
            ],
            [
              100.4766725,
              5.2479295
            ],
            [
              100.476801,
              5.2478285
            ],
            [
              100.4770105,
              5.248093
            ],
            [
              100.4768821,
              5.2481939
            ]
          ]
        ]
      },
      "id": "way/401329646"
    },
    {
      "type": "Feature",
      "properties": {
        "@id": "way/414887957",
        "addr:city": "Teluk Kumbar",
        "addr:housenumber": "388",
        "addr:postcode": "11910",
        "addr:street": "Jalan Gertak Sanggul",
        "amenity": "restaurant",
        "building": "yes",
        "name": "Gertak Sanggul Fishing Stage"
      },
      "geometry": {
        "type": "Polygon",
        "coordinates": [
          [
            [
              100.1912948,
              5.2831193
            ],
            [
              100.1911902,
              5.2828655
            ],
            [
              100.1912867,
              5.2828094
            ],
            [
              100.1913162,
              5.2828335
            ],
            [
              100.1914182,
              5.2830632
            ],
            [
              100.1912948,
              5.2831193
            ]
          ]
        ]
      },
      "id": "way/414887957"
    },
    {
      "type": "Feature",
      "properties": {
        "@id": "way/418304191",
        "amenity": "restaurant",
        "building": "yes",
        "name": "Insadunia Food Court",
        "name:en": "Insadunia Food Court",
        "name:zh": "娱乐世界点心城",
        "name:zh-Hans": "娱乐世界点心城",
        "name:zh-Hant": "娛樂世界點心城"
      },
      "geometry": {
        "type": "Polygon",
        "coordinates": [
          [
            [
              100.4724268,
              5.3511642
            ],
            [
              100.4724384,
              5.3504017
            ],
            [
              100.4727936,
              5.3503854
            ],
            [
              100.4728091,
              5.3509676
            ],
            [
              100.47273,
              5.3509682
            ],
            [
              100.4727319,
              5.3511755
            ],
            [
              100.4724268,
              5.3511642
            ]
          ]
        ]
      },
      "id": "way/418304191"
    },
    {
      "type": "Feature",
      "properties": {
        "@id": "way/418304247",
        "amenity": "restaurant",
        "building": "commercial",
        "cuisine": "regional;chinese;asian;local;coffee_shop;kopitiam",
        "diet:local": "yes",
        "diet:non-vegetarian": "yes",
        "name": "HONG KEE KOPITIAM @ BM",
        "name:zh": "豐记咖啡店",
        "phone": "+60164316273"
      },
      "geometry": {
        "type": "Polygon",
        "coordinates": [
          [
            [
              100.4712824,
              5.353585
            ],
            [
              100.4712187,
              5.353444
            ],
            [
              100.4716221,
              5.3532361
            ],
            [
              100.4716859,
              5.3533876
            ],
            [
              100.4714872,
              5.3534848
            ],
            [
              100.4712824,
              5.353585
            ]
          ]
        ]
      },
      "id": "way/418304247"
    },
    {
      "type": "Feature",
      "properties": {
        "@id": "way/458049541",
        "amenity": "restaurant",
        "building": "yes",
        "name": "Kompleks Penjaja Desiran Tanjung"
      },
      "geometry": {
        "type": "Polygon",
        "coordinates": [
          [
            [
              100.3085322,
              5.4523629
            ],
            [
              100.3083998,
              5.4523244
            ],
            [
              100.3084628,
              5.4521963
            ],
            [
              100.3088715,
              5.4520142
            ],
            [
              100.3089452,
              5.4521782
            ],
            [
              100.3085322,
              5.4523629
            ]
          ]
        ]
      },
      "id": "way/458049541"
    },
    {
      "type": "Feature",
      "properties": {
        "@id": "way/461933237",
        "amenity": "restaurant",
        "building": "yes",
        "name": "Medan Selera Guar Perahu"
      },
      "geometry": {
        "type": "Polygon",
        "coordinates": [
          [
            [
              100.4703463,
              5.4307075
            ],
            [
              100.4704837,
              5.430685
            ],
            [
              100.4705202,
              5.4309059
            ],
            [
              100.4703828,
              5.4309284
            ],
            [
              100.4703463,
              5.4307075
            ]
          ]
        ]
      },
      "id": "way/461933237"
    },
    {
      "type": "Feature",
      "properties": {
        "@id": "way/467219220",
        "amenity": "restaurant",
        "building": "yes",
        "cuisine": "malaysian",
        "name": "Restoran Nilam Baiduri",
        "source": "https://www.mapillary.com/app/?pKey=EZsYFIZLYM5LzEeDLgTi3L&focus=photo"
      },
      "geometry": {
        "type": "Polygon",
        "coordinates": [
          [
            [
              100.426607,
              5.3673906
            ],
            [
              100.426786,
              5.3674218
            ],
            [
              100.4267267,
              5.3674964
            ],
            [
              100.426596,
              5.3674537
            ],
            [
              100.426607,
              5.3673906
            ]
          ]
        ]
      },
      "id": "way/467219220"
    },
    {
      "type": "Feature",
      "properties": {
        "@id": "way/467625105",
        "amenity": "restaurant",
        "building": "yes",
        "cuisine": "malaysian",
        "name": "Ikan Bakar Pokok Buluh",
        "opening_hours": "Mo-Su 08:00-15:00"
      },
      "geometry": {
        "type": "Polygon",
        "coordinates": [
          [
            [
              100.4367095,
              5.4204662
            ],
            [
              100.4367716,
              5.4204821
            ],
            [
              100.4367565,
              5.4205409
            ],
            [
              100.4366946,
              5.4205251
            ],
            [
              100.4366862,
              5.4205579
            ],
            [
              100.4365698,
              5.4205282
            ],
            [
              100.4365955,
              5.4204282
            ],
            [
              100.4367117,
              5.4204578
            ],
            [
              100.4367095,
              5.4204662
            ]
          ]
        ]
      },
      "id": "way/467625105"
    },
    {
      "type": "Feature",
      "properties": {
        "@id": "way/476207291",
        "amenity": "restaurant",
        "building": "yes"
      },
      "geometry": {
        "type": "Polygon",
        "coordinates": [
          [
            [
              100.2522458,
              5.3500921
            ],
            [
              100.2521687,
              5.3500522
            ],
            [
              100.2520794,
              5.350089
            ],
            [
              100.2520332,
              5.3500216
            ],
            [
              100.252178,
              5.3499633
            ],
            [
              100.2523105,
              5.3499357
            ],
            [
              100.2523536,
              5.3499755
            ],
            [
              100.2522458,
              5.3500921
            ]
          ]
        ]
      },
      "id": "way/476207291"
    },
    {
      "type": "Feature",
      "properties": {
        "@id": "way/520548838",
        "addr:housenumber": "338",
        "addr:postcode": "11200",
        "addr:street": "Jalan Tokong Thai Pak Koong",
        "amenity": "restaurant",
        "building": "yes",
        "name": "Sea Pearl Seafood Restaurant",
        "name:en": "Sea Pearl Seafood Restaurant",
        "name:nl": "Pearl Garden Café",
        "opening_hours": "Th-Tu 11:00-22:00"
      },
      "geometry": {
        "type": "Polygon",
        "coordinates": [
          [
            [
              100.3079078,
              5.4641791
            ],
            [
              100.3078861,
              5.4640083
            ],
            [
              100.30794,
              5.4640015
            ],
            [
              100.3079616,
              5.4641723
            ],
            [
              100.3079078,
              5.4641791
            ]
          ]
        ]
      },
      "id": "way/520548838"
    },
    {
      "type": "Feature",
      "properties": {
        "@id": "way/545627224",
        "amenity": "restaurant",
        "building": "yes",
        "cuisine": "chinese",
        "diet:vegetarian": "yes",
        "name": "Ren Ci Global Village Sdn. Bhd.",
        "name:en": "Ren Ci Global Village Sdn. Bhd.",
        "name:zh": "仁慈地球村随缘素食馆/仁慈传统文化教育中心"
      },
      "geometry": {
        "type": "Polygon",
        "coordinates": [
          [
            [
              100.4460173,
              5.3686191
            ],
            [
              100.4460508,
              5.3684282
            ],
            [
              100.4463284,
              5.3683468
            ],
            [
              100.4464075,
              5.3683641
            ],
            [
              100.4463937,
              5.3684777
            ],
            [
              100.4463914,
              5.3684963
            ],
            [
              100.4463998,
              5.3685211
            ],
            [
              100.446437,
              5.3686325
            ],
            [
              100.4463485,
              5.3686205
            ],
            [
              100.4463365,
              5.3686832
            ],
            [
              100.4460173,
              5.3686191
            ]
          ]
        ]
      },
      "id": "way/545627224"
    },
    {
      "type": "Feature",
      "properties": {
        "@id": "way/587861919",
        "amenity": "restaurant",
        "building": "yes",
        "diet:vegetarian": "only",
        "name": "Sri Ananda Bahwan Restaurant (Vegetarian)",
        "name:en": "Sri Ananda Bahwan Restaurant (Vegetarian)",
        "restaurant": "Indian"
      },
      "geometry": {
        "type": "Polygon",
        "coordinates": [
          [
            [
              100.3407714,
              5.418035
            ],
            [
              100.3407405,
              5.4179876
            ],
            [
              100.3407844,
              5.4179587
            ],
            [
              100.3409609,
              5.4178453
            ],
            [
              100.3409827,
              5.417882
            ],
            [
              100.3409896,
              5.4178943
            ],
            [
              100.3407714,
              5.418035
            ]
          ]
        ]
      },
      "id": "way/587861919"
    },
    {
      "type": "Feature",
      "properties": {
        "@id": "way/588634005",
        "addr:city": "George Town",
        "addr:housenumber": "119",
        "addr:postcode": "10200",
        "addr:street": "Lebuh Penang",
        "amenity": "restaurant",
        "building": "commercial",
        "cuisine": "sri_lankan",
        "name": "KANDY - Sri Lankan Restaurant & Bar in Penang",
        "name:en": "KANDY - Sri Lankan Restaurant & Bar in Penang",
        "opening_hours": "Mo-Su 11:00-23:00",
        "phone": "+60 16-472 0021",
        "website": "https://www.facebook.com/kandypenang"
      },
      "geometry": {
        "type": "Polygon",
        "coordinates": [
          [
            [
              100.3395214,
              5.4161552
            ],
            [
              100.3394909,
              5.4161097
            ],
            [
              100.3396728,
              5.4159711
            ],
            [
              100.3397135,
              5.4160116
            ],
            [
              100.3395214,
              5.4161552
            ]
          ]
        ]
      },
      "id": "way/588634005"
    },
    {
      "type": "Feature",
      "properties": {
        "@id": "way/589002486",
        "amenity": "restaurant",
        "building": "yes"
      },
      "geometry": {
        "type": "Polygon",
        "coordinates": [
          [
            [
              100.2926481,
              5.3341993
            ],
            [
              100.2926057,
              5.3339427
            ],
            [
              100.2928204,
              5.3340473
            ],
            [
              100.2928077,
              5.3341771
            ],
            [
              100.2927511,
              5.334185
            ],
            [
              100.2926481,
              5.3341993
            ]
          ]
        ]
      },
      "id": "way/589002486"
    },
    {
      "type": "Feature",
      "properties": {
        "@id": "way/589600514",
        "amenity": "restaurant",
        "building": "yes"
      },
      "geometry": {
        "type": "Polygon",
        "coordinates": [
          [
            [
              100.3410618,
              5.4186515
            ],
            [
              100.3408324,
              5.4188036
            ],
            [
              100.3408195,
              5.4187821
            ],
            [
              100.3408068,
              5.4187635
            ],
            [
              100.3408218,
              5.4187536
            ],
            [
              100.3410098,
              5.4186288
            ],
            [
              100.3410356,
              5.4186124
            ],
            [
              100.3410618,
              5.4186515
            ]
          ]
        ]
      },
      "id": "way/589600514"
    },
    {
      "type": "Feature",
      "properties": {
        "@id": "way/593286840",
        "amenity": "restaurant",
        "building": "yes",
        "cuisine": "chinese;seafood",
        "name": "Da Shu Xia Seafood House",
        "name:ms": "Kedai Makanan Laut Weld Qay (Tree Shade)",
        "name:zh": "大树下海鲜饭店（海墘）"
      },
      "geometry": {
        "type": "Polygon",
        "coordinates": [
          [
            [
              100.3391414,
              5.4138131
            ],
            [
              100.3389829,
              5.4140546
            ],
            [
              100.3389,
              5.4139944
            ],
            [
              100.3388543,
              5.413961
            ],
            [
              100.33901,
              5.4137266
            ],
            [
              100.3391414,
              5.4138131
            ]
          ]
        ]
      },
      "id": "way/593286840"
    },
    {
      "type": "Feature",
      "properties": {
        "@id": "way/620606481",
        "amenity": "restaurant",
        "building": "yes",
        "cuisine": "malaysian",
        "name": "Amran Nasi Tak Kandar"
      },
      "geometry": {
        "type": "Polygon",
        "coordinates": [
          [
            [
              100.5071435,
              5.3303948
            ],
            [
              100.5071304,
              5.3303539
            ],
            [
              100.5073323,
              5.3302898
            ],
            [
              100.5073454,
              5.3303308
            ],
            [
              100.5071435,
              5.3303948
            ]
          ]
        ]
      },
      "id": "way/620606481"
    },
    {
      "type": "Feature",
      "properties": {
        "@id": "way/627922230",
        "amenity": "restaurant",
        "building": "yes",
        "cuisine": "chinese",
        "name": "Spring Village 春之乡",
        "name:en": "Spring Village",
        "name:zh": "春之乡"
      },
      "geometry": {
        "type": "Polygon",
        "coordinates": [
          [
            [
              100.5202857,
              5.38118
            ],
            [
              100.5203204,
              5.3810917
            ],
            [
              100.5204891,
              5.3811573
            ],
            [
              100.5204545,
              5.3812456
            ],
            [
              100.5202857,
              5.38118
            ]
          ]
        ]
      },
      "id": "way/627922230"
    },
    {
      "type": "Feature",
      "properties": {
        "@id": "way/629741072",
        "addr:city": "Bukit Mertajam",
        "addr:housenumber": "50",
        "addr:postcode": "14000",
        "addr:street": "Lorong Tembikai 1",
        "amenity": "restaurant",
        "building": "commercial",
        "building:levels": "3",
        "cuisine": "dimsum",
        "name": "Kedai Kopi Wong Chow 皇座茶餐室",
        "name:zh": "皇座茶餐室"
      },
      "geometry": {
        "type": "Polygon",
        "coordinates": [
          [
            [
              100.4482875,
              5.3580398
            ],
            [
              100.4482541,
              5.3580362
            ],
            [
              100.4482031,
              5.3579741
            ],
            [
              100.4482133,
              5.3578184
            ],
            [
              100.4483059,
              5.3578275
            ],
            [
              100.4482875,
              5.3580398
            ]
          ]
        ]
      },
      "id": "way/629741072"
    },
    {
      "type": "Feature",
      "properties": {
        "@id": "way/629741086",
        "addr:city": "Bukit Mertajam",
        "addr:postcode": "14000",
        "addr:street": "Lorong Tembikai 1",
        "amenity": "restaurant",
        "building": "commercial",
        "building:levels": "3",
        "cuisine": "chinese",
        "name": "Restoran Chao Zhou 美香味冷气鱼翅酒家",
        "name:zh": "美香味冷气鱼翅酒家"
      },
      "geometry": {
        "type": "Polygon",
        "coordinates": [
          [
            [
              100.4468899,
              5.3579108
            ],
            [
              100.4469081,
              5.357692
            ],
            [
              100.4470779,
              5.3577059
            ],
            [
              100.4470597,
              5.3579247
            ],
            [
              100.4468899,
              5.3579108
            ]
          ]
        ]
      },
      "id": "way/629741086"
    },
    {
      "type": "Feature",
      "properties": {
        "@id": "way/651715961",
        "addr:housenumber": "CP1",
        "amenity": "restaurant",
        "name": "Oh' Laksa"
      },
      "geometry": {
        "type": "Polygon",
        "coordinates": [
          [
            [
              100.4367154,
              5.2435672
            ],
            [
              100.4365205,
              5.2434312
            ],
            [
              100.4365628,
              5.243371
            ],
            [
              100.4367577,
              5.243507
            ],
            [
              100.4367154,
              5.2435672
            ]
          ]
        ]
      },
      "id": "way/651715961"
    },
    {
      "type": "Feature",
      "properties": {
        "@id": "way/657164669",
        "addr:housenumber": "59",
        "addr:street": "Jalan Sejahtera 3",
        "amenity": "restaurant",
        "building": "commercial",
        "cuisine": "malaysian",
        "name": "Nasi Kandar Akhtar"
      },
      "geometry": {
        "type": "Polygon",
        "coordinates": [
          [
            [
              100.4901851,
              5.3346578
            ],
            [
              100.4901136,
              5.3344744
            ],
            [
              100.4901784,
              5.3344477
            ],
            [
              100.4902431,
              5.3344706
            ],
            [
              100.4902923,
              5.3345969
            ],
            [
              100.4902741,
              5.3346212
            ],
            [
              100.4901851,
              5.3346578
            ]
          ]
        ]
      },
      "id": "way/657164669"
    },
    {
      "type": "Feature",
      "properties": {
        "@id": "way/659352070",
        "addr:city": "Bukit Mertajam",
        "addr:housenumber": "73",
        "addr:postcode": "14000",
        "addr:street": "Lorong Industri Alma 2",
        "amenity": "restaurant",
        "building": "commercial",
        "building:levels": "2",
        "cuisine": "chinese",
        "name": "250咖啡店"
      },
      "geometry": {
        "type": "Polygon",
        "coordinates": [
          [
            [
              100.4806322,
              5.3290105
            ],
            [
              100.4805985,
              5.3289806
            ],
            [
              100.4807787,
              5.3288864
            ],
            [
              100.4808055,
              5.3289349
            ],
            [
              100.4806413,
              5.3290336
            ],
            [
              100.4806322,
              5.3290105
            ]
          ]
        ]
      },
      "id": "way/659352070"
    },
    {
      "type": "Feature",
      "properties": {
        "@id": "way/659352072",
        "addr:city": "Bukit Mertajam",
        "addr:housenumber": "28",
        "addr:postcode": "14000",
        "addr:street": "Lorong Industri Alma 1",
        "amenity": "restaurant",
        "building": "commercial",
        "building:levels": "2",
        "cuisine": "bat_kut_teh",
        "name": "意难忘肉骨茶"
      },
      "geometry": {
        "type": "Polygon",
        "coordinates": [
          [
            [
              100.4803725,
              5.3291696
            ],
            [
              100.4803564,
              5.329124
            ],
            [
              100.4805368,
              5.329022
            ],
            [
              100.4805457,
              5.3290591
            ],
            [
              100.4805486,
              5.3290769
            ],
            [
              100.4803725,
              5.3291696
            ]
          ]
        ]
      },
      "id": "way/659352072"
    },
    {
      "type": "Feature",
      "properties": {
        "@id": "way/659352082",
        "addr:city": "Bukit Mertajam",
        "addr:housenumber": "12",
        "addr:postcode": "14000",
        "addr:street": "Lorong Industri Alma 1",
        "amenity": "restaurant",
        "building": "commercial",
        "building:levels": "2",
        "cuisine": "chinese",
        "name": "富悦楼"
      },
      "geometry": {
        "type": "Polygon",
        "coordinates": [
          [
            [
              100.4801163,
              5.328687
            ],
            [
              100.4800807,
              5.3286223
            ],
            [
              100.4802648,
              5.3285195
            ],
            [
              100.4802999,
              5.3285845
            ],
            [
              100.4801163,
              5.328687
            ]
          ]
        ]
      },
      "id": "way/659352082"
    },
    {
      "type": "Feature",
      "properties": {
        "@id": "way/664142533",
        "amenity": "restaurant",
        "building": "yes",
        "cuisine": "chinese",
        "level": "2",
        "name": "Zi Wei Yuan Steamboat 紫薇园",
        "name:zh": "紫薇园"
      },
      "geometry": {
        "type": "Polygon",
        "coordinates": [
          [
            [
              100.3868331,
              5.4391944
            ],
            [
              100.3868038,
              5.4390095
            ],
            [
              100.3868252,
              5.4389741
            ],
            [
              100.3869862,
              5.4389479
            ],
            [
              100.3870216,
              5.4391639
            ],
            [
              100.3868628,
              5.4391897
            ],
            [
              100.3868331,
              5.4391944
            ]
          ]
        ]
      },
      "id": "way/664142533"
    },
    {
      "type": "Feature",
      "properties": {
        "@id": "way/696556816",
        "addr:housenumber": "82",
        "amenity": "restaurant",
        "building": "yes",
        "cuisine": "chinese",
        "name": "Jade Palace Dim Sum Restaurant",
        "name:en": "Jade Palace Dim Sum Restaurant",
        "name:zh": "玉宫点心酒楼",
        "name:zh-Hans": "玉宫点心酒楼",
        "name:zh-Hant": "玉宮點心酒樓",
        "opening_hours:covid19": "closed"
      },
      "geometry": {
        "type": "Polygon",
        "coordinates": [
          [
            [
              100.3219711,
              5.4288784
            ],
            [
              100.321619,
              5.4283981
            ],
            [
              100.3217614,
              5.4282946
            ],
            [
              100.3221134,
              5.428775
            ],
            [
              100.3219711,
              5.4288784
            ]
          ]
        ]
      },
      "id": "way/696556816"
    },
    {
      "type": "Feature",
      "properties": {
        "@id": "way/736937443",
        "amenity": "restaurant",
        "building": "yes",
        "cuisine": "seafood",
        "name": "Restoran Al-Fathoni Seafood",
        "source": "https://openstreetcam.org/details/2309174/3457/track-info"
      },
      "geometry": {
        "type": "Polygon",
        "coordinates": [
          [
            [
              100.464592,
              5.4008929
            ],
            [
              100.46472,
              5.401003
            ],
            [
              100.4647434,
              5.4010231
            ],
            [
              100.4646899,
              5.4010847
            ],
            [
              100.4644915,
              5.400914
            ],
            [
              100.4645449,
              5.4008524
            ],
            [
              100.464592,
              5.4008929
            ]
          ]
        ]
      },
      "id": "way/736937443"
    },
    {
      "type": "Feature",
      "properties": {
        "@id": "way/762267676",
        "amenity": "restaurant",
        "building": "yes",
        "cuisine": "chinese",
        "name": "Restoran Boong Siew 文秀饮食中心",
        "name:zh": "文秀饮食中心"
      },
      "geometry": {
        "type": "Polygon",
        "coordinates": [
          [
            [
              100.4407345,
              5.3157031
            ],
            [
              100.4407423,
              5.3156698
            ],
            [
              100.4407802,
              5.3155076
            ],
            [
              100.4409052,
              5.3155365
            ],
            [
              100.4408662,
              5.3156988
            ],
            [
              100.4408581,
              5.3157325
            ],
            [
              100.4407345,
              5.3157031
            ]
          ]
        ]
      },
      "id": "way/762267676"
    },
    {
      "type": "Feature",
      "properties": {
        "@id": "way/782543519",
        "amenity": "restaurant",
        "building": "yes",
        "building:levels": "2",
        "cuisine": "chinese",
        "name": "Restoran Che Kee",
        "name:zh": "七爷车记"
      },
      "geometry": {
        "type": "Polygon",
        "coordinates": [
          [
            [
              100.4161869,
              5.3560441
            ],
            [
              100.4161383,
              5.35593
            ],
            [
              100.4162782,
              5.3558711
            ],
            [
              100.416308,
              5.3559413
            ],
            [
              100.4162413,
              5.3559694
            ],
            [
              100.41626,
              5.3560133
            ],
            [
              100.4161869,
              5.3560441
            ]
          ]
        ]
      },
      "id": "way/782543519"
    },
    {
      "type": "Feature",
      "properties": {
        "@id": "way/808277502",
        "amenity": "restaurant",
        "building": "yes",
        "cuisine": "chinese;seafood",
        "mapillary": "494407628668359",
        "name": "Kedai Makanan Laut Yee Choon",
        "name:zh": "渔村海鲜饭店"
      },
      "geometry": {
        "type": "Polygon",
        "coordinates": [
          [
            [
              100.2189799,
              5.3632002
            ],
            [
              100.2190652,
              5.3631192
            ],
            [
              100.2190993,
              5.3631548
            ],
            [
              100.2191402,
              5.3631168
            ],
            [
              100.2191822,
              5.3631616
            ],
            [
              100.2191419,
              5.3631992
            ],
            [
              100.2192054,
              5.3632654
            ],
            [
              100.2191201,
              5.3633465
            ],
            [
              100.2189799,
              5.3632002
            ]
          ]
        ]
      },
      "id": "way/808277502"
    },
    {
      "type": "Feature",
      "properties": {
        "@id": "way/808765981",
        "amenity": "restaurant",
        "building": "yes",
        "cuisine": "nasi_kandar",
        "diet:halal": "yes",
        "name": "Restoran Nasi Kandar Kamalia",
        "source": "https://www.mapillary.com/app/?pKey=2xMxYwZNU3VZP6Hm6hC4p5&focus=photo"
      },
      "geometry": {
        "type": "Polygon",
        "coordinates": [
          [
            [
              100.3836378,
              5.3864865
            ],
            [
              100.383523,
              5.3862831
            ],
            [
              100.3835372,
              5.3862751
            ],
            [
              100.383507,
              5.3862185
            ],
            [
              100.3835798,
              5.3861767
            ],
            [
              100.3835675,
              5.386154
            ],
            [
              100.3836508,
              5.3861147
            ],
            [
              100.383673,
              5.3861571
            ],
            [
              100.3836872,
              5.3861515
            ],
            [
              100.3838144,
              5.3863894
            ],
            [
              100.3836378,
              5.3864865
            ]
          ]
        ]
      },
      "id": "way/808765981"
    },
    {
      "type": "Feature",
      "properties": {
        "@id": "way/813756492",
        "amenity": "restaurant",
        "building": "yes",
        "cuisine": "chinese;seafood",
        "name": "Restoran Fenglin Seaview",
        "name:zh": "枫林海景饮食中心",
        "source": "https://www.mapillary.com/app/?pKey=I75cnjLXx1sh58Les3Cgj1&focus=photo"
      },
      "geometry": {
        "type": "Polygon",
        "coordinates": [
          [
            [
              100.3803119,
              5.4446644
            ],
            [
              100.3802912,
              5.444485
            ],
            [
              100.380457,
              5.4444484
            ],
            [
              100.3804993,
              5.4446271
            ],
            [
              100.3803119,
              5.4446644
            ]
          ]
        ]
      },
      "id": "way/813756492"
    },
    {
      "type": "Feature",
      "properties": {
        "@id": "way/833412654",
        "amenity": "restaurant",
        "building": "yes"
      },
      "geometry": {
        "type": "Polygon",
        "coordinates": [
          [
            [
              100.379261,
              5.4742667
            ],
            [
              100.3791993,
              5.4739814
            ],
            [
              100.3794245,
              5.473932
            ],
            [
              100.379479,
              5.4740837
            ],
            [
              100.3794863,
              5.4742205
            ],
            [
              100.379261,
              5.4742667
            ]
          ]
        ]
      },
      "id": "way/833412654"
    },
    {
      "type": "Feature",
      "properties": {
        "@id": "way/976552716",
        "amenity": "restaurant",
        "building": "yes",
        "name": "Nasi Kandar Line Clear",
        "name:en": "Nasi Kandar Line Clear",
        "opening_hours": "24/7"
      },
      "geometry": {
        "type": "Polygon",
        "coordinates": [
          [
            [
              100.3324097,
              5.4196739
            ],
            [
              100.3326354,
              5.4194338
            ],
            [
              100.3326659,
              5.4194815
            ],
            [
              100.3326498,
              5.4194975
            ],
            [
              100.332445,
              5.4196991
            ],
            [
              100.3324097,
              5.4196739
            ]
          ]
        ]
      },
      "id": "way/976552716"
    },
    {
      "type": "Feature",
      "properties": {
        "@id": "way/978966181",
        "addr:city": "George Town",
        "addr:housenumber": "381",
        "addr:postcode": "10200",
        "addr:street": "Lebuh Chulia",
        "air_conditioning": "yes",
        "amenity": "restaurant",
        "building": "yes",
        "check_date": "2026-02-18",
        "check_date:opening_hours": "2026-02-18",
        "cuisine": "arab",
        "delivery": "yes",
        "diet:halal": "yes",
        "diet:healthy": "yes",
        "diet:organic": "yes",
        "diet:vegetarian": "yes",
        "highchair": "yes",
        "name": "Halab Penang Arabic Restaurant",
        "name:en": "Halab Penang Arabic Restaurant",
        "opening_hours": "Mo-Su 09:00-03:00",
        "outdoor_seating": "yes",
        "payment:credit_cards": "yes",
        "payment:debit_cards": "yes",
        "payment:nfc_mobile_payments": "yes",
        "phone": "+604-251 9550",
        "reservation": "recommended",
        "self_service": "no",
        "takeaway": "yes",
        "toilets": "yes",
        "toilets:wheelchair": "yes",
        "website": "https://halab.my/",
        "wheelchair": "yes"
      },
      "geometry": {
        "type": "Polygon",
        "coordinates": [
          [
            [
              100.3355886,
              5.4185042
            ],
            [
              100.3354649,
              5.4182216
            ],
            [
              100.335447,
              5.4182292
            ],
            [
              100.3354292,
              5.4181865
            ],
            [
              100.3355408,
              5.4181365
            ],
            [
              100.3356824,
              5.4184642
            ],
            [
              100.3355886,
              5.4185042
            ]
          ]
        ]
      },
      "id": "way/978966181"
    },
    {
      "type": "Feature",
      "properties": {
        "@id": "way/981897071",
        "amenity": "restaurant",
        "building": "yes",
        "name": "Nasi Kandar Alameen Maju",
        "name:ms": "Nasi Kandar Alameen Maju"
      },
      "geometry": {
        "type": "Polygon",
        "coordinates": [
          [
            [
              100.3092541,
              5.4086822
            ],
            [
              100.3092369,
              5.4085998
            ],
            [
              100.3093773,
              5.4085707
            ],
            [
              100.3094031,
              5.4086939
            ],
            [
              100.309342,
              5.4087066
            ],
            [
              100.3093397,
              5.4086955
            ],
            [
              100.3092872,
              5.4087064
            ],
            [
              100.3092809,
              5.4086767
            ],
            [
              100.3092541,
              5.4086822
            ]
          ]
        ]
      },
      "id": "way/981897071"
    },
    {
      "type": "Feature",
      "properties": {
        "@id": "way/982386577",
        "addr:street": "Jalan Penang",
        "amenity": "restaurant",
        "building": "yes",
        "cuisine": "indian;tea;malaysian;curry",
        "diet:vegetarian": "yes",
        "name": "Jaya",
        "name:en": "Jaya",
        "opening_hours": "24/7"
      },
      "geometry": {
        "type": "Polygon",
        "coordinates": [
          [
            [
              100.3331277,
              5.4206514
            ],
            [
              100.3332078,
              5.4205845
            ],
            [
              100.333276,
              5.4206627
            ],
            [
              100.3331941,
              5.4207311
            ],
            [
              100.3331277,
              5.4206514
            ]
          ]
        ]
      },
      "id": "way/982386577"
    },
    {
      "type": "Feature",
      "properties": {
        "@id": "way/984242360",
        "amenity": "restaurant",
        "building": "yes"
      },
      "geometry": {
        "type": "Polygon",
        "coordinates": [
          [
            [
              100.3209034,
              5.3986689
            ],
            [
              100.320822,
              5.398738
            ],
            [
              100.3206944,
              5.3985702
            ],
            [
              100.3207685,
              5.3985135
            ],
            [
              100.3208086,
              5.3985614
            ],
            [
              100.3208478,
              5.3986028
            ],
            [
              100.3209034,
              5.3986689
            ]
          ]
        ]
      },
      "id": "way/984242360"
    },
    {
      "type": "Feature",
      "properties": {
        "@id": "way/985683508",
        "amenity": "restaurant",
        "building": "yes"
      },
      "geometry": {
        "type": "Polygon",
        "coordinates": [
          [
            [
              100.3139206,
              5.3918026
            ],
            [
              100.3138334,
              5.3916848
            ],
            [
              100.3139131,
              5.3916263
            ],
            [
              100.3140003,
              5.3917441
            ],
            [
              100.3139206,
              5.3918026
            ]
          ]
        ]
      },
      "id": "way/985683508"
    },
    {
      "type": "Feature",
      "properties": {
        "@id": "way/986515841",
        "amenity": "restaurant",
        "building": "yes",
        "name": "Sungai Pinang Food Court Paradise",
        "name:en": "Sungai Pinang Food Court Paradise",
        "name:zh": "槟榔河饮食中心",
        "name:zh-Hans": "槟榔河饮食中心",
        "name:zh-Hant": "檳榔河飲食中心"
      },
      "geometry": {
        "type": "Polygon",
        "coordinates": [
          [
            [
              100.3253244,
              5.3994643
            ],
            [
              100.3253229,
              5.3994063
            ],
            [
              100.3256111,
              5.399146
            ],
            [
              100.3256741,
              5.3991554
            ],
            [
              100.3257376,
              5.3992223
            ],
            [
              100.3257387,
              5.3992746
            ],
            [
              100.3257712,
              5.3992772
            ],
            [
              100.3257703,
              5.3992933
            ],
            [
              100.3257639,
              5.3993655
            ],
            [
              100.3255403,
              5.3995671
            ],
            [
              100.3255359,
              5.3995869
            ],
            [
              100.3254205,
              5.3995751
            ],
            [
              100.3253244,
              5.3994643
            ]
          ]
        ]
      },
      "id": "way/986515841"
    },
    {
      "type": "Feature",
      "properties": {
        "@id": "way/989773998",
        "amenity": "restaurant",
        "building": "yes",
        "cuisine": "chinese",
        "name": "Beng Chin Garden",
        "name:en": "Beng Chin Garden",
        "name:zh": "明津园餐室",
        "name:zh-Hans": "明津园餐室",
        "name:zh-Hant": "明津園餐室"
      },
      "geometry": {
        "type": "Polygon",
        "coordinates": [
          [
            [
              100.2768265,
              5.4019354
            ],
            [
              100.2767114,
              5.401846
            ],
            [
              100.2767951,
              5.4017391
            ],
            [
              100.2768219,
              5.4017599
            ],
            [
              100.2768624,
              5.4017082
            ],
            [
              100.2769508,
              5.4017768
            ],
            [
              100.2768265,
              5.4019354
            ]
          ]
        ]
      },
      "id": "way/989773998"
    },
    {
      "type": "Feature",
      "properties": {
        "@id": "way/993361576",
        "alt_name": "Ikan Bawal Kelapa Sawit",
        "amenity": "restaurant",
        "building": "yes",
        "cuisine": "malaysian",
        "name": "Ikan Bawal Tok Kangar"
      },
      "geometry": {
        "type": "Polygon",
        "coordinates": [
          [
            [
              100.4333103,
              5.3202392
            ],
            [
              100.4332781,
              5.3200456
            ],
            [
              100.4333507,
              5.3200336
            ],
            [
              100.4333829,
              5.3202273
            ],
            [
              100.4333103,
              5.3202392
            ]
          ]
        ]
      },
      "id": "way/993361576"
    },
    {
      "type": "Feature",
      "properties": {
        "@id": "way/1027296341",
        "amenity": "restaurant",
        "cuisine": "chinese",
        "name": "Restoran Kim Hee Sdn Bhd",
        "name:zh": "金禧楼酒家"
      },
      "geometry": {
        "type": "Polygon",
        "coordinates": [
          [
            [
              100.3991489,
              5.3972552
            ],
            [
              100.3991102,
              5.3969566
            ],
            [
              100.3993195,
              5.3969297
            ],
            [
              100.3993582,
              5.3972284
            ],
            [
              100.3991489,
              5.3972552
            ]
          ]
        ]
      },
      "id": "way/1027296341"
    },
    {
      "type": "Feature",
      "properties": {
        "@id": "way/1076993120",
        "amenity": "restaurant",
        "building": "yes",
        "name": "Idrus Ikan Bakar"
      },
      "geometry": {
        "type": "Polygon",
        "coordinates": [
          [
            [
              100.3111408,
              5.3533477
            ],
            [
              100.311226,
              5.3532867
            ],
            [
              100.311296,
              5.3533837
            ],
            [
              100.3112108,
              5.3534447
            ],
            [
              100.3111408,
              5.3533477
            ]
          ]
        ]
      },
      "id": "way/1076993120"
    },
    {
      "type": "Feature",
      "properties": {
        "@id": "way/1076993121",
        "amenity": "restaurant",
        "building": "yes",
        "name": "Nurul Ikan Bakar Special"
      },
      "geometry": {
        "type": "Polygon",
        "coordinates": [
          [
            [
              100.311347,
              5.3536781
            ],
            [
              100.311294,
              5.3535783
            ],
            [
              100.3113956,
              5.3535247
            ],
            [
              100.3114487,
              5.3536245
            ],
            [
              100.311347,
              5.3536781
            ]
          ]
        ]
      },
      "id": "way/1076993121"
    },
    {
      "type": "Feature",
      "properties": {
        "@id": "way/1077394495",
        "addr:city": "George Town",
        "addr:housenumber": "5,7",
        "addr:postcode": "10150",
        "addr:street": "Jalan Dato Keramat",
        "amenity": "restaurant",
        "building": "yes",
        "cuisine": "steak_house",
        "name": "Freakers Steak House",
        "website": "https://www.instagram.com/freakerssteakhouse/?hl=en"
      },
      "geometry": {
        "type": "Polygon",
        "coordinates": [
          [
            [
              100.3277698,
              5.4136482
            ],
            [
              100.3278375,
              5.4134684
            ],
            [
              100.3279335,
              5.4135042
            ],
            [
              100.3278658,
              5.413684
            ],
            [
              100.3277698,
              5.4136482
            ]
          ]
        ]
      },
      "id": "way/1077394495"
    },
    {
      "type": "Feature",
      "properties": {
        "@id": "way/1077496855",
        "addr:city": "Batu Ferringhi",
        "addr:housenumber": "34C",
        "addr:postcode": "11100",
        "addr:street": "Jalan Batu Ferringgi",
        "amenity": "restaurant",
        "cuisine": "western",
        "name": "Ferringhi Garden",
        "name:en": "Ferringhi Garden",
        "opening_hours": "Mo-Su 16:00-22:30",
        "outdoor_seating": "yes",
        "website": "https://www.instagram.com/ferringhigarden/?hl=en"
      },
      "geometry": {
        "type": "Polygon",
        "coordinates": [
          [
            [
              100.2448685,
              5.470825
            ],
            [
              100.2449229,
              5.4707392
            ],
            [
              100.2450826,
              5.4704955
            ],
            [
              100.2451793,
              5.4703442
            ],
            [
              100.2451753,
              5.4703383
            ],
            [
              100.2451858,
              5.4703311
            ],
            [
              100.2452313,
              5.4702694
            ],
            [
              100.2452477,
              5.4702884
            ],
            [
              100.2454052,
              5.4704953
            ],
            [
              100.2452741,
              5.4705789
            ],
            [
              100.2446587,
              5.4714771
            ],
            [
              100.2446371,
              5.4714589
            ],
            [
              100.2445165,
              5.4713573
            ],
            [
              100.2448685,
              5.470825
            ]
          ]
        ]
      },
      "id": "way/1077496855"
    },
    {
      "type": "Feature",
      "properties": {
        "@id": "way/1077496859",
        "amenity": "restaurant",
        "building": "yes",
        "cuisine": "malaysian;seafood;steak",
        "name": "Boatman Restaurant",
        "name:en": "Boatman Restaurant"
      },
      "geometry": {
        "type": "Polygon",
        "coordinates": [
          [
            [
              100.2446485,
              5.4699809
            ],
            [
              100.2447094,
              5.4698758
            ],
            [
              100.2448141,
              5.469936
            ],
            [
              100.2447855,
              5.4699853
            ],
            [
              100.2448265,
              5.4700089
            ],
            [
              100.2448203,
              5.4700196
            ],
            [
              100.2448821,
              5.4700905
            ],
            [
              100.2448201,
              5.4701447
            ],
            [
              100.2447694,
              5.4700871
            ],
            [
              100.2447586,
              5.4700941
            ],
            [
              100.2447307,
              5.4700607
            ],
            [
              100.2447446,
              5.4700361
            ],
            [
              100.2446485,
              5.4699809
            ]
          ]
        ]
      },
      "id": "way/1077496859"
    },
    {
      "type": "Feature",
      "properties": {
        "@id": "way/1078564134",
        "amenity": "restaurant",
        "building": "yes",
        "building:levels": "2",
        "cuisine": "chicken",
        "name": "Wen Chang Hainan Chicken Rice",
        "name:en": "Wen Chang Hainan Chicken Rice",
        "name:zh": "文昌海南鸡饭",
        "name:zh-Hans": "文昌海南鸡饭",
        "name:zh-Hant": "文昌海南雞飯"
      },
      "geometry": {
        "type": "Polygon",
        "coordinates": [
          [
            [
              100.3334823,
              5.4172229
            ],
            [
              100.3335139,
              5.4172639
            ],
            [
              100.3333183,
              5.4173872
            ],
            [
              100.3332924,
              5.4173439
            ],
            [
              100.3334823,
              5.4172229
            ]
          ]
        ]
      },
      "id": "way/1078564134"
    },
    {
      "type": "Feature",
      "properties": {
        "@id": "way/1078564142",
        "addr:city": "George Town",
        "addr:housenumber": "45",
        "addr:postcode": "10100",
        "addr:street": "Lebuh Cintra",
        "amenity": "restaurant",
        "building": "terrace",
        "building:levels": "2",
        "cuisine": "chinese;dim_sum;seafood",
        "name": "Tai Tong Restaurant",
        "name:en": "Tai Tong Restaurant",
        "name:zh": "大东酒楼",
        "name:zh-Hans": "大东酒楼",
        "name:zh-Hant": "大東酒樓",
        "opening_hours": "Mo-Su 06:00-00:00",
        "phone": "+604-263 6625",
        "website": "https://maxim.com.my/en/tai-tong/"
      },
      "geometry": {
        "type": "Polygon",
        "coordinates": [
          [
            [
              100.333784,
              5.417614
            ],
            [
              100.3335293,
              5.41774
            ],
            [
              100.3335084,
              5.417705
            ],
            [
              100.3337451,
              5.4175635
            ],
            [
              100.333784,
              5.417614
            ]
          ]
        ]
      },
      "id": "way/1078564142"
    },
    {
      "type": "Feature",
      "properties": {
        "@id": "way/1078569926",
        "addr:city": "George Town",
        "addr:housenumber": "153 & 155",
        "addr:postcode": "10300",
        "addr:street": "Lebuh Pantai",
        "amenity": "restaurant",
        "cuisine": "malaysian",
        "name": "China House",
        "name:ja": "チャイナハウス",
        "name:zh": "唐人厝",
        "opening_hours": "Mo-Su 09:00-01:00",
        "source": "survey",
        "source:location": "extrapolation",
        "website": "https://www.chinahouse.com.my/"
      },
      "geometry": {
        "type": "Polygon",
        "coordinates": [
          [
            [
              100.3390611,
              5.4144203
            ],
            [
              100.3390279,
              5.4144704
            ],
            [
              100.3387902,
              5.4148294
            ],
            [
              100.3387623,
              5.414811
            ],
            [
              100.338731,
              5.4147905
            ],
            [
              100.3390021,
              5.4143815
            ],
            [
              100.3391374,
              5.4141393
            ],
            [
              100.3391478,
              5.4141232
            ],
            [
              100.3392902,
              5.4139034
            ],
            [
              100.3393224,
              5.4139241
            ],
            [
              100.3393545,
              5.4139447
            ],
            [
              100.3392018,
              5.4141806
            ],
            [
              100.3390611,
              5.4144203
            ]
          ]
        ]
      },
      "id": "way/1078569926"
    },
    {
      "type": "Feature",
      "properties": {
        "@id": "way/1079253087",
        "addr:street": "Lebuh Carnarvon",
        "amenity": "restaurant",
        "building": "terrace",
        "building:levels": "2",
        "cuisine": "noodle",
        "name": "Pitt Street Koay Teow Soup",
        "name:en": "Pitt Street Koay Teow Soup",
        "name:zh": "椰脚粿条汤",
        "name:zh-Hans": "椰脚粿条汤",
        "name:zh-Hant": "椰腳粿條湯",
        "opening_hours": "Mo-Su 08:00-14:00",
        "phone": "+60174793208"
      },
      "geometry": {
        "type": "Polygon",
        "coordinates": [
          [
            [
              100.3339295,
              5.414482
            ],
            [
              100.3340162,
              5.414362
            ],
            [
              100.3341133,
              5.4142276
            ],
            [
              100.3341473,
              5.4142524
            ],
            [
              100.3339651,
              5.4145057
            ],
            [
              100.3339295,
              5.414482
            ]
          ]
        ]
      },
      "id": "way/1079253087"
    },
    {
      "type": "Feature",
      "properties": {
        "@id": "way/1087934281",
        "amenity": "restaurant",
        "building": "yes",
        "name": "itchymummum"
      },
      "geometry": {
        "type": "Polygon",
        "coordinates": [
          [
            [
              100.4763984,
              5.2715539
            ],
            [
              100.4763954,
              5.2714758
            ],
            [
              100.4764668,
              5.2714731
            ],
            [
              100.4764698,
              5.2715512
            ],
            [
              100.4763984,
              5.2715539
            ]
          ]
        ]
      },
      "id": "way/1087934281"
    },
    {
      "type": "Feature",
      "properties": {
        "@id": "way/1151594863",
        "amenity": "restaurant",
        "building": "yes",
        "building:levels": "2",
        "cuisine": "japanese"
      },
      "geometry": {
        "type": "Polygon",
        "coordinates": [
          [
            [
              100.3068832,
              5.4469967
            ],
            [
              100.3068903,
              5.446888
            ],
            [
              100.3070248,
              5.4468967
            ],
            [
              100.3070177,
              5.4470054
            ],
            [
              100.3068832,
              5.4469967
            ]
          ]
        ]
      },
      "id": "way/1151594863"
    },
    {
      "type": "Feature",
      "properties": {
        "@id": "way/1151897444",
        "amenity": "restaurant",
        "building": "commercial",
        "name": "山城中泰海鮮",
        "name:zh": "山城中泰海鮮",
        "name:zh-Hans": "山城中泰海鮮",
        "name:zh-Hant": "山城中泰海鮮",
        "source": "Local Knowledge"
      },
      "geometry": {
        "type": "Polygon",
        "coordinates": [
          [
            [
              100.2517622,
              5.3511339
            ],
            [
              100.2517382,
              5.35117
            ],
            [
              100.2517234,
              5.3512248
            ],
            [
              100.2517435,
              5.3512982
            ],
            [
              100.2518186,
              5.3515252
            ],
            [
              100.251718,
              5.3515586
            ],
            [
              100.2516295,
              5.3513162
            ],
            [
              100.2516108,
              5.3512461
            ],
            [
              100.2516134,
              5.351194
            ],
            [
              100.2516295,
              5.3511433
            ],
            [
              100.2516711,
              5.3510832
            ],
            [
              100.2517622,
              5.3511339
            ]
          ]
        ]
      },
      "id": "way/1151897444"
    },
    {
      "type": "Feature",
      "properties": {
        "@id": "way/1202938235",
        "amenity": "restaurant",
        "building": "yes",
        "name": "Sin Guat Keong Kopitiam",
        "name:en": "Sin Guat Keong Kopitiam",
        "name:ms": "Kedai Kopi Sin Guat Keong",
        "name:zh": "新月宫茶室",
        "name:zh-Hans": "新月宫茶室",
        "name:zh-Hant": "新月宮茶室"
      },
      "geometry": {
        "type": "Polygon",
        "coordinates": [
          [
            [
              100.3327173,
              5.4164438
            ],
            [
              100.3327519,
              5.4164221
            ],
            [
              100.332855,
              5.4165809
            ],
            [
              100.3328185,
              5.4166037
            ],
            [
              100.3328063,
              5.4165845
            ],
            [
              100.3327173,
              5.4164438
            ]
          ]
        ]
      },
      "id": "way/1202938235"
    },
    {
      "type": "Feature",
      "properties": {
        "@id": "way/1202938236",
        "amenity": "restaurant",
        "building": "yes",
        "name": "Restoran Traditional Home of Dessert",
        "name:ms": "Restoran Traditional Home of Dessert",
        "name:zh": "汕头街四果汤",
        "name:zh-Hans": "汕头街四果汤",
        "name:zh-Hant": "汕頭街四果湯"
      },
      "geometry": {
        "type": "Polygon",
        "coordinates": [
          [
            [
              100.3327519,
              5.4164221
            ],
            [
              100.3327882,
              5.4163993
            ],
            [
              100.3328914,
              5.4165581
            ],
            [
              100.332855,
              5.4165809
            ],
            [
              100.3327519,
              5.4164221
            ]
          ]
        ]
      },
      "id": "way/1202938236"
    },
    {
      "type": "Feature",
      "properties": {
        "@id": "way/1202938238",
        "amenity": "restaurant",
        "building": "house",
        "name": "Chill Night",
        "name:en": "Chill Night",
        "name:zh": "夜猫子食堂",
        "name:zh-Hans": "夜猫子食堂",
        "name:zh-Hant": "夜貓子食堂"
      },
      "geometry": {
        "type": "Polygon",
        "coordinates": [
          [
            [
              100.3329724,
              5.4165075
            ],
            [
              100.3329374,
              5.4165294
            ],
            [
              100.3328232,
              5.4163774
            ],
            [
              100.3328558,
              5.4163569
            ],
            [
              100.3329724,
              5.4165075
            ]
          ]
        ]
      },
      "id": "way/1202938238"
    },
    {
      "type": "Feature",
      "properties": {
        "@id": "way/1202938239",
        "amenity": "restaurant",
        "building": "house",
        "name": "Dessert Old Time Delight Shop",
        "name:en": "Dessert Old Time Delight Shop",
        "name:zh": "汕头街养生糖水铺",
        "name:zh-Hans": "汕头街养生糖水铺",
        "name:zh-Hant": "汕頭街養生糖水鋪"
      },
      "geometry": {
        "type": "Polygon",
        "coordinates": [
          [
            [
              100.3328558,
              5.4163569
            ],
            [
              100.3328957,
              5.4163319
            ],
            [
              100.333013,
              5.4164822
            ],
            [
              100.3329724,
              5.4165075
            ],
            [
              100.3328558,
              5.4163569
            ]
          ]
        ]
      },
      "id": "way/1202938239"
    },
    {
      "type": "Feature",
      "properties": {
        "@id": "way/1202938272",
        "amenity": "restaurant",
        "building": "yes",
        "cuisine": "chinese",
        "name": "Restaurant Kimberly Kuan Kee",
        "name:en": "Restaurant Kimberly Kuan Kee",
        "name:zh": "汕头街权记 鸭粥粿汁专卖店",
        "name:zh-Hans": "汕头街权记 鸭粥粿汁专卖店",
        "name:zh-Hant": "汕頭街權記 鴨粥粿汁專賣店"
      },
      "geometry": {
        "type": "Polygon",
        "coordinates": [
          [
            [
              100.3328076,
              5.4162336
            ],
            [
              100.3327739,
              5.4162551
            ],
            [
              100.3326166,
              5.416093
            ],
            [
              100.3326447,
              5.4160615
            ],
            [
              100.3327746,
              5.4161988
            ],
            [
              100.3328076,
              5.4162336
            ]
          ]
        ]
      },
      "id": "way/1202938272"
    },
    {
      "type": "Feature",
      "properties": {
        "@id": "way/1212881447",
        "amenity": "restaurant",
        "building": "yes"
      },
      "geometry": {
        "type": "Polygon",
        "coordinates": [
          [
            [
              100.4626387,
              5.3652684
            ],
            [
              100.4626441,
              5.3651507
            ],
            [
              100.4626743,
              5.3651522
            ],
            [
              100.4626749,
              5.3651395
            ],
            [
              100.4627765,
              5.3651445
            ],
            [
              100.462776,
              5.3651729
            ],
            [
              100.4627992,
              5.3651771
            ],
            [
              100.4627909,
              5.3652535
            ],
            [
              100.4627898,
              5.3652639
            ],
            [
              100.4626387,
              5.3652684
            ]
          ]
        ]
      },
      "id": "way/1212881447"
    },
    {
      "type": "Feature",
      "properties": {
        "@id": "way/1219031197",
        "addr:housenumber": "146A",
        "air_conditioning": "no",
        "amenity": "restaurant",
        "building": "yes",
        "diet:halal": "only",
        "name": "Nasi Kandar Pelita",
        "name:ms": "Nasi Kandar Pelita",
        "opening_hours": "24/7",
        "wheelchair": "yes"
      },
      "geometry": {
        "type": "Polygon",
        "coordinates": [
          [
            [
              100.3245396,
              5.4164056
            ],
            [
              100.3244372,
              5.4162423
            ],
            [
              100.3245399,
              5.4161786
            ],
            [
              100.3246422,
              5.4163418
            ],
            [
              100.3245396,
              5.4164056
            ]
          ]
        ]
      },
      "id": "way/1219031197"
    },
    {
      "type": "Feature",
      "properties": {
        "@id": "way/1228762937",
        "amenity": "restaurant",
        "landuse": "commercial"
      },
      "geometry": {
        "type": "Polygon",
        "coordinates": [
          [
            [
              100.5069214,
              5.3255213
            ],
            [
              100.5066508,
              5.3249201
            ],
            [
              100.5074646,
              5.3247656
            ],
            [
              100.5075227,
              5.3249585
            ],
            [
              100.5073551,
              5.3251478
            ],
            [
              100.5073529,
              5.3252267
            ],
            [
              100.5073982,
              5.3252989
            ],
            [
              100.5073642,
              5.3254093
            ],
            [
              100.5072917,
              5.325477
            ],
            [
              100.5071808,
              5.3254093
            ],
            [
              100.5070676,
              5.3254409
            ],
            [
              100.5070117,
              5.325491
            ],
            [
              100.5069214,
              5.3255213
            ]
          ]
        ]
      },
      "id": "way/1228762937"
    },
    {
      "type": "Feature",
      "properties": {
        "@id": "way/1248919270",
        "addr:city": "Sungai Jawi",
        "addr:housenumber": "Lot 121",
        "addr:postcode": "14200",
        "addr:street": "Jalan Sungai Bakap",
        "amenity": "restaurant",
        "landuse": "retail",
        "name": "Shellera Makan",
        "name:ms": "Shellera Makan"
      },
      "geometry": {
        "type": "Polygon",
        "coordinates": [
          [
            [
              100.4964199,
              5.2171322
            ],
            [
              100.4963441,
              5.216568
            ],
            [
              100.4968583,
              5.2163901
            ],
            [
              100.4969071,
              5.2168968
            ],
            [
              100.4964199,
              5.2171322
            ]
          ]
        ]
      },
      "id": "way/1248919270"
    },
    {
      "type": "Feature",
      "properties": {
        "@id": "way/1252823602",
        "amenity": "restaurant",
        "name": "Ang Ang's Roastery - Greenlane"
      },
      "geometry": {
        "type": "Polygon",
        "coordinates": [
          [
            [
              100.3032148,
              5.3974291
            ],
            [
              100.303188,
              5.3972005
            ],
            [
              100.3033859,
              5.397184
            ],
            [
              100.3034305,
              5.3972075
            ],
            [
              100.3034594,
              5.3972555
            ],
            [
              100.3034707,
              5.3973928
            ],
            [
              100.3032148,
              5.3974291
            ]
          ]
        ]
      },
      "id": "way/1252823602"
    },
    {
      "type": "Feature",
      "properties": {
        "@id": "way/1311080728",
        "amenity": "restaurant",
        "cuisine": "chinese",
        "name": "老爷车饮食休闲馆",
        "name:en": "Vintage Car Restaurant"
      },
      "geometry": {
        "type": "Polygon",
        "coordinates": [
          [
            [
              100.5187453,
              5.3652675
            ],
            [
              100.5185991,
              5.3641739
            ],
            [
              100.5188299,
              5.3641196
            ],
            [
              100.5190136,
              5.3640765
            ],
            [
              100.5192201,
              5.3652061
            ],
            [
              100.5187453,
              5.3652675
            ]
          ]
        ]
      },
      "id": "way/1311080728"
    },
    {
      "type": "Feature",
      "properties": {
        "@id": "way/1311529761",
        "addr:housenumber": "13",
        "addr:street": "Jalan Bukit Tambun",
        "amenity": "restaurant",
        "building": "yes",
        "cuisine": "chinese;seafood",
        "name": "How Kee Curry",
        "name:en": "How Kee Curry",
        "name:zh": "豪记咖喱饭",
        "name:zh-Hans": "豪记咖喱饭",
        "name:zh-Hant": "豪記咖哩飯",
        "phone": "+601139786375",
        "postal_code": "14110",
        "source": "microsoft/BuildingFootprints"
      },
      "geometry": {
        "type": "Polygon",
        "coordinates": [
          [
            [
              100.4498128,
              5.2723893
            ],
            [
              100.4499011,
              5.2722758
            ],
            [
              100.4499687,
              5.2723278
            ],
            [
              100.4499948,
              5.2722942
            ],
            [
              100.4500417,
              5.2723304
            ],
            [
              100.4500086,
              5.2723729
            ],
            [
              100.4501073,
              5.272449
            ],
            [
              100.450026,
              5.2725536
            ],
            [
              100.4498128,
              5.2723893
            ]
          ]
        ]
      },
      "id": "way/1311529761"
    },
    {
      "type": "Feature",
      "properties": {
        "@id": "way/1314219505",
        "amenity": "restaurant",
        "building": "yes",
        "contact:facebook": "https://www.facebook.com/p/Leng-Kee-%E9%BE%99%E8%AE%B0-at-kg-selamat-%E5%B9%B3%E5%AE%89%E6%9D%91-100057250697953/",
        "cuisine": "seafood",
        "name": "Leng Kee Restaurant",
        "name:zh": "龙记海鲜饭店"
      },
      "geometry": {
        "type": "Polygon",
        "coordinates": [
          [
            [
              100.5264762,
              5.5198976
            ],
            [
              100.5266154,
              5.5195192
            ],
            [
              100.5266464,
              5.5195304
            ],
            [
              100.5266939,
              5.5194013
            ],
            [
              100.5268434,
              5.5194559
            ],
            [
              100.526788,
              5.5196064
            ],
            [
              100.5268559,
              5.5196311
            ],
            [
              100.5267084,
              5.5200316
            ],
            [
              100.5265008,
              5.5199559
            ],
            [
              100.5265168,
              5.5199124
            ],
            [
              100.5264762,
              5.5198976
            ]
          ]
        ]
      },
      "id": "way/1314219505"
    },
    {
      "type": "Feature",
      "properties": {
        "@id": "way/1314608168",
        "amenity": "restaurant",
        "building": "yes",
        "cuisine": "chinese",
        "name": "佳升茶餐室"
      },
      "geometry": {
        "type": "Polygon",
        "coordinates": [
          [
            [
              100.5268785,
              5.5176668
            ],
            [
              100.5269288,
              5.5175241
            ],
            [
              100.5270407,
              5.5175212
            ],
            [
              100.5270424,
              5.5175862
            ],
            [
              100.5270707,
              5.5175855
            ],
            [
              100.5270726,
              5.5176618
            ],
            [
              100.5268785,
              5.5176668
            ]
          ]
        ]
      },
      "id": "way/1314608168"
    },
    {
      "type": "Feature",
      "properties": {
        "@id": "way/1424800433",
        "amenity": "restaurant",
        "building": "yes",
        "name": "Batu Cafe & Bar",
        "name:en": "Batu Cafe & Bar"
      },
      "geometry": {
        "type": "Polygon",
        "coordinates": [
          [
            [
              100.32776,
              5.4258765
            ],
            [
              100.3276889,
              5.425725
            ],
            [
              100.3277801,
              5.4256826
            ],
            [
              100.3278073,
              5.4257406
            ],
            [
              100.3278314,
              5.4257294
            ],
            [
              100.3278691,
              5.4258099
            ],
            [
              100.327845,
              5.4258211
            ],
            [
              100.3278512,
              5.4258341
            ],
            [
              100.32776,
              5.4258765
            ]
          ]
        ]
      },
      "id": "way/1424800433"
    },
    {
      "type": "Feature",
      "properties": {
        "@id": "way/1433348125",
        "amenity": "restaurant",
        "building": "retail",
        "building:levels": "2",
        "name": "Joo Leong Cafe",
        "roof:material": "metal_sheet"
      },
      "geometry": {
        "type": "Polygon",
        "coordinates": [
          [
            [
              100.2762721,
              5.3022453
            ],
            [
              100.2763647,
              5.3020907
            ],
            [
              100.2764507,
              5.3021418
            ],
            [
              100.276367,
              5.3022816
            ],
            [
              100.2763582,
              5.3022963
            ],
            [
              100.2762721,
              5.3022453
            ]
          ]
        ]
      },
      "id": "way/1433348125"
    },
    {
      "type": "Feature",
      "properties": {
        "@id": "way/1452656139",
        "amenity": "restaurant",
        "building": "yes",
        "name": "Selera Mustika"
      },
      "geometry": {
        "type": "Polygon",
        "coordinates": [
          [
            [
              100.5454037,
              5.1716916
            ],
            [
              100.5453852,
              5.1716714
            ],
            [
              100.5453949,
              5.1716618
            ],
            [
              100.5453571,
              5.1716276
            ],
            [
              100.5453958,
              5.1715934
            ],
            [
              100.5454248,
              5.1716215
            ],
            [
              100.5454767,
              5.1715847
            ],
            [
              100.5454987,
              5.1716118
            ],
            [
              100.5454037,
              5.1716916
            ]
          ]
        ]
      },
      "id": "way/1452656139"
    },
    {
      "type": "Feature",
      "properties": {
        "@id": "way/1452797907",
        "amenity": "restaurant",
        "building": "yes",
        "layer": "1",
        "name": "One Six Eight Eight Kafe"
      },
      "geometry": {
        "type": "Polygon",
        "coordinates": [
          [
            [
              100.2765736,
              5.392758
            ],
            [
              100.2766348,
              5.3928928
            ],
            [
              100.2764141,
              5.3929709
            ],
            [
              100.2763643,
              5.3928346
            ],
            [
              100.2765736,
              5.392758
            ]
          ]
        ]
      },
      "id": "way/1452797907"
    },
    {
      "type": "Feature",
      "properties": {
        "@id": "way/1452802827",
        "amenity": "restaurant",
        "building": "yes",
        "name": "BOMIES@Bingjoy Balik Pulau"
      },
      "geometry": {
        "type": "Polygon",
        "coordinates": [
          [
            [
              100.2045196,
              5.3199593
            ],
            [
              100.204503,
              5.3198199
            ],
            [
              100.2045804,
              5.3198199
            ],
            [
              100.2046044,
              5.3199061
            ],
            [
              100.2047443,
              5.3198933
            ],
            [
              100.2047259,
              5.319963
            ],
            [
              100.2045196,
              5.3199593
            ]
          ]
        ]
      },
      "id": "way/1452802827"
    },
    {
      "type": "Feature",
      "properties": {
        "@id": "way/1452810211",
        "amenity": "restaurant",
        "building": "yes",
        "name": "Rizqi Station"
      },
      "geometry": {
        "type": "Polygon",
        "coordinates": [
          [
            [
              100.4390839,
              5.1261394
            ],
            [
              100.4390894,
              5.1261043
            ],
            [
              100.4391611,
              5.1261111
            ],
            [
              100.439166,
              5.1261468
            ],
            [
              100.4390839,
              5.1261394
            ]
          ]
        ]
      },
      "id": "way/1452810211"
    },
    {
      "type": "Feature",
      "properties": {
        "@id": "way/1461752525",
        "amenity": "restaurant",
        "cuisine": "thai",
        "name": "Nur Syireen Thai Kitchen"
      },
      "geometry": {
        "type": "Polygon",
        "coordinates": [
          [
            [
              100.471425,
              5.1305332
            ],
            [
              100.4715584,
              5.130592
            ],
            [
              100.4715168,
              5.1306857
            ],
            [
              100.4713833,
              5.130627
            ],
            [
              100.471425,
              5.1305332
            ]
          ]
        ]
      },
      "id": "way/1461752525"
    },
    {
      "type": "Feature",
      "properties": {
        "@id": "way/1502559536",
        "amenity": "restaurant",
        "building": "yes",
        "name": "Restoran Simpang 9 Corner"
      },
      "geometry": {
        "type": "Polygon",
        "coordinates": [
          [
            [
              100.4704585,
              5.147212
            ],
            [
              100.470275,
              5.1473177
            ],
            [
              100.4701408,
              5.1470868
            ],
            [
              100.4702847,
              5.1470039
            ],
            [
              100.4703571,
              5.1470376
            ],
            [
              100.4704585,
              5.147212
            ]
          ]
        ]
      },
      "id": "way/1502559536"
    },
    {
      "type": "Feature",
      "properties": {
        "@id": "node/1283633819",
        "amenity": "restaurant",
        "cuisine": "regional",
        "name": "Sri Malaya",
        "name:en": "Sri Malaya",
        "name:ms": "Sri Malaya"
      },
      "geometry": {
        "type": "Point",
        "coordinates": [
          100.3354024,
          5.4184854
        ]
      },
      "id": "node/1283633819"
    },
    {
      "type": "Feature",
      "properties": {
        "@id": "node/1283633820",
        "addr:housenumber": "93",
        "addr:street": "Lebuh Chulia",
        "amenity": "restaurant",
        "cuisine": "indian",
        "diet:vegetarian": "yes",
        "name": "Kapitan",
        "name:en": "Kapitan",
        "name:ms": "Kapitan",
        "opening_hours": "24/7"
      },
      "geometry": {
        "type": "Point",
        "coordinates": [
          100.3386502,
          5.4162301
        ]
      },
      "id": "node/1283633820"
    },
    {
      "type": "Feature",
      "properties": {
        "@id": "node/1384040489",
        "amenity": "restaurant",
        "cuisine": "indian;malaysian",
        "name": "Deen Claypot-Briyani",
        "name:en": "Deen Claypot-Briyani"
      },
      "geometry": {
        "type": "Point",
        "coordinates": [
          100.3387337,
          5.4164155
        ]
      },
      "id": "node/1384040489"
    },
    {
      "type": "Feature",
      "properties": {
        "@id": "node/1524404616",
        "amenity": "restaurant",
        "cuisine": "indian",
        "name": "Subaidah Bistro"
      },
      "geometry": {
        "type": "Point",
        "coordinates": [
          100.3042828,
          5.3566944
        ]
      },
      "id": "node/1524404616"
    },
    {
      "type": "Feature",
      "properties": {
        "@id": "node/1565370649",
        "amenity": "restaurant",
        "diet:vegetarian": "yes",
        "name": "Olive Vegetarian",
        "name:en": "Olive Vegetarian"
      },
      "geometry": {
        "type": "Point",
        "coordinates": [
          100.252608,
          5.4760949
        ]
      },
      "id": "node/1565370649"
    },
    {
      "type": "Feature",
      "properties": {
        "@id": "node/1610799563",
        "amenity": "restaurant",
        "cuisine": "regional",
        "name": "Nasi Kandar Bintang",
        "name:ms": "Nasi Kandar Bintang"
      },
      "geometry": {
        "type": "Point",
        "coordinates": [
          100.2837153,
          5.4052098
        ]
      },
      "id": "node/1610799563"
    },
    {
      "type": "Feature",
      "properties": {
        "@id": "node/1610799566",
        "amenity": "restaurant",
        "cuisine": "nasi_kandar",
        "diet:halal": "yes",
        "former:amenity": "restaurant",
        "former:name": "Nasi Kandar Fanur (closed)",
        "name": "Nasi Kandar Mutiara Biru"
      },
      "geometry": {
        "type": "Point",
        "coordinates": [
          100.4809601,
          5.3330105
        ]
      },
      "id": "node/1610799566"
    },
    {
      "type": "Feature",
      "properties": {
        "@id": "node/1610799570",
        "amenity": "restaurant",
        "name": "Nasi Kandar Mutiara Tanjung"
      },
      "geometry": {
        "type": "Point",
        "coordinates": [
          100.503902,
          5.3416357
        ]
      },
      "id": "node/1610799570"
    },
    {
      "type": "Feature",
      "properties": {
        "@id": "node/1655374851",
        "amenity": "restaurant",
        "name": "Nasi Campur"
      },
      "geometry": {
        "type": "Point",
        "coordinates": [
          100.2950642,
          5.3284527
        ]
      },
      "id": "node/1655374851"
    },
    {
      "type": "Feature",
      "properties": {
        "@id": "node/1675449431",
        "amenity": "restaurant",
        "cuisine": "indian",
        "name": "Jaya Restaurant",
        "name:en": "Jaya Restaurant",
        "source": "Personal Field Collection"
      },
      "geometry": {
        "type": "Point",
        "coordinates": [
          100.2877891,
          5.3189961
        ]
      },
      "id": "node/1675449431"
    },
    {
      "type": "Feature",
      "properties": {
        "@id": "node/1718701426",
        "amenity": "restaurant",
        "name": "Bukit Genting Leisure Park & Restaurant"
      },
      "geometry": {
        "type": "Point",
        "coordinates": [
          100.2209942,
          5.3093275
        ]
      },
      "id": "node/1718701426"
    },
    {
      "type": "Feature",
      "properties": {
        "@id": "node/1720060780",
        "amenity": "restaurant",
        "cuisine": "indian",
        "name": "Jaya Restaurant (Gelugor)",
        "source": "Local Knowledge"
      },
      "geometry": {
        "type": "Point",
        "coordinates": [
          100.3098535,
          5.3692293
        ]
      },
      "id": "node/1720060780"
    },
    {
      "type": "Feature",
      "properties": {
        "@id": "node/1807037831",
        "amenity": "restaurant",
        "cuisine": "indian",
        "name": "Nasi Kandar Pelita"
      },
      "geometry": {
        "type": "Point",
        "coordinates": [
          100.3148483,
          5.3775568
        ]
      },
      "id": "node/1807037831"
    },
    {
      "type": "Feature",
      "properties": {
        "@id": "node/1812145938",
        "amenity": "restaurant",
        "cuisine": "indian",
        "name": "Nasi Kandar Pelita",
        "name:ms": "Nasi Kandar Pelita"
      },
      "geometry": {
        "type": "Point",
        "coordinates": [
          100.2879423,
          5.3188966
        ]
      },
      "id": "node/1812145938"
    },
    {
      "type": "Feature",
      "properties": {
        "@id": "node/1877261924",
        "addr:housenumber": "16",
        "addr:street": "Penang Street",
        "amenity": "restaurant",
        "description": "Chinese vegetarian restaurant",
        "diet:vegetarian": "only",
        "name": "Yun Shan He Vegetarian House",
        "name:en": "Yun Shan He Vegetarian House",
        "opening_hours": "Tu-Su 11:30-21:00",
        "phone": "+60 10 400 1098"
      },
      "geometry": {
        "type": "Point",
        "coordinates": [
          100.3415596,
          5.4196331
        ]
      },
      "id": "node/1877261924"
    },
    {
      "type": "Feature",
      "properties": {
        "@id": "node/1877272703",
        "addr:city": "George Town",
        "addr:housenumber": "60",
        "addr:postcode": "10200",
        "addr:street": "Lebuh Penang",
        "amenity": "restaurant",
        "cuisine": "indian",
        "diet:vegan": "yes",
        "diet:vegetarian": "only",
        "name": "Woodlands Vegetarian Indian Restaurant",
        "name:en": "Woodlands Vegetarian Indian Restaurant",
        "opening_hours": "Mo-Su 08:30-22:00"
      },
      "geometry": {
        "type": "Point",
        "coordinates": [
          100.3405483,
          5.4179549
        ]
      },
      "id": "node/1877272703"
    },
    {
      "type": "Feature",
      "properties": {
        "@id": "node/1877285821",
        "addr:housenumber": "98",
        "addr:postcode": "10400",
        "addr:street": "Lorong Madras",
        "amenity": "restaurant",
        "diet:vegan": "yes",
        "diet:vegetarian": "yes",
        "name": "VR Penang Lily's Vegetarian Kitchen",
        "name:en": "VR Penang Lily's Vegetarian Kitchen",
        "opening_hours": "Tu-Su 08:30-20:30",
        "phone": "+60 42263810"
      },
      "geometry": {
        "type": "Point",
        "coordinates": [
          100.3258314,
          5.4160069
        ]
      },
      "id": "node/1877285821"
    },
    {
      "type": "Feature",
      "properties": {
        "@id": "node/1921325355",
        "amenity": "restaurant",
        "cuisine": "japanese",
        "diet:vegan": "only",
        "name": "Sushi Kitchen",
        "website": "http://sushi-kitchen-cafe.blogspot.com"
      },
      "geometry": {
        "type": "Point",
        "coordinates": [
          100.2712164,
          5.3247914
        ]
      },
      "id": "node/1921325355"
    },
    {
      "type": "Feature",
      "properties": {
        "@id": "node/1937574653",
        "addr:housenumber": "5",
        "addr:postcode": "11700",
        "addr:street": "Lorong Endah 4",
        "amenity": "restaurant",
        "cuisine": "indian",
        "name": "Passions of Kerala"
      },
      "geometry": {
        "type": "Point",
        "coordinates": [
          100.3036566,
          5.3677791
        ]
      },
      "id": "node/1937574653"
    },
    {
      "type": "Feature",
      "properties": {
        "@id": "node/2158621801",
        "amenity": "restaurant",
        "name": "Nasi Kandar Pelita"
      },
      "geometry": {
        "type": "Point",
        "coordinates": [
          100.2991958,
          5.351856
        ]
      },
      "id": "node/2158621801"
    },
    {
      "type": "Feature",
      "properties": {
        "@id": "node/2158621802",
        "amenity": "restaurant",
        "name": "Nasi Kandar Zubaidah - Sungai Dua",
        "opening_hours": "24/7"
      },
      "geometry": {
        "type": "Point",
        "coordinates": [
          100.2959826,
          5.3495588
        ]
      },
      "id": "node/2158621802"
    },
    {
      "type": "Feature",
      "properties": {
        "@id": "node/2158686842",
        "amenity": "restaurant",
        "name": "Nasi Kandar Khaleel",
        "name:ms": "Nasi Kandar Khaleel"
      },
      "geometry": {
        "type": "Point",
        "coordinates": [
          100.2925427,
          5.3566164
        ]
      },
      "id": "node/2158686842"
    },
    {
      "type": "Feature",
      "properties": {
        "@id": "node/2158686843",
        "amenity": "restaurant",
        "name": "Nasi Kandar Istemawa",
        "name:ms": "Nasi Kandar Istemawa"
      },
      "geometry": {
        "type": "Point",
        "coordinates": [
          100.2925147,
          5.3576966
        ]
      },
      "id": "node/2158686843"
    },
    {
      "type": "Feature",
      "properties": {
        "@id": "node/2158757333",
        "addr:housenumber": "15",
        "addr:postcode": "11900",
        "addr:street": "Lebuh Nipah",
        "amenity": "restaurant",
        "name": "Nasi Kandar Kayu",
        "opening_hours": "24/7"
      },
      "geometry": {
        "type": "Point",
        "coordinates": [
          100.293026,
          5.3366803
        ]
      },
      "id": "node/2158757333"
    },
    {
      "type": "Feature",
      "properties": {
        "@id": "node/2158757337",
        "amenity": "restaurant",
        "name": "Nasi Kandar Khalil"
      },
      "geometry": {
        "type": "Point",
        "coordinates": [
          100.2931536,
          5.3369394
        ]
      },
      "id": "node/2158757337"
    },
    {
      "type": "Feature",
      "properties": {
        "@id": "node/2279203767",
        "amenity": "restaurant",
        "cuisine": "chinese",
        "name": "Oh Lay Ee Hokkien Mee",
        "name:en": "Oh Lay Ee Hokkien Mee",
        "name:zh": "黑丽姨古早味福建面",
        "name:zh-Hans": "黑丽姨古早味福建面",
        "name:zh-Hant": "黑麗姨古味福建面"
      },
      "geometry": {
        "type": "Point",
        "coordinates": [
          100.332705,
          5.409713
        ]
      },
      "id": "node/2279203767"
    },
    {
      "type": "Feature",
      "properties": {
        "@id": "node/2618297540",
        "amenity": "restaurant",
        "cuisine": "indian",
        "name": "Sagar",
        "name:en": "Sagar",
        "name:ms": "Sagar"
      },
      "geometry": {
        "type": "Point",
        "coordinates": [
          100.2412285,
          5.4658862
        ]
      },
      "id": "node/2618297540"
    },
    {
      "type": "Feature",
      "properties": {
        "@id": "node/2620023859",
        "amenity": "restaurant",
        "cuisine": "thai",
        "name": "Mumthai"
      },
      "geometry": {
        "type": "Point",
        "coordinates": [
          100.4574862,
          5.2738501
        ]
      },
      "id": "node/2620023859"
    },
    {
      "type": "Feature",
      "properties": {
        "@id": "node/2672690357",
        "amenity": "restaurant",
        "name": "Helena Café",
        "name:en": "Helena Café",
        "name:ms": "Kafe Helena"
      },
      "geometry": {
        "type": "Point",
        "coordinates": [
          100.2453981,
          5.4707036
        ]
      },
      "id": "node/2672690357"
    },
    {
      "type": "Feature",
      "properties": {
        "@id": "node/2699695124",
        "addr:housenumber": "1819-D",
        "addr:street": "Jalan Perusahaan",
        "amenity": "restaurant",
        "cuisine": "indian",
        "name": "GEM Restaurant",
        "source": "https://openstreetcam.org/details/2254942/390"
      },
      "geometry": {
        "type": "Point",
        "coordinates": [
          100.4289599,
          5.3380326
        ]
      },
      "id": "node/2699695124"
    },
    {
      "type": "Feature",
      "properties": {
        "@id": "node/2739123757",
        "amenity": "restaurant",
        "cuisine": "chinese;seafood",
        "name": "Cia Xiang seafood restuarant",
        "name:zh": "佳乡海鲜蟹皇饭"
      },
      "geometry": {
        "type": "Point",
        "coordinates": [
          100.4579652,
          5.2744304
        ]
      },
      "id": "node/2739123757"
    },
    {
      "type": "Feature",
      "properties": {
        "@id": "node/2755275922",
        "amenity": "restaurant",
        "name": "Yen Seafood restaurant"
      },
      "geometry": {
        "type": "Point",
        "coordinates": [
          100.4225823,
          5.2641684
        ]
      },
      "id": "node/2755275922"
    },
    {
      "type": "Feature",
      "properties": {
        "@id": "node/2755312460",
        "amenity": "restaurant",
        "cuisine": "chinese",
        "name": "G. Wellesley"
      },
      "geometry": {
        "type": "Point",
        "coordinates": [
          100.4518814,
          5.2705453
        ]
      },
      "id": "node/2755312460"
    },
    {
      "type": "Feature",
      "properties": {
        "@id": "node/2755312463",
        "amenity": "restaurant",
        "cuisine": "chinese;seafood",
        "name": "Restoran Long House Seafood 长屋海鲜村",
        "name:zh": "长屋海鲜村"
      },
      "geometry": {
        "type": "Point",
        "coordinates": [
          100.4518678,
          5.2709384
        ]
      },
      "id": "node/2755312463"
    },
    {
      "type": "Feature",
      "properties": {
        "@id": "node/2755312469",
        "amenity": "restaurant",
        "cuisine": "chinese"
      },
      "geometry": {
        "type": "Point",
        "coordinates": [
          100.4432486,
          5.2711379
        ]
      },
      "id": "node/2755312469"
    },
    {
      "type": "Feature",
      "properties": {
        "@id": "node/2755312472",
        "amenity": "restaurant",
        "cuisine": "chinese"
      },
      "geometry": {
        "type": "Point",
        "coordinates": [
          100.4433371,
          5.2715065
        ]
      },
      "id": "node/2755312472"
    },
    {
      "type": "Feature",
      "properties": {
        "@id": "node/2755312478",
        "amenity": "restaurant",
        "cuisine": "chinese",
        "name": "Fish Village",
        "name:en": "Fish Village"
      },
      "geometry": {
        "type": "Point",
        "coordinates": [
          100.4505579,
          5.2721002
        ]
      },
      "id": "node/2755312478"
    },
    {
      "type": "Feature",
      "properties": {
        "@id": "node/2757950690",
        "amenity": "restaurant",
        "name": "Mantis Shrimp"
      },
      "geometry": {
        "type": "Point",
        "coordinates": [
          100.4532112,
          5.2753464
        ]
      },
      "id": "node/2757950690"
    },
    {
      "type": "Feature",
      "properties": {
        "@id": "node/2803031947",
        "amenity": "restaurant",
        "name": "Nasi Kandar Jaffar"
      },
      "geometry": {
        "type": "Point",
        "coordinates": [
          100.2840747,
          5.4650755
        ]
      },
      "id": "node/2803031947"
    },
    {
      "type": "Feature",
      "properties": {
        "@id": "node/2995382755",
        "addr:city": "Georgetown",
        "addr:country": "MY",
        "addr:housenumber": "156",
        "addr:postcode": "10100",
        "addr:street": "Cambell Street",
        "amenity": "restaurant",
        "cuisine": "indian",
        "name": "Hameediyah Tandoori House",
        "name:en": "Hameediyah Tandoori House",
        "phone": "042621076"
      },
      "geometry": {
        "type": "Point",
        "coordinates": [
          100.3327949,
          5.4184859
        ]
      },
      "id": "node/2995382755"
    },
    {
      "type": "Feature",
      "properties": {
        "@id": "node/2999572041",
        "amenity": "restaurant",
        "cuisine": "indian",
        "name": "Veloo Villas",
        "name:en": "Veloo Villas"
      },
      "geometry": {
        "type": "Point",
        "coordinates": [
          100.3410591,
          5.4186753
        ]
      },
      "id": "node/2999572041"
    },
    {
      "type": "Feature",
      "properties": {
        "@id": "node/3006058591",
        "amenity": "restaurant",
        "name": "Gou Lou",
        "name:en": "Gou Lou",
        "name:ms": "Gou Lou"
      },
      "geometry": {
        "type": "Point",
        "coordinates": [
          100.3323997,
          5.4191732
        ]
      },
      "id": "node/3006058591"
    },
    {
      "type": "Feature",
      "properties": {
        "@id": "node/3101774237",
        "amenity": "restaurant",
        "cuisine": "italian",
        "name": "Il Bacaro",
        "name:en": "Il Bacaro"
      },
      "geometry": {
        "type": "Point",
        "coordinates": [
          100.3336096,
          5.4181179
        ]
      },
      "id": "node/3101774237"
    },
    {
      "type": "Feature",
      "properties": {
        "@id": "node/3116647850",
        "amenity": "restaurant",
        "cuisine": "regional;thai",
        "name": "Tree Monkey Restaurant",
        "name:en": "Tree Monkey Restaurant"
      },
      "geometry": {
        "type": "Point",
        "coordinates": [
          100.2296546,
          5.4641876
        ]
      },
      "id": "node/3116647850"
    },
    {
      "type": "Feature",
      "properties": {
        "@id": "node/3195647676",
        "addr:city": "Tanjung Tokong, Penang",
        "addr:housenumber": "125-D",
        "addr:postcode": "10470",
        "addr:street": "Desa Tanjung, Jalan Tanjung Tokong",
        "amenity": "restaurant",
        "cuisine": "Economy_Nyonya_Delicacies",
        "name": "Kafe Tanjung",
        "opening_hours": "Mo-Sa 07:30-11:00 12:00-15:30",
        "phone": "+6016-4874028",
        "smoking": "separated",
        "website": "https://www.facebook.com/kafetanjung/info"
      },
      "geometry": {
        "type": "Point",
        "coordinates": [
          100.3060285,
          5.4516839
        ]
      },
      "id": "node/3195647676"
    },
    {
      "type": "Feature",
      "properties": {
        "@id": "node/3201648726",
        "amenity": "restaurant",
        "cuisine": "regional",
        "name": "Pak Tam"
      },
      "geometry": {
        "type": "Point",
        "coordinates": [
          100.4413812,
          5.4553024
        ]
      },
      "id": "node/3201648726"
    },
    {
      "type": "Feature",
      "properties": {
        "@id": "node/3686486152",
        "amenity": "restaurant",
        "cuisine": "chinese",
        "name": "Khew Min Yew Koay Teow Soup",
        "opening_hours": "Mo-Su 06:00-13:00",
        "takeaway": "yes",
        "wheelchair": "limited"
      },
      "geometry": {
        "type": "Point",
        "coordinates": [
          100.2849339,
          5.4641385
        ]
      },
      "id": "node/3686486152"
    },
    {
      "type": "Feature",
      "properties": {
        "@id": "node/3875896227",
        "addr:housenumber": "82",
        "addr:postcode": "10050",
        "addr:street": "Jalan Penang",
        "amenity": "restaurant",
        "name": "Kheng Pin Kopitiam",
        "name:en": "Kheng Pin Kopitiam",
        "name:ms": "Kheng Pin Kopitiam",
        "opening_hours": "Tu-Su 07:00-14:00"
      },
      "geometry": {
        "type": "Point",
        "coordinates": [
          100.3328051,
          5.4205467
        ]
      },
      "id": "node/3875896227"
    },
    {
      "type": "Feature",
      "properties": {
        "@id": "node/3875896274",
        "amenity": "restaurant",
        "cuisine": "indian",
        "name": "Kashmir",
        "name:en": "Kashmir",
        "name:ms": "Kashmir",
        "opening_hours": "Mo-Su 11:00-23:00",
        "phone": "042637411"
      },
      "geometry": {
        "type": "Point",
        "coordinates": [
          100.3329011,
          5.4202915
        ]
      },
      "id": "node/3875896274"
    },
    {
      "type": "Feature",
      "properties": {
        "@id": "node/3876046808",
        "amenity": "restaurant",
        "name": "Cintra Heritage House",
        "name:en": "Cintra Heritage House"
      },
      "geometry": {
        "type": "Point",
        "coordinates": [
          100.334156,
          5.4189427
        ]
      },
      "id": "node/3876046808"
    },
    {
      "type": "Feature",
      "properties": {
        "@id": "node/3876048226",
        "amenity": "restaurant",
        "name": "Reggae Mansion",
        "name:en": "Reggae Mansion"
      },
      "geometry": {
        "type": "Point",
        "coordinates": [
          100.3358684,
          5.4184271
        ]
      },
      "id": "node/3876048226"
    },
    {
      "type": "Feature",
      "properties": {
        "@id": "node/3876050747",
        "amenity": "restaurant",
        "brand": "Pizza Hut",
        "brand:wikidata": "Q191615",
        "brand:wikipedia": "en:Pizza Hut",
        "cuisine": "pizza",
        "name": "Pizza Hut"
      },
      "geometry": {
        "type": "Point",
        "coordinates": [
          100.3318299,
          5.4143728
        ]
      },
      "id": "node/3876050747"
    },
    {
      "type": "Feature",
      "properties": {
        "@id": "node/3876260550",
        "amenity": "restaurant",
        "cuisine": "indian",
        "name": "Chettiar's Indian Kopitiam",
        "name:en": "Chettiar's Indian Kopitiam"
      },
      "geometry": {
        "type": "Point",
        "coordinates": [
          100.3406171,
          5.4177719
        ]
      },
      "id": "node/3876260550"
    },
    {
      "type": "Feature",
      "properties": {
        "@id": "node/3876261311",
        "amenity": "restaurant",
        "cuisine": "indian",
        "name": "Subham",
        "name:en": "Subham"
      },
      "geometry": {
        "type": "Point",
        "coordinates": [
          100.3404987,
          5.4175884
        ]
      },
      "id": "node/3876261311"
    },
    {
      "type": "Feature",
      "properties": {
        "@id": "node/3876261312",
        "amenity": "restaurant",
        "cuisine": "indian",
        "name": "Shusi",
        "name:en": "Shusi",
        "name:ms": "Shusi"
      },
      "geometry": {
        "type": "Point",
        "coordinates": [
          100.3401455,
          5.4170868
        ]
      },
      "id": "node/3876261312"
    },
    {
      "type": "Feature",
      "properties": {
        "@id": "node/3918117338",
        "addr:housenumber": "10",
        "amenity": "restaurant",
        "name": "Restoran Victoria Station",
        "source": "https://www.mapillary.com/app/?pKey=RjqgeFJTMlvbTI92MB0UbW&focus=photo"
      },
      "geometry": {
        "type": "Point",
        "coordinates": [
          100.3985587,
          5.3953667
        ]
      },
      "id": "node/3918117338"
    },
    {
      "type": "Feature",
      "properties": {
        "@id": "node/3918117339",
        "addr:housenumber": "6",
        "amenity": "restaurant",
        "name": "Abbey Road Bistro",
        "source": "https://openstreetcam.org/details/2232774/3368"
      },
      "geometry": {
        "type": "Point",
        "coordinates": [
          100.3988284,
          5.3952787
        ]
      },
      "id": "node/3918117339"
    },
    {
      "type": "Feature",
      "properties": {
        "@id": "node/3918183094",
        "amenity": "restaurant",
        "cuisine": "coffee_with_fusion_food",
        "level": "0",
        "name": "Artichoke Cafe"
      },
      "geometry": {
        "type": "Point",
        "coordinates": [
          100.3789569,
          5.4150881
        ]
      },
      "id": "node/3918183094"
    },
    {
      "type": "Feature",
      "properties": {
        "@id": "node/3918183097",
        "amenity": "restaurant",
        "cuisine": "coffee_with_fusion_food",
        "name": "Marlons + Co. The Coffee Bar"
      },
      "geometry": {
        "type": "Point",
        "coordinates": [
          100.3793655,
          5.4162978
        ]
      },
      "id": "node/3918183097"
    },
    {
      "type": "Feature",
      "properties": {
        "@id": "node/3918183100",
        "amenity": "restaurant",
        "cuisine": "malaysian",
        "diet:halal": "yes",
        "name": "Restoran Nasi Kandar Salam",
        "opening_hours": "24/7",
        "operator": "Restoran Nasi Kandar Salam (M) Sdn. Bhd."
      },
      "geometry": {
        "type": "Point",
        "coordinates": [
          100.379759,
          5.4174679
        ]
      },
      "id": "node/3918183100"
    },
    {
      "type": "Feature",
      "properties": {
        "@id": "node/3918183102",
        "amenity": "restaurant",
        "cuisine": "chinese_cuisine",
        "name": "J&S Restaurant",
        "name:ms": "Restoran J&S",
        "name:zh": "聚香楼"
      },
      "geometry": {
        "type": "Point",
        "coordinates": [
          100.3799486,
          5.4180181
        ]
      },
      "id": "node/3918183102"
    },
    {
      "type": "Feature",
      "properties": {
        "@id": "node/3918183103",
        "amenity": "restaurant",
        "cuisine": "chinese_cuisine",
        "name": "The Ocean Restaurant",
        "name:zh": "北海铭香小食馆",
        "opening_hours": "Fr-We 11:00-15:00,17:00-22:30",
        "outdoor_seating": "no",
        "phone": "+6043232024",
        "wheelchair": "no"
      },
      "geometry": {
        "type": "Point",
        "coordinates": [
          100.3799841,
          5.4181328
        ]
      },
      "id": "node/3918183103"
    },
    {
      "type": "Feature",
      "properties": {
        "@id": "node/3918183104",
        "amenity": "restaurant",
        "cuisine": "chinese_chicken_rice",
        "name": "Restaurant Hoe Yu"
      },
      "geometry": {
        "type": "Point",
        "coordinates": [
          100.3806432,
          5.4201486
        ]
      },
      "id": "node/3918183104"
    },
    {
      "type": "Feature",
      "properties": {
        "@id": "node/3918183106",
        "addr:city": "Butterworth",
        "addr:country": "MY",
        "addr:full": "6,8&10, Lorong Ceri 6, Taman Aman Jaya, Off Raja Uda, 12300 Butterworth",
        "addr:postcode": "12300",
        "addr:street": "Lorong Ceri 6",
        "amenity": "restaurant",
        "branch": "Raja Uda",
        "cuisine": "chinese_noodle",
        "name": "7 Village Noodle House",
        "name:zh": "七廊粿条汤",
        "opening_hours": "Mo-Sa 07:30-17:00, Su 07:30-13:00",
        "operator": "Seven Village Lin Restaurant Sdn. Bhd.",
        "phone": "+604-3330216",
        "website": "https://7villagenoodlehouse.com/"
      },
      "geometry": {
        "type": "Point",
        "coordinates": [
          100.380569,
          5.421532
        ]
      },
      "id": "node/3918183106"
    },
    {
      "type": "Feature",
      "properties": {
        "@id": "node/3918183107",
        "amenity": "restaurant",
        "cuisine": "chinese_noodle",
        "name": "Sai Toh Lim Restaurant"
      },
      "geometry": {
        "type": "Point",
        "coordinates": [
          100.3804233,
          5.4220216
        ]
      },
      "id": "node/3918183107"
    },
    {
      "type": "Feature",
      "properties": {
        "@id": "node/3918264492",
        "amenity": "restaurant",
        "cuisine": "chinese",
        "name": "San Sui Bak Kut Teh",
        "name:zh": "山水肉骨茶",
        "opening_hours": "Tu-Su 18:00-22:30"
      },
      "geometry": {
        "type": "Point",
        "coordinates": [
          100.3773795,
          5.4276592
        ]
      },
      "id": "node/3918264492"
    },
    {
      "type": "Feature",
      "properties": {
        "@id": "node/3918264513",
        "amenity": "restaurant",
        "cuisine": "chinese_noodle",
        "name": "7 Village Noodle House"
      },
      "geometry": {
        "type": "Point",
        "coordinates": [
          100.4355523,
          5.3454759
        ]
      },
      "id": "node/3918264513"
    },
    {
      "type": "Feature",
      "properties": {
        "@id": "node/3919711169",
        "air_conditioning": "yes",
        "amenity": "restaurant",
        "brand": "Pizza Hut",
        "brand:wikidata": "Q191615",
        "brand:wikipedia": "en:Pizza Hut",
        "cuisine": "pizza",
        "level": "0",
        "name": "Pizza Hut",
        "outdoor_seating": "no",
        "website": "https://www.pizzahut.com.my/"
      },
      "geometry": {
        "type": "Point",
        "coordinates": [
          100.3809105,
          5.4195392
        ]
      },
      "id": "node/3919711169"
    },
    {
      "type": "Feature",
      "properties": {
        "@id": "node/3919711173",
        "amenity": "restaurant",
        "cuisine": "chinese;breakfast;dim_sum;cantonese",
        "name": "Restoran Chaw Choon",
        "name:en": "Chaw Choon Restaurant",
        "name:ms": "Restoran Chaw Choon",
        "name:zh": "超全茶楼",
        "opening_hours": "Mo-Su 06:00-12:30",
        "takeaway": "yes"
      },
      "geometry": {
        "type": "Point",
        "coordinates": [
          100.3867446,
          5.4349894
        ]
      },
      "id": "node/3919711173"
    },
    {
      "type": "Feature",
      "properties": {
        "@id": "node/3919711176",
        "amenity": "restaurant",
        "cuisine": "malaysian",
        "diet:halal": "yes",
        "level": "0;1",
        "name": "Restaurant Nasi Kandar Salam",
        "opening_hours": "24/7"
      },
      "geometry": {
        "type": "Point",
        "coordinates": [
          100.3904177,
          5.4349772
        ]
      },
      "id": "node/3919711176"
    },
    {
      "type": "Feature",
      "properties": {
        "@id": "node/3997897113",
        "amenity": "restaurant",
        "cuisine": "mamak",
        "name": "Wafeeqah Bistro Tasek Gelugor"
      },
      "geometry": {
        "type": "Point",
        "coordinates": [
          100.4891645,
          5.4845041
        ]
      },
      "id": "node/3997897113"
    },
    {
      "type": "Feature",
      "properties": {
        "@id": "node/4038498392",
        "amenity": "restaurant",
        "name": "Coconut Chicken Steamboat",
        "name:en": "Coconut Chicken Steamboat"
      },
      "geometry": {
        "type": "Point",
        "coordinates": [
          100.3222474,
          5.4227928
        ]
      },
      "id": "node/4038498392"
    },
    {
      "type": "Feature",
      "properties": {
        "@id": "node/4104884570",
        "addr:housenumber": "27",
        "addr:street": "Lorong Love",
        "amenity": "restaurant",
        "cuisine": "steak_house",
        "internet_access": "wlan",
        "name": "Steak Frites @ 23",
        "name:en": "Steak Frites @ 23"
      },
      "geometry": {
        "type": "Point",
        "coordinates": [
          100.3370032,
          5.4196112
        ]
      },
      "id": "node/4104884570"
    },
    {
      "type": "Feature",
      "properties": {
        "@id": "node/4107256820",
        "addr:city": "George Town",
        "addr:housenumber": "357",
        "addr:postcode": "10200",
        "addr:street": "Lebuh Chulia",
        "amenity": "restaurant",
        "name": "Chulia Court",
        "name:en": "Chulia Court",
        "phone": "+6042613809",
        "website": "https://www.chuliacourt.com.my/"
      },
      "geometry": {
        "type": "Point",
        "coordinates": [
          100.336081,
          5.4183371
        ]
      },
      "id": "node/4107256820"
    },
    {
      "type": "Feature",
      "properties": {
        "@id": "node/4130219690",
        "addr:housenumber": "85",
        "addr:street": "Lebuh Armenian",
        "amenity": "restaurant",
        "name": "Jawi House Cafe Gallery",
        "name:en": "Jawi House Cafe Gallery",
        "opening_hours": "Mo-Su 10:00-22:00"
      },
      "geometry": {
        "type": "Point",
        "coordinates": [
          100.3365994,
          5.4155815
        ]
      },
      "id": "node/4130219690"
    },
    {
      "type": "Feature",
      "properties": {
        "@id": "node/4133873681",
        "amenity": "restaurant"
      },
      "geometry": {
        "type": "Point",
        "coordinates": [
          100.3300931,
          5.4194996
        ]
      },
      "id": "node/4133873681"
    },
    {
      "type": "Feature",
      "properties": {
        "@id": "node/4133879235",
        "amenity": "restaurant",
        "name": "One Corner Cafe",
        "name:en": "One Corner Cafe",
        "wheelchair": "yes"
      },
      "geometry": {
        "type": "Point",
        "coordinates": [
          100.3256373,
          5.4215344
        ]
      },
      "id": "node/4133879235"
    },
    {
      "type": "Feature",
      "properties": {
        "@id": "node/4133879834",
        "amenity": "restaurant",
        "internet_access": "wlan",
        "name": "Sweet Home 2 Cafe",
        "name:en": "Sweet Home 2 Cafe"
      },
      "geometry": {
        "type": "Point",
        "coordinates": [
          100.2067242,
          5.4592622
        ]
      },
      "id": "node/4133879834"
    },
    {
      "type": "Feature",
      "properties": {
        "@id": "node/4177980295",
        "addr:street": "Persiaran Tanjung Bunga",
        "amenity": "restaurant",
        "name": "Mak Lan Nasi Campur",
        "name:ms": "Mak Lan Nasi Campur"
      },
      "geometry": {
        "type": "Point",
        "coordinates": [
          100.2768379,
          5.4688953
        ]
      },
      "id": "node/4177980295"
    },
    {
      "type": "Feature",
      "properties": {
        "@id": "node/4178144322",
        "addr:street": "Pengkalan Weld",
        "amenity": "restaurant",
        "cuisine": "seafood;chinese",
        "name": "Liva Seafood Restaurant",
        "name:en": "Liva Seafood Restaurant"
      },
      "geometry": {
        "type": "Point",
        "coordinates": [
          100.3405375,
          5.413416
        ]
      },
      "id": "node/4178144322"
    },
    {
      "type": "Feature",
      "properties": {
        "@id": "node/4206674589",
        "addr:housenumber": "250",
        "addr:postcode": "10460",
        "addr:street": "Jalan Ayer Itam",
        "amenity": "restaurant",
        "name": "Suffolk House Restaurant",
        "name:en": "Suffolk House Restaurant",
        "website": "https://suffolkhouse.com.my/",
        "wheelchair": "limited",
        "wheelchair:description": "From the gate to the door is pathway made of small pebbles. First floor is accessible but not second floor."
      },
      "geometry": {
        "type": "Point",
        "coordinates": [
          100.3053524,
          5.4108228
        ]
      },
      "id": "node/4206674589"
    },
    {
      "type": "Feature",
      "properties": {
        "@id": "node/4207514690",
        "addr:housenumber": "46",
        "amenity": "restaurant",
        "cuisine": "indian",
        "name": "Sup Hameed",
        "name:en": "Sup Hameed",
        "opening_hours": "24/7"
      },
      "geometry": {
        "type": "Point",
        "coordinates": [
          100.3339595,
          5.4218867
        ]
      },
      "id": "node/4207514690"
    },
    {
      "type": "Feature",
      "properties": {
        "@id": "node/4210852592",
        "amenity": "restaurant",
        "cuisine": "local;malaysian;indian",
        "diet:halal": "yes",
        "full_name": "Restoran Deen Nasi Kandar Istimewa Pulau Pinang",
        "name": "Restoran Deen"
      },
      "geometry": {
        "type": "Point",
        "coordinates": [
          100.312566,
          5.3879562
        ]
      },
      "id": "node/4210852592"
    },
    {
      "type": "Feature",
      "properties": {
        "@id": "node/4210860394",
        "addr:city": "Jelutong",
        "addr:housenumber": "569",
        "addr:postcode": "11600",
        "addr:street": "Jalan Jelutong",
        "amenity": "restaurant",
        "cuisine": "malaysian;local",
        "diet:rice": "yes",
        "name": "Ali Amier Nasi Kandar",
        "name:en": "Ali Amier Nasi Kandar"
      },
      "geometry": {
        "type": "Point",
        "coordinates": [
          100.3131965,
          5.3900671
        ]
      },
      "id": "node/4210860394"
    },
    {
      "type": "Feature",
      "properties": {
        "@id": "node/4210885989",
        "amenity": "restaurant",
        "name": "Nasi Kandar Beratur",
        "name:ms": "Nasi Kandar Beratur"
      },
      "geometry": {
        "type": "Point",
        "coordinates": [
          100.3376073,
          5.4167471
        ]
      },
      "id": "node/4210885989"
    },
    {
      "type": "Feature",
      "properties": {
        "@id": "node/4213337889",
        "amenity": "restaurant",
        "name": "Lagenda cafe"
      },
      "geometry": {
        "type": "Point",
        "coordinates": [
          100.3350927,
          5.4173726
        ]
      },
      "id": "node/4213337889"
    },
    {
      "type": "Feature",
      "properties": {
        "@id": "node/4216612498",
        "amenity": "restaurant",
        "name": "Roti Bakar Breakfast",
        "name:en": "Roti Bakar Breakfast",
        "opening_hours": "Mo-Su 08:00-11:00",
        "wheelchair": "yes"
      },
      "geometry": {
        "type": "Point",
        "coordinates": [
          100.3312169,
          5.4221137
        ]
      },
      "id": "node/4216612498"
    },
    {
      "type": "Feature",
      "properties": {
        "@id": "node/4217350990",
        "amenity": "restaurant",
        "name": "Restoran A Dawood",
        "name:en": "Restoran A Dawood"
      },
      "geometry": {
        "type": "Point",
        "coordinates": [
          100.3385527,
          5.4170976
        ]
      },
      "id": "node/4217350990"
    },
    {
      "type": "Feature",
      "properties": {
        "@id": "node/4224889990",
        "addr:street": "Lebuh Queen",
        "amenity": "restaurant",
        "cuisine": "malaysian;curry",
        "name": "Tajuddin Hussain",
        "name:en": "Tajuddin Hussain",
        "opening_hours": "Mo-Su 11:00-15:30, 18:30-22:00"
      },
      "geometry": {
        "type": "Point",
        "coordinates": [
          100.3386644,
          5.4172534
        ]
      },
      "id": "node/4224889990"
    },
    {
      "type": "Feature",
      "properties": {
        "@id": "node/4226789638",
        "amenity": "restaurant",
        "name": "Me’nate",
        "name:en": "Me’nate"
      },
      "geometry": {
        "type": "Point",
        "coordinates": [
          100.3344911,
          5.4226494
        ]
      },
      "id": "node/4226789638"
    },
    {
      "type": "Feature",
      "properties": {
        "@id": "node/4226790834",
        "amenity": "restaurant",
        "name": "Olive",
        "name:en": "Olive"
      },
      "geometry": {
        "type": "Point",
        "coordinates": [
          100.3348185,
          5.422374
        ]
      },
      "id": "node/4226790834"
    },
    {
      "type": "Feature",
      "properties": {
        "@id": "node/4247746490",
        "amenity": "restaurant",
        "name": "广泰来",
        "name:zh": "广泰来",
        "name:zh-Hans": "广泰来",
        "name:zh-Hant": "廣泰來"
      },
      "geometry": {
        "type": "Point",
        "coordinates": [
          100.3313843,
          5.4192796
        ]
      },
      "id": "node/4247746490"
    },
    {
      "type": "Feature",
      "properties": {
        "@id": "node/4247938022",
        "addr:street": "2, Jalan Idaman, Taman Idaman, 14100 Simpang Ampat, Pulau Pinang, Malaysia",
        "amenity": "restaurant",
        "cuisine": "chinese",
        "name": "佳香饭店 Crab Porriege Jia Hian Restaurant",
        "name:en": "Crab Porriege Jia Hian Restaurant",
        "name:zh": "佳香饭店",
        "opening_hours": "Mo-Su 11:30-15:00, 17:30-22:30",
        "phone": "+60 12 454 1336"
      },
      "geometry": {
        "type": "Point",
        "coordinates": [
          100.4725751,
          5.2662651
        ]
      },
      "id": "node/4247938022"
    },
    {
      "type": "Feature",
      "properties": {
        "@id": "node/4251841293",
        "amenity": "restaurant",
        "cuisine": "indian",
        "name": "Krsna Restaurant",
        "name:en": "Krsna Restaurant"
      },
      "geometry": {
        "type": "Point",
        "coordinates": [
          100.3391131,
          5.4174203
        ]
      },
      "id": "node/4251841293"
    },
    {
      "type": "Feature",
      "properties": {
        "@id": "node/4280807609",
        "amenity": "restaurant",
        "name": "Kareem Pasembor Rojak",
        "name:ms": "Kareem Pasembor Rojak"
      },
      "geometry": {
        "type": "Point",
        "coordinates": [
          100.3429317,
          5.4187339
        ]
      },
      "id": "node/4280807609"
    },
    {
      "type": "Feature",
      "properties": {
        "@id": "node/4280807610",
        "addr:housenumber": "61",
        "addr:postcode": "10100",
        "addr:street": "Lebuh Kimberley",
        "amenity": "restaurant",
        "cuisine": "chinese",
        "name": "Leong Kee Tim Sum Restaurant",
        "name:en": "Leong Kee Tim Sum Restaurant",
        "name:zh": "龙记港式点心",
        "name:zh-Hans": "龙记港式点心",
        "name:zh-Hant": "龍記港式點心",
        "phone": "0124858253"
      },
      "geometry": {
        "type": "Point",
        "coordinates": [
          100.3331253,
          5.4159974
        ]
      },
      "id": "node/4280807610"
    },
    {
      "type": "Feature",
      "properties": {
        "@id": "node/4280807611",
        "amenity": "restaurant",
        "name": "Hot Spicy Bowl Nyonya Delights",
        "name:en": "Hot Spicy Bowl Nyonya Delights"
      },
      "geometry": {
        "type": "Point",
        "coordinates": [
          100.3246309,
          5.417674
        ]
      },
      "id": "node/4280807611"
    },
    {
      "type": "Feature",
      "properties": {
        "@id": "node/4287342992",
        "amenity": "restaurant",
        "name": "Ming Xiang Tai Pasty Shop",
        "name:en": "Ming Xiang Tai Pasty Shop",
        "name:zh": "名香泰饼家",
        "name:zh-Hans": "名香泰饼家",
        "name:zh-Hant": "名香泰餅家"
      },
      "geometry": {
        "type": "Point",
        "coordinates": [
          100.3275875,
          5.4187422
        ]
      },
      "id": "node/4287342992"
    },
    {
      "type": "Feature",
      "properties": {
        "@id": "node/4290020589",
        "amenity": "restaurant",
        "name": "Ali Bistro"
      },
      "geometry": {
        "type": "Point",
        "coordinates": [
          100.484249,
          5.1801775
        ]
      },
      "id": "node/4290020589"
    },
    {
      "type": "Feature",
      "properties": {
        "@id": "node/4304975691",
        "amenity": "restaurant",
        "name": "Song River Cafe",
        "name:ms": "Kafe Song River",
        "name:zh": "松花江茶室"
      },
      "geometry": {
        "type": "Point",
        "coordinates": [
          100.3169124,
          5.4324943
        ]
      },
      "id": "node/4304975691"
    },
    {
      "type": "Feature",
      "properties": {
        "@id": "node/4306075197",
        "addr:street": "Lorong Teluk Kumbar 1",
        "amenity": "restaurant",
        "cuisine": "chinese",
        "name": "Restoran Teluk Kumbar Seafood",
        "opening_hours": "Mo-Su 17:00-00:00"
      },
      "geometry": {
        "type": "Point",
        "coordinates": [
          100.2329767,
          5.2864124
        ]
      },
      "id": "node/4306075197"
    },
    {
      "type": "Feature",
      "properties": {
        "@id": "node/4306153294",
        "addr:city": "George Town",
        "addr:postcode": "10450",
        "addr:street": "Lorong Baru",
        "amenity": "restaurant",
        "cuisine": "chinese;malaysian",
        "name": "Tapak Penjaja Sementara Lorong Baru",
        "name:en": "New Lane Hawker Centre",
        "name:ms": "Tapak Penjaja Sementara Lorong Baru",
        "name:zh": "纽冷美食街",
        "name:zh-Hans": "纽冷美食街",
        "name:zh-Hant": "紐冷美食街",
        "opening_hours": "Th-Tu 16:00-23:00"
      },
      "geometry": {
        "type": "Point",
        "coordinates": [
          100.3265357,
          5.4148627
        ]
      },
      "id": "node/4306153294"
    },
    {
      "type": "Feature",
      "properties": {
        "@id": "node/4314076695",
        "amenity": "restaurant",
        "name": "Cahaya Lestari",
        "name:en": "Cahaya Lestari"
      },
      "geometry": {
        "type": "Point",
        "coordinates": [
          100.331705,
          5.4153189
        ]
      },
      "id": "node/4314076695"
    },
    {
      "type": "Feature",
      "properties": {
        "@id": "node/4336568093",
        "addr:housenumber": "18 & 20",
        "addr:street": "Lebuh Carnarvon",
        "alt_name": "Teksen Restaurant",
        "alt_name:en": "Teksen Restaurant",
        "amenity": "restaurant",
        "cuisine": "chinese",
        "name": "Tek Sen Restaurant",
        "name:en": "Tek Sen Restaurant",
        "name:zh": "德盛饭店",
        "name:zh-Hans": "德盛饭店",
        "name:zh-Hant": "德盛飯店",
        "opening_hours": "Mo-Su 12:00-15:00, 18:00-21:00"
      },
      "geometry": {
        "type": "Point",
        "coordinates": [
          100.3359484,
          5.4174168
        ]
      },
      "id": "node/4336568093"
    },
    {
      "type": "Feature",
      "properties": {
        "@id": "node/4347328003",
        "amenity": "restaurant",
        "check_date": "2024-08-10",
        "name": "Gala House",
        "name:en": "Gala House",
        "outdoor_seating": "yes"
      },
      "geometry": {
        "type": "Point",
        "coordinates": [
          100.3342084,
          5.4205869
        ]
      },
      "id": "node/4347328003"
    },
    {
      "type": "Feature",
      "properties": {
        "@id": "node/4349518687",
        "amenity": "restaurant",
        "name": "Danish Briyani House",
        "name:en": "Danish Briyani House",
        "religion": "muslim",
        "website": "http://www.danishbriyanihouse.com"
      },
      "geometry": {
        "type": "Point",
        "coordinates": [
          100.3367673,
          5.4178249
        ]
      },
      "id": "node/4349518687"
    },
    {
      "type": "Feature",
      "properties": {
        "@id": "node/4400663790",
        "amenity": "restaurant",
        "cuisine": "chinese",
        "name": "chinese food",
        "name:en": "chinese food"
      },
      "geometry": {
        "type": "Point",
        "coordinates": [
          100.2354812,
          5.351517
        ]
      },
      "id": "node/4400663790"
    },
    {
      "type": "Feature",
      "properties": {
        "@id": "node/4407921996",
        "amenity": "restaurant",
        "name": "Tofu Village Restaurant",
        "name:en": "Tofu Village Restaurant"
      },
      "geometry": {
        "type": "Point",
        "coordinates": [
          100.3397315,
          5.4190634
        ]
      },
      "id": "node/4407921996"
    },
    {
      "type": "Feature",
      "properties": {
        "@id": "node/4415823690",
        "amenity": "restaurant",
        "name": "Let's Meat",
        "name:en": "Let's Meat"
      },
      "geometry": {
        "type": "Point",
        "coordinates": [
          100.2904303,
          5.4543917
        ]
      },
      "id": "node/4415823690"
    },
    {
      "type": "Feature",
      "properties": {
        "@id": "node/4421506289",
        "amenity": "restaurant",
        "cuisine": "malaysian",
        "name": "pen mutiara restaurant/hotel",
        "name:en": "pen mutiara restaurant/hotel"
      },
      "geometry": {
        "type": "Point",
        "coordinates": [
          100.2894431,
          5.2854127
        ]
      },
      "id": "node/4421506289"
    },
    {
      "type": "Feature",
      "properties": {
        "@id": "node/4431740098",
        "addr:street": "Jalan Atas",
        "amenity": "restaurant",
        "name": "Restaurant Cheang Kee",
        "name:en": "Restaurant Cheang Kee"
      },
      "geometry": {
        "type": "Point",
        "coordinates": [
          100.4761809,
          5.1654227
        ]
      },
      "id": "node/4431740098"
    },
    {
      "type": "Feature",
      "properties": {
        "@id": "node/4434338809",
        "amenity": "restaurant",
        "cuisine": "福建面",
        "name": "三楼茶餐室",
        "name:ms": "Kedai Kopi San Lou",
        "name:zh": "三楼茶餐室",
        "opening_hours": "07:00-10:30"
      },
      "geometry": {
        "type": "Point",
        "coordinates": [
          100.3973961,
          5.4304655
        ]
      },
      "id": "node/4434338809"
    },
    {
      "type": "Feature",
      "properties": {
        "@id": "node/4461411889",
        "addr:street": "Lebuh Chulia",
        "amenity": "restaurant",
        "cuisine": "noodles;chinese",
        "name": "Yeap Noodles",
        "name:en": "Yeap Noodles",
        "phone": "+60 16-478 5453"
      },
      "geometry": {
        "type": "Point",
        "coordinates": [
          100.3371416,
          5.417586
        ]
      },
      "id": "node/4461411889"
    },
    {
      "type": "Feature",
      "properties": {
        "@id": "node/4472144289",
        "amenity": "restaurant",
        "name": "Jambu Cafe",
        "name:en": "Jambu Cafe"
      },
      "geometry": {
        "type": "Point",
        "coordinates": [
          100.2162034,
          5.3674514
        ]
      },
      "id": "node/4472144289"
    },
    {
      "type": "Feature",
      "properties": {
        "@id": "node/4488531590",
        "amenity": "restaurant",
        "cuisine": "malaysian",
        "name": "Kesum Art Restaurant",
        "name:en": "Kesum Art Restaurant"
      },
      "geometry": {
        "type": "Point",
        "coordinates": [
          100.3376496,
          5.4191587
        ]
      },
      "id": "node/4488531590"
    },
    {
      "type": "Feature",
      "properties": {
        "@id": "node/4490686892",
        "amenity": "restaurant",
        "contact:facebook": "https://www.facebook.com/yunshangevegetarianhouse",
        "cuisine": "local",
        "diet:vegetarian": "yes",
        "name": "Yun Shui Ge Vegetarian House",
        "name:en": "Yun Shui Ge Vegetarian House",
        "name:zh": "云山阁素食茶馆",
        "name:zh-Hans": "云山阁素食茶馆",
        "name:zh-Hant": "雲山閣素食茶館"
      },
      "geometry": {
        "type": "Point",
        "coordinates": [
          100.3380039,
          5.4148774
        ]
      },
      "id": "node/4490686892"
    },
    {
      "type": "Feature",
      "properties": {
        "@id": "node/4499485889",
        "addr:housenumber": "2",
        "addr:street": "Lebuh Cannon",
        "amenity": "restaurant",
        "cuisine": "malaysian",
        "name": "My Own Cafe",
        "name:en": "My Own Cafe",
        "opening_hours": "Th-Tu 10:00-16:00",
        "phone": "+60164851050"
      },
      "geometry": {
        "type": "Point",
        "coordinates": [
          100.3368187,
          5.4151992
        ]
      },
      "id": "node/4499485889"
    },
    {
      "type": "Feature",
      "properties": {
        "@id": "node/4500207990",
        "amenity": "restaurant",
        "cuisine": "malaysian",
        "name": "Kesum",
        "name:en": "Kesum",
        "name:nl": "Kesum"
      },
      "geometry": {
        "type": "Point",
        "coordinates": [
          100.3377499,
          5.419253
        ]
      },
      "id": "node/4500207990"
    },
    {
      "type": "Feature",
      "properties": {
        "@id": "node/4505474193",
        "amenity": "restaurant",
        "cuisine": "sandwich;pasta;malaysian;pizza",
        "name": "Kesum Art Restaurant",
        "name:en": "Wheat Bakery",
        "opening_hours": "Mo-Su 12:00-20:00"
      },
      "geometry": {
        "type": "Point",
        "coordinates": [
          100.3372357,
          5.4161396
        ]
      },
      "id": "node/4505474193"
    },
    {
      "type": "Feature",
      "properties": {
        "@id": "node/4511143489",
        "addr:city": "George Town",
        "addr:housenumber": "58",
        "addr:postcode": "10400",
        "addr:street": "Jalan Rangoon",
        "amenity": "restaurant",
        "cuisine": "noodles;ramen;diner;local;regional;malaysian",
        "name": "Hot Bowl White Curry Mee",
        "opening_hours": "Tu-Su 08:30-14:30",
        "phone": "+6042273168"
      },
      "geometry": {
        "type": "Point",
        "coordinates": [
          100.3244784,
          5.4179699
        ]
      },
      "id": "node/4511143489"
    },
    {
      "type": "Feature",
      "properties": {
        "@id": "node/4524279389",
        "amenity": "restaurant",
        "name": "Air Itam Famous Chicken Beansprouts",
        "name:en": "Air Itam Famous Chicken Beansprouts"
      },
      "geometry": {
        "type": "Point",
        "coordinates": [
          100.3333158,
          5.4160917
        ]
      },
      "id": "node/4524279389"
    },
    {
      "type": "Feature",
      "properties": {
        "@id": "node/4524411891",
        "amenity": "restaurant",
        "name": "Tang Bistro",
        "name:en": "Tang Bistro",
        "opening_hours": "We-Mo 11:30-23:00"
      },
      "geometry": {
        "type": "Point",
        "coordinates": [
          100.3401236,
          5.4174176
        ]
      },
      "id": "node/4524411891"
    },
    {
      "type": "Feature",
      "properties": {
        "@id": "node/4541216290",
        "amenity": "restaurant",
        "diet:vegetarian": "only",
        "name": "Lucky Vegie Vegetarian Restaurant",
        "name:en": "Lucky Vegie Vegetarian Restaurant",
        "name:zh": "如意齋素食館",
        "opening_hours": "Mo-Su 07:00-15:00, 17:00-21:00"
      },
      "geometry": {
        "type": "Point",
        "coordinates": [
          100.3885231,
          5.3871834
        ]
      },
      "id": "node/4541216290"
    },
    {
      "type": "Feature",
      "properties": {
        "@id": "node/4544638692",
        "amenity": "restaurant",
        "name": "Pak HocK",
        "name:en": "Pak HocK",
        "name:ms": "Pak HocK"
      },
      "geometry": {
        "type": "Point",
        "coordinates": [
          100.3353008,
          5.4187387
        ]
      },
      "id": "node/4544638692"
    },
    {
      "type": "Feature",
      "properties": {
        "@id": "node/4544647590",
        "addr:housenumber": "83",
        "addr:street": "Lebuh Muntri",
        "amenity": "restaurant",
        "cuisine": "cake;coffee_shop",
        "email": "nellcis49@gmail.com",
        "name": "Passion Heart Cafe (Homemade Delights)",
        "name:en": "Passion Heart Cafe (Homemade Delights)",
        "opening_hours": "We-Mo 12:00-22:30",
        "operator": "Nely and Joshua",
        "phone": "+60164431336",
        "website": "https://m.facebook.com/passionheartcafe"
      },
      "geometry": {
        "type": "Point",
        "coordinates": [
          100.3350227,
          5.4201538
        ]
      },
      "id": "node/4544647590"
    },
    {
      "type": "Feature",
      "properties": {
        "@id": "node/4547537189",
        "amenity": "restaurant",
        "diet:vegetarian": "only",
        "name": "Aik Choong Vegetarian",
        "name:en": "Aik Choong Vegetarian",
        "name:zh": "益众齋素食坊",
        "opening_hours": "Mo-Su 10:00-23:00"
      },
      "geometry": {
        "type": "Point",
        "coordinates": [
          100.3865591,
          5.4404058
        ]
      },
      "id": "node/4547537189"
    },
    {
      "type": "Feature",
      "properties": {
        "@id": "node/4558602791",
        "amenity": "restaurant",
        "name": "vino vinov bistro",
        "name:en": "vino vinov bistro"
      },
      "geometry": {
        "type": "Point",
        "coordinates": [
          100.3076037,
          5.3368682
        ]
      },
      "id": "node/4558602791"
    },
    {
      "type": "Feature",
      "properties": {
        "@id": "node/4558605991",
        "addr:postcode": "11700",
        "amenity": "restaurant",
        "check_date": "2026-03-07",
        "check_date:opening_hours": "2026-03-07",
        "contact:facebook": "GoldenPhoenixFoodCourt",
        "cuisine": "chinese;local",
        "name": "Golden Pheonix",
        "name:en": "Golden Pheonix",
        "opening_hours": "Mo-Su 07:00-22:00",
        "phone": "+6012-420 6888",
        "self_service": "no"
      },
      "geometry": {
        "type": "Point",
        "coordinates": [
          100.3002174,
          5.3528775
        ]
      },
      "id": "node/4558605991"
    },
    {
      "type": "Feature",
      "properties": {
        "@id": "node/4559459295",
        "addr:city": "Bukit Mertajam",
        "addr:housenumber": "3335",
        "addr:postcode": "14000",
        "addr:street": "Jalan Perniagaan",
        "amenity": "restaurant",
        "brand": "Pizza Hut",
        "brand:wikidata": "Q191615",
        "brand:wikipedia": "en:Pizza Hut",
        "cuisine": "pizza",
        "name": "Pizza Hut",
        "name:zh": "必胜客"
      },
      "geometry": {
        "type": "Point",
        "coordinates": [
          100.4813289,
          5.3337418
        ]
      },
      "id": "node/4559459295"
    },
    {
      "type": "Feature",
      "properties": {
        "@id": "node/4571701726",
        "amenity": "restaurant",
        "cuisine": "malaysian",
        "name": "Kedai Makanan Amirul"
      },
      "geometry": {
        "type": "Point",
        "coordinates": [
          100.4365529,
          5.4972549
        ]
      },
      "id": "node/4571701726"
    },
    {
      "type": "Feature",
      "properties": {
        "@id": "node/4571702123",
        "amenity": "restaurant",
        "cuisine": "malaysian",
        "name": "Mannish Family No 1"
      },
      "geometry": {
        "type": "Point",
        "coordinates": [
          100.4293267,
          5.5029612
        ]
      },
      "id": "node/4571702123"
    },
    {
      "type": "Feature",
      "properties": {
        "@id": "node/4573655617",
        "amenity": "restaurant"
      },
      "geometry": {
        "type": "Point",
        "coordinates": [
          100.473064,
          5.4575862
        ]
      },
      "id": "node/4573655617"
    },
    {
      "type": "Feature",
      "properties": {
        "@id": "node/4574501493",
        "addr:street": "Jalan Fettes",
        "amenity": "restaurant",
        "cuisine": "chinese;Chicken_Rice",
        "name": "Fatty Loh Chicken Rice",
        "name:en": "Fatty Loh",
        "name:zh": "大肥罗鸡饭",
        "opening_hours": "Mo-Su 09:30-17:00",
        "phone": "+6048990888"
      },
      "geometry": {
        "type": "Point",
        "coordinates": [
          100.3024331,
          5.452762
        ]
      },
      "id": "node/4574501493"
    },
    {
      "type": "Feature",
      "properties": {
        "@id": "node/4577894699",
        "amenity": "restaurant",
        "cuisine": "malaysian",
        "name": "Tomyam Pokok Sena"
      },
      "geometry": {
        "type": "Point",
        "coordinates": [
          100.4572758,
          5.4875709
        ]
      },
      "id": "node/4577894699"
    },
    {
      "type": "Feature",
      "properties": {
        "@id": "node/4577894719",
        "amenity": "restaurant",
        "cuisine": "malaysian",
        "diet:halal": "yes",
        "name": "Kamariah Seafood Ikan Bakar"
      },
      "geometry": {
        "type": "Point",
        "coordinates": [
          100.4579282,
          5.4764783
        ]
      },
      "id": "node/4577894719"
    },
    {
      "type": "Feature",
      "properties": {
        "@id": "node/4579929635",
        "amenity": "restaurant",
        "cuisine": "malaysian;nasi_kandar",
        "name": "Restoran Hass Beriyani Nasi Kandar",
        "source": "https://www.mapillary.com/map/im/kntQuPvICrtO0gFpzWaHZg"
      },
      "geometry": {
        "type": "Point",
        "coordinates": [
          100.4303765,
          5.5171312
        ]
      },
      "id": "node/4579929635"
    },
    {
      "type": "Feature",
      "properties": {
        "@id": "node/4581184090",
        "amenity": "restaurant",
        "name": "Mum's Nyonya Cuisine",
        "name:en": "Mum's Nyonya Cuisine"
      },
      "geometry": {
        "type": "Point",
        "coordinates": [
          100.3243737,
          5.4186238
        ]
      },
      "id": "node/4581184090"
    },
    {
      "type": "Feature",
      "properties": {
        "@id": "node/4583502092",
        "addr:city": "Butterworth",
        "addr:country": "MY",
        "addr:housenumber": "2004",
        "addr:postcode": "13400",
        "addr:street": "Bagan Lalang",
        "amenity": "restaurant",
        "cuisine": "seafood",
        "name": "Ong Cheng Huat Seafood",
        "name:en": "Ong Cheng Huat Seafood",
        "name:zh": "王清發海鮮",
        "opening_hours": "Tu-Su 11:00-17:30",
        "phone": "+604-3314782"
      },
      "geometry": {
        "type": "Point",
        "coordinates": [
          100.3965391,
          5.4433587
        ]
      },
      "id": "node/4583502092"
    },
    {
      "type": "Feature",
      "properties": {
        "@id": "node/4595649093",
        "amenity": "restaurant",
        "name": "Kassim Mustapha",
        "name:en": "Kassim Mustapha"
      },
      "geometry": {
        "type": "Point",
        "coordinates": [
          100.2859813,
          5.320462
        ]
      },
      "id": "node/4595649093"
    },
    {
      "type": "Feature",
      "properties": {
        "@id": "node/4595655692",
        "amenity": "restaurant",
        "name": "Makbul",
        "name:en": "Makbul"
      },
      "geometry": {
        "type": "Point",
        "coordinates": [
          100.2862313,
          5.3198406
        ]
      },
      "id": "node/4595655692"
    },
    {
      "type": "Feature",
      "properties": {
        "@id": "node/4595891890",
        "amenity": "restaurant",
        "brand": "Pizza Hut",
        "brand:wikidata": "Q191615",
        "cuisine": "pizza",
        "name": "Pizza Hut",
        "takeaway": "yes"
      },
      "geometry": {
        "type": "Point",
        "coordinates": [
          100.3994988,
          5.3998726
        ]
      },
      "id": "node/4595891890"
    },
    {
      "type": "Feature",
      "properties": {
        "@id": "node/4599106989",
        "amenity": "restaurant",
        "name": "Tomyom Seafood",
        "name:en": "Tomyom Seafood"
      },
      "geometry": {
        "type": "Point",
        "coordinates": [
          100.2084529,
          5.4575336
        ]
      },
      "id": "node/4599106989"
    },
    {
      "type": "Feature",
      "properties": {
        "@id": "node/4600872891",
        "addr:housenumber": "12",
        "addr:postcode": "10200",
        "addr:street": "Lorong Chulia",
        "amenity": "restaurant",
        "name": "Pit Stop No.12",
        "name:en": "Pit Stop No.12",
        "opening_hours": "Mo-Su 09:00-18:00"
      },
      "geometry": {
        "type": "Point",
        "coordinates": [
          100.3374071,
          5.4184309
        ]
      },
      "id": "node/4600872891"
    },
    {
      "type": "Feature",
      "properties": {
        "@id": "node/4603717092",
        "amenity": "restaurant"
      },
      "geometry": {
        "type": "Point",
        "coordinates": [
          100.2189744,
          5.4078534
        ]
      },
      "id": "node/4603717092"
    },
    {
      "type": "Feature",
      "properties": {
        "@id": "node/4618661386",
        "amenity": "restaurant",
        "cuisine": "malaysian;thai",
        "name": "Bangkok Station"
      },
      "geometry": {
        "type": "Point",
        "coordinates": [
          100.431694,
          5.3679675
        ]
      },
      "id": "node/4618661386"
    },
    {
      "type": "Feature",
      "properties": {
        "@id": "node/4618661771",
        "amenity": "restaurant",
        "cuisine": "malaysian",
        "name": "Restoran ZJ Bahagia"
      },
      "geometry": {
        "type": "Point",
        "coordinates": [
          100.4178169,
          5.3905324
        ]
      },
      "id": "node/4618661771"
    },
    {
      "type": "Feature",
      "properties": {
        "@id": "node/4620838734",
        "amenity": "restaurant",
        "cuisine": "malaysian",
        "name": "Warung Tomyam",
        "source": "https://www.mapillary.com/app/?pKey=FRVGPvgxErswtFrYM8qrq4&focus=photo"
      },
      "geometry": {
        "type": "Point",
        "coordinates": [
          100.4270544,
          5.3674979
        ]
      },
      "id": "node/4620838734"
    },
    {
      "type": "Feature",
      "properties": {
        "@id": "node/4620838735",
        "amenity": "restaurant",
        "cuisine": "malaysian",
        "name": "Restoran Nasi Kandar Nasmir",
        "takeaway": "yes"
      },
      "geometry": {
        "type": "Point",
        "coordinates": [
          100.4278367,
          5.3676193
        ]
      },
      "id": "node/4620838735"
    },
    {
      "type": "Feature",
      "properties": {
        "@id": "node/4620878353",
        "amenity": "restaurant",
        "name": "De' Bamboo Corner"
      },
      "geometry": {
        "type": "Point",
        "coordinates": [
          100.4146427,
          5.4072475
        ]
      },
      "id": "node/4620878353"
    },
    {
      "type": "Feature",
      "properties": {
        "@id": "node/4647642289",
        "amenity": "restaurant",
        "cuisine": "malaysian",
        "diet:vegetarian": "yes",
        "name": "Ee Beng Vegetarian Food",
        "name:en": "Ee Beng Vegetarian Food",
        "wheelchair": "limited"
      },
      "geometry": {
        "type": "Point",
        "coordinates": [
          100.3306061,
          5.4191362
        ]
      },
      "id": "node/4647642289"
    },
    {
      "type": "Feature",
      "properties": {
        "@id": "node/4658252390",
        "amenity": "restaurant",
        "name": "Kim Poh Roasted Chicken Rice",
        "name:zh": "金宝"
      },
      "geometry": {
        "type": "Point",
        "coordinates": [
          100.314744,
          5.3987502
        ]
      },
      "id": "node/4658252390"
    },
    {
      "type": "Feature",
      "properties": {
        "@id": "node/4658255590",
        "addr:city": "George Town",
        "addr:housenumber": "108",
        "addr:postcode": "10400",
        "addr:street": "Lorong Selamat",
        "amenity": "restaurant",
        "cuisine": "noodles;malaysian",
        "name": "Red Hat Aunty Char Koay Teow Lorong Selamat",
        "name:en": "Char Koay Teow Lorong Selamat",
        "opening_hours": "We-Mo 11:30-18:00"
      },
      "geometry": {
        "type": "Point",
        "coordinates": [
          100.3247412,
          5.4169604
        ]
      },
      "id": "node/4658255590"
    },
    {
      "type": "Feature",
      "properties": {
        "@id": "node/4658307795",
        "amenity": "restaurant",
        "name": "Chowrasta Market",
        "name:en": "Chowrasta Market",
        "name:zh": "吉灵万山巴刹",
        "name:zh-Hans": "吉灵万山巴刹",
        "name:zh-Hant": "吉靈萬山巴剎"
      },
      "geometry": {
        "type": "Point",
        "coordinates": [
          100.3315739,
          5.418111
        ]
      },
      "id": "node/4658307795"
    },
    {
      "type": "Feature",
      "properties": {
        "@id": "node/4658629690",
        "amenity": "restaurant",
        "name": "Kafe Joo Hooi",
        "name:en": "Joo Hooi Cafe",
        "name:ms": "Kafe Joo Hooi",
        "name:zh": "愉园茶室",
        "name:zh-Hans": "愉园茶室",
        "name:zh-Hant": "愉園茶室"
      },
      "geometry": {
        "type": "Point",
        "coordinates": [
          100.3306171,
          5.4171258
        ]
      },
      "id": "node/4658629690"
    },
    {
      "type": "Feature",
      "properties": {
        "@id": "node/4666424989",
        "amenity": "restaurant",
        "name": "New Happy Cafe",
        "name:en": "New Happy Cafe"
      },
      "geometry": {
        "type": "Point",
        "coordinates": [
          100.2951762,
          5.3498599
        ]
      },
      "id": "node/4666424989"
    },
    {
      "type": "Feature",
      "properties": {
        "@id": "node/4673882790",
        "amenity": "restaurant",
        "name": "Nasi Kandar Makbul",
        "opening_hours": "24/7"
      },
      "geometry": {
        "type": "Point",
        "coordinates": [
          100.2762071,
          5.3320459
        ]
      },
      "id": "node/4673882790"
    },
    {
      "type": "Feature",
      "properties": {
        "@id": "node/4673882889",
        "amenity": "restaurant",
        "name": "Deen Nasi Kan dar",
        "name:en": "Deen Nasi Kan dar"
      },
      "geometry": {
        "type": "Point",
        "coordinates": [
          100.2769309,
          5.3321123
        ]
      },
      "id": "node/4673882889"
    },
    {
      "type": "Feature",
      "properties": {
        "@id": "node/4678060790",
        "amenity": "restaurant",
        "name": "Paper Lobster",
        "name:en": "Paper Lobster"
      },
      "geometry": {
        "type": "Point",
        "coordinates": [
          100.2797135,
          5.3266576
        ]
      },
      "id": "node/4678060790"
    },
    {
      "type": "Feature",
      "properties": {
        "@id": "node/4678083189",
        "amenity": "restaurant",
        "name": "有緣份"
      },
      "geometry": {
        "type": "Point",
        "coordinates": [
          100.2779849,
          5.3291774
        ]
      },
      "id": "node/4678083189"
    },
    {
      "type": "Feature",
      "properties": {
        "@id": "node/4678675492",
        "amenity": "restaurant",
        "name": "Kopitiam",
        "name:en": "Kopitiam"
      },
      "geometry": {
        "type": "Point",
        "coordinates": [
          100.2788642,
          5.330787
        ]
      },
      "id": "node/4678675492"
    },
    {
      "type": "Feature",
      "properties": {
        "@id": "node/4678732989",
        "amenity": "restaurant",
        "name": "Kedai Kopi Tong Oh",
        "name:zh": "东湖茶室"
      },
      "geometry": {
        "type": "Point",
        "coordinates": [
          100.275008,
          5.3357425
        ]
      },
      "id": "node/4678732989"
    },
    {
      "type": "Feature",
      "properties": {
        "@id": "node/4678820490",
        "amenity": "restaurant",
        "name": "Beng Aun",
        "name:en": "Beng Aun",
        "toilets:wheelchair": "no",
        "wheelchair": "limited"
      },
      "geometry": {
        "type": "Point",
        "coordinates": [
          100.2775833,
          5.3303405
        ]
      },
      "id": "node/4678820490"
    },
    {
      "type": "Feature",
      "properties": {
        "@id": "node/4679539592",
        "amenity": "restaurant",
        "brand": "Pizza Hut",
        "brand:wikidata": "Q191615",
        "brand:wikipedia": "en:Pizza Hut",
        "cuisine": "pizza",
        "name": "Pizza Hut",
        "name:en": "Pizza Hurt"
      },
      "geometry": {
        "type": "Point",
        "coordinates": [
          100.2827857,
          5.3907591
        ]
      },
      "id": "node/4679539592"
    },
    {
      "type": "Feature",
      "properties": {
        "@id": "node/4681252189",
        "air_conditioning": "yes",
        "amenity": "restaurant",
        "bar": "no",
        "internet_access:password": "Twolegdog",
        "internet_access:ssid": "3 leg Cat Top Floor",
        "name": "Three Leg Cat",
        "outdoor_seating": "no",
        "payment:cards": "yes",
        "payment:cash": "yes",
        "payment:contactless": "yes",
        "payment:credit_cards": "yes",
        "payment:debit_cards": "yes",
        "payment:electronic_purses": "yes",
        "payment:mastercard": "yes",
        "payment:visa": "yes",
        "smoking": "no",
        "takeaway": "yes",
        "toilets": "yes",
        "toilets:wheelchair": "no",
        "wheelchair": "limited"
      },
      "geometry": {
        "type": "Point",
        "coordinates": [
          100.2756913,
          5.3323738
        ]
      },
      "id": "node/4681252189"
    },
    {
      "type": "Feature",
      "properties": {
        "@id": "node/4681586789",
        "amenity": "restaurant",
        "cuisine": "malaysian",
        "internet_access": "wlan",
        "name": "Wajib Ali",
        "name:en": "Wajib Ali",
        "name:fr": "Wajib Ali",
        "opening_hours": "24/7"
      },
      "geometry": {
        "type": "Point",
        "coordinates": [
          100.3679771,
          5.3978692
        ]
      },
      "id": "node/4681586789"
    },
    {
      "type": "Feature",
      "properties": {
        "@id": "node/4684556492",
        "amenity": "restaurant",
        "cuisine": "malaysian;local",
        "internet_access": "wlan",
        "name": "Lagenda Café",
        "name:en": "Lagenda Café"
      },
      "geometry": {
        "type": "Point",
        "coordinates": [
          100.3351992,
          5.4152814
        ]
      },
      "id": "node/4684556492"
    },
    {
      "type": "Feature",
      "properties": {
        "@id": "node/4684666190",
        "addr:housenumber": "170",
        "addr:postcode": "10300",
        "addr:street": "Jalan Gurdwara",
        "amenity": "restaurant",
        "cuisine": "indian",
        "name": "Deen Maju Nasi Kandar",
        "name:en": "Deen Maju Nasi Kandar",
        "opening_hours": "Sa-Th 12:00-22:00",
        "website": "https://deens-maju-nasi-kandar.goto-where.com/"
      },
      "geometry": {
        "type": "Point",
        "coordinates": [
          100.3281002,
          5.409732
        ]
      },
      "id": "node/4684666190"
    },
    {
      "type": "Feature",
      "properties": {
        "@id": "node/4684697592",
        "amenity": "restaurant",
        "name": "Kong Thai Lai",
        "name:en": "Kong Thai Lai",
        "name:ms": "Kong Thai Lai"
      },
      "geometry": {
        "type": "Point",
        "coordinates": [
          100.3332638,
          5.4203709
        ]
      },
      "id": "node/4684697592"
    },
    {
      "type": "Feature",
      "properties": {
        "@id": "node/4699458092",
        "amenity": "restaurant",
        "email": "gomo.120campbell@gmail.com",
        "name": "Gomo Wine Bar & Restaurant",
        "name:en": "Gomo Wine Bar & Restaurant",
        "phone": "0129883045"
      },
      "geometry": {
        "type": "Point",
        "coordinates": [
          100.3333866,
          5.4181981
        ]
      },
      "id": "node/4699458092"
    },
    {
      "type": "Feature",
      "properties": {
        "@id": "node/4699506989",
        "amenity": "restaurant",
        "name": "Urban Spice Cafe",
        "name:en": "Urban Spice Cafe"
      },
      "geometry": {
        "type": "Point",
        "coordinates": [
          100.3360995,
          5.4149893
        ]
      },
      "id": "node/4699506989"
    },
    {
      "type": "Feature",
      "properties": {
        "@id": "node/4708340995",
        "amenity": "restaurant",
        "name": "New Dragon Gate Seafood Restaurant",
        "name:en": "New Dragon Gate Seafood Restaurant"
      },
      "geometry": {
        "type": "Point",
        "coordinates": [
          100.3231748,
          5.4169229
        ]
      },
      "id": "node/4708340995"
    },
    {
      "type": "Feature",
      "properties": {
        "@id": "node/4708341101",
        "amenity": "restaurant",
        "cuisine": "chinese",
        "name": "Hong Kong Tea Garden",
        "name:en": "Hong Kong Tea Garden",
        "name:zh": "香港茶楼",
        "name:zh-Hans": "香港茶楼",
        "name:zh-Hant": "香港茶樓"
      },
      "geometry": {
        "type": "Point",
        "coordinates": [
          100.3239256,
          5.4164534
        ]
      },
      "id": "node/4708341101"
    },
    {
      "type": "Feature",
      "properties": {
        "@id": "node/4708341192",
        "amenity": "restaurant",
        "name": "Yummy Cottage Food Court",
        "name:en": "Yummy Cottage Food Court"
      },
      "geometry": {
        "type": "Point",
        "coordinates": [
          100.3231505,
          5.4165766
        ]
      },
      "id": "node/4708341192"
    },
    {
      "type": "Feature",
      "properties": {
        "@id": "node/4708341295",
        "amenity": "restaurant",
        "name": "Lai Lai Bak Kut Teh",
        "name:en": "Lai Lai Bak Kut Teh"
      },
      "geometry": {
        "type": "Point",
        "coordinates": [
          100.3231935,
          5.4165564
        ]
      },
      "id": "node/4708341295"
    },
    {
      "type": "Feature",
      "properties": {
        "@id": "node/4708341296",
        "alt_name": "Penang Delicious Food Court",
        "alt_name:en": "Penang Delicious Food Court",
        "amenity": "restaurant",
        "name": "MS Food Court",
        "name:en": "MS Food Court"
      },
      "geometry": {
        "type": "Point",
        "coordinates": [
          100.3226017,
          5.4167307
        ]
      },
      "id": "node/4708341296"
    },
    {
      "type": "Feature",
      "properties": {
        "@id": "node/4708373991",
        "amenity": "restaurant",
        "name": "7 Village Noodle House",
        "name:en": "7 Village Noodle House"
      },
      "geometry": {
        "type": "Point",
        "coordinates": [
          100.3241126,
          5.4182815
        ]
      },
      "id": "node/4708373991"
    },
    {
      "type": "Feature",
      "properties": {
        "@id": "node/4708387789",
        "amenity": "restaurant",
        "name": "Jade Palace Restaurant",
        "name:en": "Jade Palace Restaurant"
      },
      "geometry": {
        "type": "Point",
        "coordinates": [
          100.3238295,
          5.4180836
        ]
      },
      "id": "node/4708387789"
    },
    {
      "type": "Feature",
      "properties": {
        "@id": "node/4708387890",
        "amenity": "restaurant",
        "name": "Kedai Makanan dan Minuman Seong Huat",
        "name:en": "Seong Huat Food Court",
        "name:ms": "Kedai Makanan dan Minuman Seong Huat"
      },
      "geometry": {
        "type": "Point",
        "coordinates": [
          100.3259667,
          5.422246
        ]
      },
      "id": "node/4708387890"
    },
    {
      "type": "Feature",
      "properties": {
        "@id": "node/4708388189",
        "amenity": "restaurant",
        "name": "Simmering Kitchen",
        "name:en": "Simmering Kitchen"
      },
      "geometry": {
        "type": "Point",
        "coordinates": [
          100.3245902,
          5.4190775
        ]
      },
      "id": "node/4708388189"
    },
    {
      "type": "Feature",
      "properties": {
        "@id": "node/4708388389",
        "amenity": "restaurant",
        "name": "Tai Wei Village Restaurant",
        "name:zh": "台味小村"
      },
      "geometry": {
        "type": "Point",
        "coordinates": [
          100.3243718,
          5.4193768
        ]
      },
      "id": "node/4708388389"
    },
    {
      "type": "Feature",
      "properties": {
        "@id": "node/4708388489",
        "amenity": "restaurant",
        "cuisine": "seafood",
        "name": "Ocean Green Restaurant",
        "name:en": "Ocean Green Restaurant"
      },
      "geometry": {
        "type": "Point",
        "coordinates": [
          100.325997,
          5.4263154
        ]
      },
      "id": "node/4708388489"
    },
    {
      "type": "Feature",
      "properties": {
        "@id": "node/4709155790",
        "amenity": "restaurant",
        "name": "My Prosperous Dimsum Restaurant",
        "name:en": "My Prosperous Dimsum Restaurant"
      },
      "geometry": {
        "type": "Point",
        "coordinates": [
          100.3234923,
          5.4174272
        ]
      },
      "id": "node/4709155790"
    },
    {
      "type": "Feature",
      "properties": {
        "@id": "node/4710027591",
        "amenity": "restaurant",
        "name": "Chuan Heong Cafe"
      },
      "geometry": {
        "type": "Point",
        "coordinates": [
          100.2358386,
          5.3516296
        ]
      },
      "id": "node/4710027591"
    },
    {
      "type": "Feature",
      "properties": {
        "@id": "node/4712816493",
        "amenity": "restaurant",
        "name": "BM Cup Rice",
        "name:en": "BM Cup Rice"
      },
      "geometry": {
        "type": "Point",
        "coordinates": [
          100.4610164,
          5.363653
        ]
      },
      "id": "node/4712816493"
    },
    {
      "type": "Feature",
      "properties": {
        "@id": "node/4717545894",
        "addr:housenumber": "58",
        "addr:postcode": "10300",
        "addr:street": "Lebuh Tye Sin",
        "amenity": "restaurant",
        "name": "Jian Jian Vegetarian Food",
        "name:en": "Jian Jian Vegetarian Food",
        "name:zh": "娟娟素食馆",
        "name:zh-Hans": "娟娟素食馆",
        "name:zh-Hant": "娟娟素食館",
        "opening_hours": "Mo-Sa 07:00-14:00",
        "phone": "+60 12 4297518"
      },
      "geometry": {
        "type": "Point",
        "coordinates": [
          100.3301366,
          5.4103936
        ]
      },
      "id": "node/4717545894"
    },
    {
      "type": "Feature",
      "properties": {
        "@id": "node/4719869092",
        "amenity": "restaurant",
        "name": "Vishnua Pizza",
        "name:en": "Vishnua Pizza"
      },
      "geometry": {
        "type": "Point",
        "coordinates": [
          100.3418239,
          5.4170685
        ]
      },
      "id": "node/4719869092"
    },
    {
      "type": "Feature",
      "properties": {
        "@id": "node/4735592621",
        "amenity": "restaurant",
        "name": "7 Village",
        "name:en": "7 Village",
        "source": "https://openstreetcam.org/details/2318750/2930",
        "website": "https://www.7villagenoodlehouse.com/"
      },
      "geometry": {
        "type": "Point",
        "coordinates": [
          100.4856649,
          5.1844652
        ]
      },
      "id": "node/4735592621"
    },
    {
      "type": "Feature",
      "properties": {
        "@id": "node/4736555523",
        "amenity": "restaurant",
        "name": "Tuai Pui",
        "name:en": "Tuai Pui",
        "name:zh": "大肥咖喱面",
        "name:zh-Hans": "大肥咖喱面",
        "name:zh-Hant": "大肥咖喱面"
      },
      "geometry": {
        "type": "Point",
        "coordinates": [
          100.3338353,
          5.4156887
        ]
      },
      "id": "node/4736555523"
    },
    {
      "type": "Feature",
      "properties": {
        "@id": "node/4787502221",
        "amenity": "restaurant",
        "cuisine": "asian",
        "name": "Cowboy restaurant",
        "name:en": "Cowboy restaurant"
      },
      "geometry": {
        "type": "Point",
        "coordinates": [
          100.3389071,
          5.4136603
        ]
      },
      "id": "node/4787502221"
    },
    {
      "type": "Feature",
      "properties": {
        "@id": "node/4794229222",
        "amenity": "restaurant",
        "cuisine": "indian",
        "diet:vegetarian": "yes",
        "name": "Nasi Kandar Daba",
        "name:en": "Nasi Kandar Daba"
      },
      "geometry": {
        "type": "Point",
        "coordinates": [
          100.3323135,
          5.41951
        ]
      },
      "id": "node/4794229222"
    },
    {
      "type": "Feature",
      "properties": {
        "@id": "node/4802012315",
        "amenity": "restaurant",
        "cuisine": "malaysian",
        "diet:halal": "yes",
        "name": "Ratu Emas Restoran"
      },
      "geometry": {
        "type": "Point",
        "coordinates": [
          100.3762426,
          5.4256468
        ]
      },
      "id": "node/4802012315"
    },
    {
      "type": "Feature",
      "properties": {
        "@id": "node/4802013518",
        "amenity": "restaurant",
        "cuisine": "chinese",
        "name": "Restoran Lucky"
      },
      "geometry": {
        "type": "Point",
        "coordinates": [
          100.3708659,
          5.4106481
        ]
      },
      "id": "node/4802013518"
    },
    {
      "type": "Feature",
      "properties": {
        "@id": "node/4802013796",
        "amenity": "restaurant",
        "name": "Restoran Shuhada"
      },
      "geometry": {
        "type": "Point",
        "coordinates": [
          100.3679755,
          5.400499
        ]
      },
      "id": "node/4802013796"
    },
    {
      "type": "Feature",
      "properties": {
        "@id": "node/4804913021",
        "amenity": "restaurant",
        "name": "Ah Lai Caffee",
        "name:en": "Ah Lai Caffee"
      },
      "geometry": {
        "type": "Point",
        "coordinates": [
          100.3428596,
          5.4166764
        ]
      },
      "id": "node/4804913021"
    },
    {
      "type": "Feature",
      "properties": {
        "@id": "node/4805041127",
        "amenity": "restaurant",
        "cuisine": "burger;pasta;italian",
        "name": "Bouncy Food",
        "name:en": "Bouncy Food"
      },
      "geometry": {
        "type": "Point",
        "coordinates": [
          100.2904103,
          5.3269174
        ]
      },
      "id": "node/4805041127"
    },
    {
      "type": "Feature",
      "properties": {
        "@id": "node/4826761521",
        "amenity": "restaurant",
        "cuisine": "korean",
        "name": "Seoul Garden",
        "name:en": "Seoul Garden",
        "name:ko": "서울가든",
        "name:zh": "首尔花园"
      },
      "geometry": {
        "type": "Point",
        "coordinates": [
          100.3081241,
          5.4398221
        ]
      },
      "id": "node/4826761521"
    },
    {
      "type": "Feature",
      "properties": {
        "@id": "node/4832300627",
        "amenity": "restaurant",
        "cuisine": "chinese;local;regional;coffee_shop",
        "name": "Hui Wang Cafe",
        "name:zh-Hans": "辉煌茶餐室"
      },
      "geometry": {
        "type": "Point",
        "coordinates": [
          100.3039417,
          5.3405123
        ]
      },
      "id": "node/4832300627"
    },
    {
      "type": "Feature",
      "properties": {
        "@id": "node/4844888421",
        "amenity": "restaurant",
        "cuisine": "breakfast;coffee_shop",
        "name": "Harvester's Cafe",
        "name:en": "Harvester's Cafe"
      },
      "geometry": {
        "type": "Point",
        "coordinates": [
          100.3369075,
          5.4164523
        ]
      },
      "id": "node/4844888421"
    },
    {
      "type": "Feature",
      "properties": {
        "@id": "node/4875445322",
        "addr:housenumber": "36c",
        "addr:street": "Jalan Chow Thye",
        "amenity": "restaurant",
        "name": "Le Brunch",
        "name:en": "Le Brunch",
        "opening_hours:signed": "no"
      },
      "geometry": {
        "type": "Point",
        "coordinates": [
          100.3211988,
          5.4255848
        ]
      },
      "id": "node/4875445322"
    },
    {
      "type": "Feature",
      "properties": {
        "@id": "node/4875461022",
        "addr:housenumber": "142 I",
        "addr:street": "jalan Burma",
        "amenity": "restaurant",
        "cuisine": "malaysian",
        "name": "NS Nasi Kandar",
        "name:en": "NS Nasi Kandar",
        "opening_hours": "24/7",
        "website": "http://nsnasikadar.com"
      },
      "geometry": {
        "type": "Point",
        "coordinates": [
          100.321733,
          5.4234994
        ]
      },
      "id": "node/4875461022"
    },
    {
      "type": "Feature",
      "properties": {
        "@id": "node/4881005383",
        "amenity": "restaurant",
        "name": "Chicken Rice and Noodle Soup"
      },
      "geometry": {
        "type": "Point",
        "coordinates": [
          100.4074831,
          5.3921565
        ]
      },
      "id": "node/4881005383"
    },
    {
      "type": "Feature",
      "properties": {
        "@id": "node/4881741122",
        "amenity": "restaurant",
        "cuisine": "korean",
        "name": "Daorae;Korean BBQ",
        "name:en": "Daorae"
      },
      "geometry": {
        "type": "Point",
        "coordinates": [
          100.2944878,
          5.3324922
        ]
      },
      "id": "node/4881741122"
    },
    {
      "type": "Feature",
      "properties": {
        "@id": "node/4887831922",
        "amenity": "restaurant",
        "name": "Restautant House of Food",
        "name:en": "Restautant House of Food",
        "name:zh": "好福美食中心"
      },
      "geometry": {
        "type": "Point",
        "coordinates": [
          100.4795509,
          5.3496087
        ]
      },
      "id": "node/4887831922"
    },
    {
      "type": "Feature",
      "properties": {
        "@id": "node/4894804121",
        "addr:housenumber": "399",
        "addr:street": "Lebuh Chulia",
        "amenity": "restaurant",
        "cuisine": "burger;american;bagel;coffee_shop",
        "diet:vegan": "yes",
        "diet:vegetarian": "yes",
        "internet_access": "wlan",
        "name": "Y Not Cafe Restaurant Bar",
        "name:en": "Y Not Cafe Restaurant Bar",
        "opening_hours": "Mo-Su 11:00-21:00"
      },
      "geometry": {
        "type": "Point",
        "coordinates": [
          100.3352078,
          5.4187072
        ]
      },
      "id": "node/4894804121"
    },
    {
      "type": "Feature",
      "properties": {
        "@id": "node/4914686223",
        "amenity": "restaurant",
        "name": "Perut Rumah restaurant",
        "name:en": "Perut Rumah restaurant"
      },
      "geometry": {
        "type": "Point",
        "coordinates": [
          100.3257224,
          5.4216856
        ]
      },
      "id": "node/4914686223"
    },
    {
      "type": "Feature",
      "properties": {
        "@id": "node/4920025022",
        "addr:housenumber": "612 T",
        "addr:postcode": "11500",
        "addr:street": "Jalan Air Itam",
        "amenity": "restaurant",
        "cuisine": "malaysian",
        "name": "Sister's Curry Mee",
        "name:en": "Sister's Curry Mee",
        "opening_hours": "We-Mo 07:30-13:00",
        "phone": "+60124108152"
      },
      "geometry": {
        "type": "Point",
        "coordinates": [
          100.2782872,
          5.400357
        ]
      },
      "id": "node/4920025022"
    },
    {
      "type": "Feature",
      "properties": {
        "@id": "node/4934738167",
        "amenity": "restaurant",
        "name": "Kedai Makanan dan Minuman Mei Wei",
        "name:zh": "美溦美食中心"
      },
      "geometry": {
        "type": "Point",
        "coordinates": [
          100.4840889,
          5.3326545
        ]
      },
      "id": "node/4934738167"
    },
    {
      "type": "Feature",
      "properties": {
        "@id": "node/4949074907",
        "amenity": "restaurant",
        "cuisine": "chinese",
        "name": "Xi-Palace Restaurant",
        "name:zh": "金喜大酒家"
      },
      "geometry": {
        "type": "Point",
        "coordinates": [
          100.4849735,
          5.3316999
        ]
      },
      "id": "node/4949074907"
    },
    {
      "type": "Feature",
      "properties": {
        "@id": "node/4956137757",
        "amenity": "restaurant",
        "name": "Kedai Kopi R Tow 鸭头饮食中心",
        "name:zh": "鸭头饮食中心"
      },
      "geometry": {
        "type": "Point",
        "coordinates": [
          100.4854793,
          5.3401071
        ]
      },
      "id": "node/4956137757"
    },
    {
      "type": "Feature",
      "properties": {
        "@id": "node/4964969026",
        "addr:housenumber": "5",
        "addr:postcode": "14100",
        "addr:street": "Jalan Bukit Tambun",
        "amenity": "restaurant",
        "name": "VR Tambun ZhenSiang",
        "name:zh": "祯祥素食餐馆",
        "opening_hours": "Mo-Sa 09:00-19:00",
        "phone": "6011 10604616"
      },
      "geometry": {
        "type": "Point",
        "coordinates": [
          100.4654139,
          5.2757689
        ]
      },
      "id": "node/4964969026"
    },
    {
      "type": "Feature",
      "properties": {
        "@id": "node/4964969027",
        "addr:street": "Jalan Bukit Tambun",
        "amenity": "restaurant",
        "name": "VR Tambun coffee shop stall",
        "name:en": "VR Tambun coffee shop stall",
        "opening_hours": "Mo-Sa 07:00-16:00"
      },
      "geometry": {
        "type": "Point",
        "coordinates": [
          100.4669944,
          5.2770605
        ]
      },
      "id": "node/4964969027"
    },
    {
      "type": "Feature",
      "properties": {
        "@id": "node/4964969028",
        "addr:housenumber": "23",
        "addr:postcode": "14100",
        "addr:street": "Jalan Besar",
        "amenity": "restaurant",
        "name": "Restoran Sayuran Amy",
        "name:en": "Amy Vegeterian Restaurant",
        "name:zh": "和美素食馆",
        "opening_hours": "We-Mo 05:00-22:00"
      },
      "geometry": {
        "type": "Point",
        "coordinates": [
          100.4754035,
          5.2664497
        ]
      },
      "id": "node/4964969028"
    },
    {
      "type": "Feature",
      "properties": {
        "@id": "node/4964969029",
        "addr:housenumber": "16",
        "addr:postcode": "14200",
        "addr:street": "Lorong Gemelan 1",
        "amenity": "restaurant",
        "name": "VR Sg Bakap Ju Yee",
        "name:en": "VR Sg Bakap Ju Yee",
        "name:ms": "VR Sg Bakap Ju Yee",
        "phone": "60 45838655"
      },
      "geometry": {
        "type": "Point",
        "coordinates": [
          100.4922849,
          5.2327124
        ]
      },
      "id": "node/4964969029"
    },
    {
      "type": "Feature",
      "properties": {
        "@id": "node/4964969030",
        "addr:housenumber": "29, 31 & 33",
        "addr:postcode": "14000",
        "addr:street": "Lorong Perwira Indah 1",
        "amenity": "restaurant",
        "cuisine": "chinese;seafood",
        "name": "Restoran Ocean",
        "name:zh": "海洋外勤商业中泰海鲜餐厅",
        "opening_hours": "Mo-Su 11:30-14:25, 17:30-22:30"
      },
      "geometry": {
        "type": "Point",
        "coordinates": [
          100.4772041,
          5.2990838
        ]
      },
      "id": "node/4964969030"
    },
    {
      "type": "Feature",
      "properties": {
        "@id": "node/4967940623",
        "addr:housenumber": "38",
        "addr:postcode": "10300",
        "addr:street": "Lebuh Tye Sin",
        "amenity": "restaurant",
        "diet:vegan": "yes",
        "diet:vegetarian": "yes",
        "name": "VR Pinxin Vegan",
        "name:en": "VR Pinxin Vegan",
        "opening_hours": "Mo-Su 11:00-22:00",
        "phone": "+60 42610043"
      },
      "geometry": {
        "type": "Point",
        "coordinates": [
          100.3301833,
          5.4101872
        ]
      },
      "id": "node/4967940623"
    },
    {
      "type": "Feature",
      "properties": {
        "@id": "node/4990312921",
        "addr:street": "Jalan Batu Feringghi",
        "amenity": "restaurant",
        "name": "Mee Udang Batu Ferringghi",
        "name:en": "Ajid Cafe"
      },
      "geometry": {
        "type": "Point",
        "coordinates": [
          100.2456387,
          5.4708717
        ]
      },
      "id": "node/4990312921"
    },
    {
      "type": "Feature",
      "properties": {
        "@id": "node/5014508324",
        "addr:housenumber": "24",
        "addr:postcode": "10050",
        "addr:street": "Jalan Kedah",
        "amenity": "restaurant",
        "name": "VR Penang Bock Garden",
        "name:en": "VR Penang Bock Garden",
        "opening_hours": "Sa-Th 10:30-21:00",
        "phone": "6012 4822634"
      },
      "geometry": {
        "type": "Point",
        "coordinates": [
          100.3289654,
          5.4195237
        ]
      },
      "id": "node/5014508324"
    },
    {
      "type": "Feature",
      "properties": {
        "@id": "node/5014545821",
        "addr:housenumber": "2",
        "addr:postcode": "10450",
        "addr:street": "Jalan Krian",
        "amenity": "restaurant",
        "name": "VR Penang 8 Morality",
        "name:en": "VR Penang 8 Morality",
        "opening_hours": "Tu-Su 11:00-21:00",
        "phone": "+60 42265753"
      },
      "geometry": {
        "type": "Point",
        "coordinates": [
          100.3220466,
          5.41678
        ]
      },
      "id": "node/5014545821"
    },
    {
      "type": "Feature",
      "properties": {
        "@id": "node/5014604122",
        "addr:housenumber": "90",
        "addr:postcode": "10100",
        "addr:street": "Jalan Doktor Lim Chwee Leong",
        "amenity": "restaurant",
        "name": "VR Penang Zhu Yuan",
        "name:en": "VR Penang Zhu Yuan",
        "opening_hours": "We-Mo 11:00-14:30, 18:00-21:30; Tu 00:00-24:00",
        "phone": "+60 42617706"
      },
      "geometry": {
        "type": "Point",
        "coordinates": [
          100.3331997,
          5.4133956
        ]
      },
      "id": "node/5014604122"
    },
    {
      "type": "Feature",
      "properties": {
        "@id": "node/5014699422",
        "addr:housenumber": "69E",
        "addr:postcode": "10460",
        "addr:street": "Jalan Terengganu",
        "amenity": "restaurant",
        "diet:vegetarian": "yes",
        "name": "Cheng Sim Vegetarian Restaurant",
        "name:zh-Hant": "清心素食館",
        "opening_hours": "24/7",
        "phone": "+60 42832615"
      },
      "geometry": {
        "type": "Point",
        "coordinates": [
          100.3084496,
          5.4043982
        ]
      },
      "id": "node/5014699422"
    },
    {
      "type": "Feature",
      "properties": {
        "@id": "node/5014706021",
        "addr:housenumber": "2B",
        "addr:postcode": "11700",
        "addr:street": "Lorong Delima 7",
        "amenity": "restaurant",
        "name": "VR Back home",
        "name:en": "VR Back home",
        "opening_hours": "24/7",
        "phone": "+6016 4567747"
      },
      "geometry": {
        "type": "Point",
        "coordinates": [
          100.3046814,
          5.3820318
        ]
      },
      "id": "node/5014706021"
    },
    {
      "type": "Feature",
      "properties": {
        "@id": "node/5019880321",
        "amenity": "restaurant",
        "name": "Jai Xiang Seafood Restoran",
        "name:en": "Jai Xiang Seafood Restoran"
      },
      "geometry": {
        "type": "Point",
        "coordinates": [
          100.1946603,
          5.3061991
        ]
      },
      "id": "node/5019880321"
    },
    {
      "type": "Feature",
      "properties": {
        "@id": "node/5036946122",
        "amenity": "restaurant",
        "name": "海南鸡",
        "name:zh": "海南鸡",
        "name:zh-Hans": "海南鸡",
        "name:zh-Hant": "海南雞"
      },
      "geometry": {
        "type": "Point",
        "coordinates": [
          100.3283793,
          5.4214931
        ]
      },
      "id": "node/5036946122"
    },
    {
      "type": "Feature",
      "properties": {
        "@id": "node/5039352721",
        "amenity": "restaurant",
        "name": "Hainan Food",
        "name:en": "Hainan Food"
      },
      "geometry": {
        "type": "Point",
        "coordinates": [
          100.3325102,
          5.4191188
        ]
      },
      "id": "node/5039352721"
    },
    {
      "type": "Feature",
      "properties": {
        "@id": "node/5040194223",
        "addr:housenumber": "3890",
        "addr:postcode": "13400",
        "addr:street": "Jalan permatang pauh",
        "amenity": "restaurant",
        "name": "Lee Beng masakan thai",
        "opening_hours": "Mo-Su 11:00-21:00",
        "phone": "0164825048",
        "website": "https://m.facebook.com/leebengmasakanthai/"
      },
      "geometry": {
        "type": "Point",
        "coordinates": [
          100.3885846,
          5.4138439
        ]
      },
      "id": "node/5040194223"
    },
    {
      "type": "Feature",
      "properties": {
        "@id": "node/5045167695",
        "addr:housenumber": "1",
        "addr:street": "Jalan Lembah Permai 1",
        "amenity": "restaurant",
        "name": "第一咖啡店"
      },
      "geometry": {
        "type": "Point",
        "coordinates": [
          100.4577764,
          5.3499939
        ]
      },
      "id": "node/5045167695"
    },
    {
      "type": "Feature",
      "properties": {
        "@id": "node/5063236321",
        "amenity": "restaurant",
        "cuisine": "indonesian;international;malaysian;local",
        "name": "Ferringhi food paradise",
        "name:en": "Ferringhi food paradise",
        "name:fr": "Ferringhi food paradise"
      },
      "geometry": {
        "type": "Point",
        "coordinates": [
          100.2491128,
          5.4747478
        ]
      },
      "id": "node/5063236321"
    },
    {
      "type": "Feature",
      "properties": {
        "@id": "node/5066081362",
        "amenity": "restaurant",
        "cuisine": "wok;spicy;chinese",
        "name": "Na Du 拿渡",
        "source": "https://www.mapillary.com/app/?pKey=WGkMTt1qCcRZA0daJqrvI7&focus=photo"
      },
      "geometry": {
        "type": "Point",
        "coordinates": [
          100.3302644,
          5.398674
        ]
      },
      "id": "node/5066081362"
    },
    {
      "type": "Feature",
      "properties": {
        "@id": "node/5066081363",
        "amenity": "restaurant",
        "name": "Restoran Nona Bali",
        "source": "https://www.mapillary.com/app/?pKey=kEvb5NqvXEsyIwDsqNerLN&focus=photo"
      },
      "geometry": {
        "type": "Point",
        "coordinates": [
          100.3303128,
          5.3987342
        ]
      },
      "id": "node/5066081363"
    },
    {
      "type": "Feature",
      "properties": {
        "@id": "node/5104308921",
        "addr:housenumber": "77",
        "addr:street": "Jalan Sri Bahari",
        "amenity": "restaurant",
        "cuisine": "vietnamese",
        "internet_access": "wlan",
        "name": "saigon house cuisine",
        "name:ko": "사이공 하우스77",
        "opening_hours": "Mo-Su 11:00-22:00",
        "phone": "+60-4-261-2301"
      },
      "geometry": {
        "type": "Point",
        "coordinates": [
          100.3315498,
          5.421531
        ]
      },
      "id": "node/5104308921"
    },
    {
      "type": "Feature",
      "properties": {
        "@id": "node/5151318723",
        "amenity": "restaurant",
        "cuisine": "burger",
        "name": "Rics Burger",
        "name:en": "Rics Burger",
        "opening_hours": "Su-Th 11:45-21:15; Fr-Sa 11:45-21:45",
        "website": "http://www.facebook.com/ricsburgerpenangroad"
      },
      "geometry": {
        "type": "Point",
        "coordinates": [
          100.3324119,
          5.4195853
        ]
      },
      "id": "node/5151318723"
    },
    {
      "type": "Feature",
      "properties": {
        "@id": "node/5164518622",
        "amenity": "restaurant",
        "cuisine": "local;chinese",
        "name": "Ang Hoay Lor",
        "name:en": "Ang Hoay Lor",
        "opening_hours": "Th-Tu 12:00-15:00, 18:00-21:00"
      },
      "geometry": {
        "type": "Point",
        "coordinates": [
          100.3271201,
          5.4068766
        ]
      },
      "id": "node/5164518622"
    },
    {
      "type": "Feature",
      "properties": {
        "@id": "node/5166885921",
        "addr:city": "George Town",
        "addr:housename": "The Whiteaways Arcade",
        "addr:housenumber": "20A&B",
        "addr:postcode": "10300",
        "addr:street": "Lebuh Pantai",
        "air_conditioning": "yes",
        "amenity": "restaurant",
        "cuisine": "vietnamese",
        "internet_access": "wlan",
        "name": "Saigon Bowl",
        "name:en": "Saigon Bowl",
        "opening_hours": "Mo-Su 12:00-20:00",
        "phone": "+60 16-420 6243",
        "website": "https://saigonbowl.my/"
      },
      "geometry": {
        "type": "Point",
        "coordinates": [
          100.3422482,
          5.4175785
        ]
      },
      "id": "node/5166885921"
    },
    {
      "type": "Feature",
      "properties": {
        "@id": "node/5172227203",
        "addr:city": "Bayan Lepas",
        "addr:postcode": "11900",
        "amenity": "restaurant",
        "cuisine": "hotpot;chinese",
        "delivery": "no",
        "name": "Lameizi",
        "outdoor_seating": "no",
        "smoking": "no",
        "takeaway": "no"
      },
      "geometry": {
        "type": "Point",
        "coordinates": [
          100.2991537,
          5.3308395
        ]
      },
      "id": "node/5172227203"
    },
    {
      "type": "Feature",
      "properties": {
        "@id": "node/5172831729",
        "amenity": "restaurant",
        "cuisine": "chinese;noodles;chicken;fish",
        "name": "Culinary Exploration",
        "name:en": "Culinary Exploration",
        "opening_hours": "Mo-Su 09:00-21:00"
      },
      "geometry": {
        "type": "Point",
        "coordinates": [
          100.3329395,
          5.4184311
        ]
      },
      "id": "node/5172831729"
    },
    {
      "type": "Feature",
      "properties": {
        "@id": "node/5175857223",
        "amenity": "restaurant",
        "cuisine": "breakfast;pasta;cake;local;diner;burger",
        "diet:vegetarian": "yes",
        "name": "Sugar On Top (S.O.T.)",
        "name:en": "Sugar On Top (S.O.T.)",
        "opening_hours": "Mo-Su 11:00-23:00"
      },
      "geometry": {
        "type": "Point",
        "coordinates": [
          100.3258347,
          5.421513
        ]
      },
      "id": "node/5175857223"
    },
    {
      "type": "Feature",
      "properties": {
        "@id": "node/5193848938",
        "alt_name": "Kedai Makanan dan Minuman Shing Wongkok Kopitiam",
        "alt_name:zh": "金旺角茶室",
        "amenity": "restaurant",
        "cuisine": "chinese",
        "name": "Kedai Makanan dan Minuman Wongkok",
        "name:zh": "旺角饮食中心",
        "source": "https://www.mapillary.com/app/?pKey=ipWsaWmcAomD6D7sfqdbVS&focus=photo"
      },
      "geometry": {
        "type": "Point",
        "coordinates": [
          100.4644293,
          5.3622877
        ]
      },
      "id": "node/5193848938"
    },
    {
      "type": "Feature",
      "properties": {
        "@id": "node/5194036526",
        "addr:housenumber": "106",
        "addr:postcode": "14000",
        "addr:street": "Jalan Tembikai",
        "amenity": "restaurant",
        "cuisine": "chinese",
        "diet:vegetarian": "yes",
        "name": "Lu Ye Yuan Vegetarian Restaurant 鹿野园素食馆",
        "name:zh": "鹿野园素食馆",
        "phone": "+60 16 810 6870"
      },
      "geometry": {
        "type": "Point",
        "coordinates": [
          100.4444485,
          5.36125
        ]
      },
      "id": "node/5194036526"
    },
    {
      "type": "Feature",
      "properties": {
        "@id": "node/5194112522",
        "addr:housenumber": "5",
        "addr:street": "Lebuh Nangka 2",
        "amenity": "restaurant",
        "name": "VR BM Violet Bamboo",
        "opening_hours": "We-Mo 10:00-15:00, 17:00-22:00; Tu 00:00-24:00",
        "phone": "+60 17 4203558"
      },
      "geometry": {
        "type": "Point",
        "coordinates": [
          100.4436904,
          5.3638821
        ]
      },
      "id": "node/5194112522"
    },
    {
      "type": "Feature",
      "properties": {
        "@id": "node/5198236196",
        "amenity": "restaurant",
        "cuisine": "arab;kebab",
        "internet_access": "wlan",
        "name": "Mr. Shawerma",
        "name:en": "Mr. Shawerma",
        "opening_hours": "Mo-Th 11:00-01:00; Fr-Su 11:00-02:00",
        "phone": "+6042519590"
      },
      "geometry": {
        "type": "Point",
        "coordinates": [
          100.3368995,
          5.4179122
        ]
      },
      "id": "node/5198236196"
    },
    {
      "type": "Feature",
      "properties": {
        "@id": "node/5222547527",
        "amenity": "restaurant",
        "name": "Belimbing Cafe Catering",
        "name:en": "Belimbing Cafe Catering"
      },
      "geometry": {
        "type": "Point",
        "coordinates": [
          100.2149111,
          5.4575344
        ]
      },
      "id": "node/5222547527"
    },
    {
      "type": "Feature",
      "properties": {
        "@id": "node/5224594121",
        "addr:housenumber": "273A",
        "addr:street": "Lebuh Chulia",
        "amenity": "restaurant",
        "diet:vegetarian": "yes",
        "internet_access": "wlan",
        "name": "Mr. Shawerma",
        "name:en": "Mr. Shawerma",
        "opening_hours": "Mo-Su 14:00-00:00"
      },
      "geometry": {
        "type": "Point",
        "coordinates": [
          100.3367308,
          5.4178696
        ]
      },
      "id": "node/5224594121"
    },
    {
      "type": "Feature",
      "properties": {
        "@id": "node/5242566424",
        "addr:street": "Lorong Sek Chuan",
        "amenity": "restaurant",
        "cuisine": "malaysian",
        "name": "The Brick Cafe",
        "name:en": "The Brick Cafe",
        "opening_hours": "Mo-Su 09:00-22:00"
      },
      "geometry": {
        "type": "Point",
        "coordinates": [
          100.33668,
          5.4173804
        ]
      },
      "id": "node/5242566424"
    },
    {
      "type": "Feature",
      "properties": {
        "@id": "node/5258091068",
        "amenity": "restaurant",
        "cuisine": "malaysian",
        "name": "Nasi Kandar Pelita"
      },
      "geometry": {
        "type": "Point",
        "coordinates": [
          100.4418088,
          5.3651133
        ]
      },
      "id": "node/5258091068"
    },
    {
      "type": "Feature",
      "properties": {
        "@id": "node/5258284189",
        "amenity": "restaurant",
        "cuisine": "chinese;malaysian;coffee_shop",
        "name": "Kedai Kopi & Makanan Lau Yu 老友饮食中心",
        "name:zh": "老友饮食中心"
      },
      "geometry": {
        "type": "Point",
        "coordinates": [
          100.4450204,
          5.3650065
        ]
      },
      "id": "node/5258284189"
    },
    {
      "type": "Feature",
      "properties": {
        "@id": "node/5258284196",
        "amenity": "restaurant",
        "cuisine": "chinese;malaysian;coffee_shop",
        "name": "Kedai Kopi & Makanan Mutiara 珍珠饮食中心",
        "name:zh": "珍珠饮食中心"
      },
      "geometry": {
        "type": "Point",
        "coordinates": [
          100.4449935,
          5.3647287
        ]
      },
      "id": "node/5258284196"
    },
    {
      "type": "Feature",
      "properties": {
        "@id": "node/5258284200",
        "amenity": "restaurant",
        "cuisine": "chinese;malaysian;coffee_shop",
        "name": "838饮食中心"
      },
      "geometry": {
        "type": "Point",
        "coordinates": [
          100.4453154,
          5.3644964
        ]
      },
      "id": "node/5258284200"
    },
    {
      "type": "Feature",
      "properties": {
        "@id": "node/5258285463",
        "amenity": "restaurant",
        "cuisine": "chinese;pork",
        "name": "Good Master Bah Kut Teh 食王（槟城）肉骨茶",
        "name:zh": "食王（槟城）肉骨茶"
      },
      "geometry": {
        "type": "Point",
        "coordinates": [
          100.4448151,
          5.3605328
        ]
      },
      "id": "node/5258285463"
    },
    {
      "type": "Feature",
      "properties": {
        "@id": "node/5258285464",
        "amenity": "restaurant",
        "name": "Bah Kut Teh Good Master Restaurant 食王（珍珠市）肉骨茶",
        "name:zh": "食王（珍珠市）肉骨茶"
      },
      "geometry": {
        "type": "Point",
        "coordinates": [
          100.4444288,
          5.3604954
        ]
      },
      "id": "node/5258285464"
    },
    {
      "type": "Feature",
      "properties": {
        "@id": "node/5258285467",
        "amenity": "restaurant",
        "name": "Restoran 89 89美食坊",
        "name:zh": "89美食坊"
      },
      "geometry": {
        "type": "Point",
        "coordinates": [
          100.444849,
          5.3609988
        ]
      },
      "id": "node/5258285467"
    },
    {
      "type": "Feature",
      "properties": {
        "@id": "node/5258285470",
        "amenity": "restaurant",
        "diet:vegetarian": "yes",
        "name": "Restoran Sayuran Phor Tay Ling 菩提林素食中心",
        "name:zh": "菩提林素食中心"
      },
      "geometry": {
        "type": "Point",
        "coordinates": [
          100.4444387,
          5.3614074
        ]
      },
      "id": "node/5258285470"
    },
    {
      "type": "Feature",
      "properties": {
        "@id": "node/5258285488",
        "amenity": "restaurant",
        "cuisine": "chinese;malaysian;coffee_shop",
        "name": "Restoran Kar Ping 嘉宾茶餐室",
        "name:zh": "嘉宾茶餐室"
      },
      "geometry": {
        "type": "Point",
        "coordinates": [
          100.4434033,
          5.3635972
        ]
      },
      "id": "node/5258285488"
    },
    {
      "type": "Feature",
      "properties": {
        "@id": "node/5271673602",
        "amenity": "restaurant",
        "name": "Nasi Kandar Ali's"
      },
      "geometry": {
        "type": "Point",
        "coordinates": [
          100.4770906,
          5.3227234
        ]
      },
      "id": "node/5271673602"
    },
    {
      "type": "Feature",
      "properties": {
        "@id": "node/5273238122",
        "amenity": "restaurant",
        "name": "Cafe Long Kee Seafood 隆吉中泰海鲜",
        "name:en": "Cafe Long Kee Seafood",
        "name:zh": "隆吉中泰海鲜"
      },
      "geometry": {
        "type": "Point",
        "coordinates": [
          100.4574378,
          5.3405741
        ]
      },
      "id": "node/5273238122"
    },
    {
      "type": "Feature",
      "properties": {
        "@id": "node/5273244022",
        "amenity": "restaurant",
        "name:zh": "海景中泰海鲜"
      },
      "geometry": {
        "type": "Point",
        "coordinates": [
          100.4574738,
          5.3408878
        ]
      },
      "id": "node/5273244022"
    },
    {
      "type": "Feature",
      "properties": {
        "@id": "node/5280057330",
        "amenity": "restaurant",
        "name": "chekin tanduri hendiya"
      },
      "geometry": {
        "type": "Point",
        "coordinates": [
          100.2892903,
          5.465996
        ]
      },
      "id": "node/5280057330"
    },
    {
      "type": "Feature",
      "properties": {
        "@id": "node/5287335227",
        "amenity": "restaurant",
        "name": "Surae Sushi",
        "name:en": "Surae Sushi"
      },
      "geometry": {
        "type": "Point",
        "coordinates": [
          100.3310806,
          5.4133413
        ]
      },
      "id": "node/5287335227"
    },
    {
      "type": "Feature",
      "properties": {
        "@id": "node/5298315121",
        "amenity": "restaurant",
        "cuisine": "malaysian",
        "diet:vegan": "yes",
        "diet:vegetarian": "yes",
        "name": "Vegetarian Buffet"
      },
      "geometry": {
        "type": "Point",
        "coordinates": [
          100.3137214,
          5.429378
        ]
      },
      "id": "node/5298315121"
    },
    {
      "type": "Feature",
      "properties": {
        "@id": "node/5308503897",
        "addr:city": "Tanjung Bungah",
        "addr:housenumber": "2N",
        "addr:postcode": "11200",
        "addr:street": "Jalan Lembah Permai",
        "amenity": "restaurant",
        "cuisine": "chinese;asian;seafood",
        "delivery": "no",
        "name": "Double Good Restaurant",
        "outdoor_seating": "no",
        "phone": "+6048992323",
        "smoking": "no"
      },
      "geometry": {
        "type": "Point",
        "coordinates": [
          100.2801737,
          5.4644511
        ]
      },
      "id": "node/5308503897"
    },
    {
      "type": "Feature",
      "properties": {
        "@id": "node/5310036121",
        "amenity": "restaurant",
        "name": "Karaikudi Indian Restaurant",
        "name:en": "Karaikudi Indian Restaurant"
      },
      "geometry": {
        "type": "Point",
        "coordinates": [
          100.3402356,
          5.416509
        ]
      },
      "id": "node/5310036121"
    },
    {
      "type": "Feature",
      "properties": {
        "@id": "node/5319879221",
        "amenity": "restaurant",
        "cuisine": "japanese;sushi",
        "name": "Boru",
        "name:en": "Boru",
        "name:ms": "Boru"
      },
      "geometry": {
        "type": "Point",
        "coordinates": [
          100.3372557,
          5.4156442
        ]
      },
      "id": "node/5319879221"
    },
    {
      "type": "Feature",
      "properties": {
        "@id": "node/5321489921",
        "addr:housenumber": "156",
        "addr:street": "Lebuh Carnarvon",
        "amenity": "restaurant",
        "cuisine": "asian",
        "internet_access": "wlan",
        "name": "Wanton Mee",
        "name:en": "Wanton Mee",
        "name:vi": "Mi Hoanh Thanh"
      },
      "geometry": {
        "type": "Point",
        "coordinates": [
          100.3347746,
          5.4153608
        ]
      },
      "id": "node/5321489921"
    },
    {
      "type": "Feature",
      "properties": {
        "@id": "node/5321489922",
        "amenity": "restaurant",
        "cuisine": "chinese",
        "name": "G Town Kopitiam",
        "name:zh": "日道咖啡店",
        "source:name": "https://kartaview.org/details/2721870/316"
      },
      "geometry": {
        "type": "Point",
        "coordinates": [
          100.3288307,
          5.4176352
        ]
      },
      "id": "node/5321489922"
    },
    {
      "type": "Feature",
      "properties": {
        "@id": "node/5365430329",
        "addr:housenumber": "437",
        "addr:street": "Chulia Street",
        "amenity": "restaurant",
        "cuisine": "burger;italian;asian;malaysian",
        "internet_access": "wlan",
        "name": "Rockafellas Kitchen and Bar",
        "name:en": "Rockafellas Kitchen and Bar",
        "outdoor_seating": "yes"
      },
      "geometry": {
        "type": "Point",
        "coordinates": [
          100.3342894,
          5.4191295
        ]
      },
      "id": "node/5365430329"
    },
    {
      "type": "Feature",
      "properties": {
        "@id": "node/5365430330",
        "addr:housenumber": "92",
        "addr:street": "Lebuh Campbell",
        "amenity": "restaurant",
        "cuisine": "chinese;asian",
        "name": "Tho Yuen Dim Sum",
        "name:ms": "Tho Yuen Dim Sum",
        "opening_hours": "We-Mo 06:00-15:00"
      },
      "geometry": {
        "type": "Point",
        "coordinates": [
          100.3337365,
          5.4179771
        ]
      },
      "id": "node/5365430330"
    },
    {
      "type": "Feature",
      "properties": {
        "@id": "node/5372408331",
        "addr:housenumber": "23 & 25",
        "addr:postcode": "10050",
        "addr:street": "Jalan Sri Bahari",
        "amenity": "restaurant",
        "email": "foongweifood@gmail.com",
        "name": "Foong Wei Hong Restaurant",
        "name:en": "Foong Wei Hong Restaurant",
        "name:zh": "风味小吃馆",
        "name:zh-Hans": "风味小吃馆",
        "name:zh-Hant": "風味小食館"
      },
      "geometry": {
        "type": "Point",
        "coordinates": [
          100.3320596,
          5.4210199
        ]
      },
      "id": "node/5372408331"
    },
    {
      "type": "Feature",
      "properties": {
        "@id": "node/5377817821",
        "amenity": "restaurant",
        "name": "Lokal Food Buffet",
        "name:en": "Lokal Food Buffet",
        "wheelchair": "yes"
      },
      "geometry": {
        "type": "Point",
        "coordinates": [
          100.3307119,
          5.4211633
        ]
      },
      "id": "node/5377817821"
    },
    {
      "type": "Feature",
      "properties": {
        "@id": "node/5423751605",
        "amenity": "restaurant",
        "name": "Pak Ya Tomyam"
      },
      "geometry": {
        "type": "Point",
        "coordinates": [
          100.4893044,
          5.334933
        ]
      },
      "id": "node/5423751605"
    },
    {
      "type": "Feature",
      "properties": {
        "@id": "node/5426324121",
        "addr:city": "George Town",
        "addr:housenumber": "65",
        "addr:postcode": "10200",
        "addr:street": "Lorong Love",
        "air_conditioning": "yes",
        "amenity": "restaurant",
        "bar": "yes",
        "cuisine": "mexican",
        "name": "Holy Guacamole",
        "name:en": "Holy Guacamole",
        "opening_hours": "Mo-Su 12:00-02:00",
        "outdoor_seating": "yes",
        "phone": "0174829065",
        "reservation": "recommended"
      },
      "geometry": {
        "type": "Point",
        "coordinates": [
          100.3365715,
          5.4187719
        ]
      },
      "id": "node/5426324121"
    },
    {
      "type": "Feature",
      "properties": {
        "@id": "node/5444396723",
        "amenity": "restaurant",
        "name": "NASI KANDAR"
      },
      "geometry": {
        "type": "Point",
        "coordinates": [
          100.3792856,
          5.4422712
        ]
      },
      "id": "node/5444396723"
    },
    {
      "type": "Feature",
      "properties": {
        "@id": "node/5444396726",
        "amenity": "restaurant",
        "name:zh": "323海鲜"
      },
      "geometry": {
        "type": "Point",
        "coordinates": [
          100.3787133,
          5.4427808
        ]
      },
      "id": "node/5444396726"
    },
    {
      "type": "Feature",
      "properties": {
        "@id": "node/5444396728",
        "amenity": "restaurant",
        "cuisine": "seafood",
        "name:zh": "亚仲海鲜"
      },
      "geometry": {
        "type": "Point",
        "coordinates": [
          100.3782798,
          5.4413972
        ]
      },
      "id": "node/5444396728"
    },
    {
      "type": "Feature",
      "properties": {
        "@id": "node/5444396729",
        "amenity": "restaurant",
        "cuisine": "seafood",
        "name:zh": "龙虾村"
      },
      "geometry": {
        "type": "Point",
        "coordinates": [
          100.3783273,
          5.4409187
        ]
      },
      "id": "node/5444396729"
    },
    {
      "type": "Feature",
      "properties": {
        "@id": "node/5444396732",
        "amenity": "restaurant",
        "cuisine": "malay",
        "name": "Subaidah Nasi Kandar",
        "opening_hours": "24/7"
      },
      "geometry": {
        "type": "Point",
        "coordinates": [
          100.3803121,
          5.4351131
        ]
      },
      "id": "node/5444396732"
    },
    {
      "type": "Feature",
      "properties": {
        "@id": "node/5444423322",
        "amenity": "restaurant",
        "cuisine": "seafood",
        "name:zh": "再生海鲜"
      },
      "geometry": {
        "type": "Point",
        "coordinates": [
          100.3784402,
          5.4417794
        ]
      },
      "id": "node/5444423322"
    },
    {
      "type": "Feature",
      "properties": {
        "@id": "node/5444429922",
        "amenity": "restaurant",
        "cuisine": "seafood",
        "name:zh": "北海道"
      },
      "geometry": {
        "type": "Point",
        "coordinates": [
          100.3783681,
          5.4412023
        ]
      },
      "id": "node/5444429922"
    },
    {
      "type": "Feature",
      "properties": {
        "@id": "node/5444430023",
        "amenity": "restaurant",
        "name": "BIG A"
      },
      "geometry": {
        "type": "Point",
        "coordinates": [
          100.376039,
          5.4246455
        ]
      },
      "id": "node/5444430023"
    },
    {
      "type": "Feature",
      "properties": {
        "@id": "node/5461995521",
        "addr:street": "Jalan Batu Feringghi",
        "amenity": "restaurant",
        "cuisine": "arab;indian;barbecue;asian",
        "name": "Pakeeza Safa Marwah",
        "name:en": "Pakeeza Safa Marwah",
        "name:ms": "Pakeeza Safa Marwah"
      },
      "geometry": {
        "type": "Point",
        "coordinates": [
          100.2480927,
          5.4736424
        ]
      },
      "id": "node/5461995521"
    },
    {
      "type": "Feature",
      "properties": {
        "@id": "node/5468999022",
        "amenity": "restaurant",
        "internet_access": "wlan",
        "name": "Nasi Kandar \"Nasmir\"",
        "opening_hours": "24/7"
      },
      "geometry": {
        "type": "Point",
        "coordinates": [
          100.3160479,
          5.3962051
        ]
      },
      "id": "node/5468999022"
    },
    {
      "type": "Feature",
      "properties": {
        "@id": "node/5469390863",
        "amenity": "restaurant",
        "cuisine": "chinese",
        "name": "China Town",
        "opening_hours": "Mo-Su 10:00-22:00",
        "smoking": "outside"
      },
      "geometry": {
        "type": "Point",
        "coordinates": [
          100.3084101,
          5.3390624
        ]
      },
      "id": "node/5469390863"
    },
    {
      "type": "Feature",
      "properties": {
        "@id": "node/5480079623",
        "amenity": "restaurant",
        "name": "George Bar",
        "name:en": "George Bar"
      },
      "geometry": {
        "type": "Point",
        "coordinates": [
          100.3368266,
          5.4191604
        ]
      },
      "id": "node/5480079623"
    },
    {
      "type": "Feature",
      "properties": {
        "@id": "node/5480099721",
        "amenity": "restaurant",
        "name": "Wai Kei Cafe",
        "name:en": "Wai Kei Cafe",
        "name:zh": "槐记海南鸡饭",
        "name:zh-Hans": "槐记海南鸡饭",
        "name:zh-Hant": "槐記海南雞飯"
      },
      "geometry": {
        "type": "Point",
        "coordinates": [
          100.335284,
          5.4188831
        ]
      },
      "id": "node/5480099721"
    },
    {
      "type": "Feature",
      "properties": {
        "@id": "node/5484338721",
        "amenity": "restaurant",
        "name": "Hutton Mansion Wine Haus",
        "name:en": "Hutton Mansion Wine Haus"
      },
      "geometry": {
        "type": "Point",
        "coordinates": [
          100.3291849,
          5.4207289
        ]
      },
      "id": "node/5484338721"
    },
    {
      "type": "Feature",
      "properties": {
        "@id": "node/5484339124",
        "amenity": "restaurant",
        "name": "Sous Vide Urban Café",
        "name:en": "Sous Vide Urban Café"
      },
      "geometry": {
        "type": "Point",
        "coordinates": [
          100.3266611,
          5.4202112
        ]
      },
      "id": "node/5484339124"
    },
    {
      "type": "Feature",
      "properties": {
        "@id": "node/5508937455",
        "amenity": "restaurant",
        "cuisine": "french;italian",
        "name": "华盖豪宅高级餐厅",
        "name:zh": "华盖豪宅高级餐厅",
        "name:zh-Hans": "华盖豪宅高级餐厅",
        "name:zh-Hant": "華蓋豪宅高級餐廳"
      },
      "geometry": {
        "type": "Point",
        "coordinates": [
          100.3345704,
          5.4231576
        ]
      },
      "id": "node/5508937455"
    },
    {
      "type": "Feature",
      "properties": {
        "@id": "node/5526851368",
        "amenity": "restaurant",
        "name": "Shanghai Ding"
      },
      "geometry": {
        "type": "Point",
        "coordinates": [
          100.3074802,
          5.3360701
        ]
      },
      "id": "node/5526851368"
    },
    {
      "type": "Feature",
      "properties": {
        "@id": "node/5527544780",
        "addr:city": "Bayan Lepas",
        "addr:housenumber": "66",
        "addr:postcode": "11900",
        "addr:street": "Jalan Aziz Ibrahim",
        "air_conditioning": "yes",
        "amenity": "restaurant",
        "bar": "no",
        "brewery": "no",
        "cuisine": "chinese",
        "highchair": "no",
        "level": "0",
        "microbrewery": "no",
        "mobile": "+60 122861896",
        "name": "Kampar Fish Jelly Restaurant",
        "opening_hours": "Tu-Su 10:15-14:00,17:15-20:00; PH off",
        "outdoor_seating": "no",
        "payment:app": "yes",
        "payment:cards": "no",
        "payment:cash": "yes",
        "smoking": "no",
        "takeaway": "yes",
        "toilets": "yes",
        "wheelchair": "limited"
      },
      "geometry": {
        "type": "Point",
        "coordinates": [
          100.3046519,
          5.3388812
        ]
      },
      "id": "node/5527544780"
    },
    {
      "type": "Feature",
      "properties": {
        "@id": "node/5539720512",
        "amenity": "restaurant",
        "cuisine": "chinese",
        "name": "Restoran Lip Sin Red Tea House",
        "restaurant": "chinese"
      },
      "geometry": {
        "type": "Point",
        "coordinates": [
          100.2936775,
          5.3413455
        ]
      },
      "id": "node/5539720512"
    },
    {
      "type": "Feature",
      "properties": {
        "@id": "node/5570199806",
        "amenity": "restaurant",
        "brand": "Chili's",
        "brand:wikidata": "Q1072948",
        "brand:wikipedia": "en:Chili's",
        "cuisine": "tex-mex;mexican",
        "name": "Chili's",
        "official_name": "Chili's Grill & Bar",
        "smoking": "isolated"
      },
      "geometry": {
        "type": "Point",
        "coordinates": [
          100.3101107,
          5.4375141
        ]
      },
      "id": "node/5570199806"
    },
    {
      "type": "Feature",
      "properties": {
        "@id": "node/5570199810",
        "addr:floor": "G",
        "amenity": "restaurant",
        "brand": "Nando's",
        "brand:wikidata": "Q3472954",
        "brand:wikipedia": "en:Nando's",
        "check_date": "2025-10-02",
        "cuisine": "chicken;portuguese",
        "diet:halal": "yes",
        "diet:vegetarian": "yes",
        "level": "0",
        "name": "Nando's",
        "payment:cash": "yes",
        "payment:credit_cards": "yes",
        "payment:debit_cards": "yes"
      },
      "geometry": {
        "type": "Point",
        "coordinates": [
          100.3097631,
          5.4372774
        ]
      },
      "id": "node/5570199810"
    },
    {
      "type": "Feature",
      "properties": {
        "@id": "node/5570199811",
        "addr:floor": "B1",
        "amenity": "restaurant",
        "check_date": "2025-10-02",
        "cuisine": "vietnamese",
        "level": "-1",
        "name": "An Viet",
        "payment:cash": "yes",
        "payment:credit_cards": "yes",
        "payment:debit_cards": "yes",
        "restaurant": "Vietnamese"
      },
      "geometry": {
        "type": "Point",
        "coordinates": [
          100.30932,
          5.4373644
        ]
      },
      "id": "node/5570199811"
    },
    {
      "type": "Feature",
      "properties": {
        "@id": "node/5570199816",
        "air_conditioning": "yes",
        "amenity": "restaurant",
        "diet:halal": "no",
        "name": "Dragon-i",
        "opening_hours": "PH,Mo-Su 10:00-22:00",
        "restaurant": "chinese",
        "smoking": "no"
      },
      "geometry": {
        "type": "Point",
        "coordinates": [
          100.3093566,
          5.4368686
        ]
      },
      "id": "node/5570199816"
    },
    {
      "type": "Feature",
      "properties": {
        "@id": "node/5570203083",
        "amenity": "restaurant",
        "name": "Go Noodle House",
        "restaurant": "chinese"
      },
      "geometry": {
        "type": "Point",
        "coordinates": [
          100.3092927,
          5.4375302
        ]
      },
      "id": "node/5570203083"
    },
    {
      "type": "Feature",
      "properties": {
        "@id": "node/5570203084",
        "amenity": "restaurant",
        "brand": "Din Tai Fung",
        "brand:en": "Din Tai Fung",
        "brand:wikidata": "Q699142",
        "brand:wikipedia": "en:Din Tai Fung",
        "brand:zh": "鼎泰豐",
        "cuisine": "taiwanese",
        "name": "Din Tai Fung",
        "name:en": "Din Tai Fung",
        "name:zh": "鼎泰豐",
        "restaurant": "chinese"
      },
      "geometry": {
        "type": "Point",
        "coordinates": [
          100.3094187,
          5.437597
        ]
      },
      "id": "node/5570203084"
    },
    {
      "type": "Feature",
      "properties": {
        "@id": "node/5595613521",
        "amenity": "restaurant",
        "cuisine": "indian",
        "name": "Dindigul Biriyani",
        "name:en": "Dindigul Biriyani"
      },
      "geometry": {
        "type": "Point",
        "coordinates": [
          100.3405589,
          5.4176775
        ]
      },
      "id": "node/5595613521"
    },
    {
      "type": "Feature",
      "properties": {
        "@id": "node/5598930761",
        "amenity": "restaurant",
        "cuisine": "regional",
        "name": "The Legend Nyonya House",
        "name:zh": "娘惹传承",
        "restaurant": "chinese"
      },
      "geometry": {
        "type": "Point",
        "coordinates": [
          100.3404634,
          5.4139594
        ]
      },
      "id": "node/5598930761"
    },
    {
      "type": "Feature",
      "properties": {
        "@id": "node/5600055754",
        "amenity": "restaurant",
        "name": "Simply Wang Thai",
        "name:en": "Simply Wang Thai",
        "restaurant": "thai"
      },
      "geometry": {
        "type": "Point",
        "coordinates": [
          100.3418475,
          5.418532
        ]
      },
      "id": "node/5600055754"
    },
    {
      "type": "Feature",
      "properties": {
        "@id": "node/5603123030",
        "addr:housenumber": "66",
        "addr:postcode": "10200",
        "addr:street": "Lebuh Bishop",
        "amenity": "restaurant",
        "cuisine": "indian",
        "email": "gempg@live.com",
        "name": "GEM Restaurant",
        "name:en": "GEM Restaurant",
        "opening_hours": "Mo-Su 11:00-23:00",
        "phone": "+60 4-262 4070"
      },
      "geometry": {
        "type": "Point",
        "coordinates": [
          100.3406509,
          5.4192752
        ]
      },
      "id": "node/5603123030"
    },
    {
      "type": "Feature",
      "properties": {
        "@id": "node/5606808821",
        "addr:housenumber": "295",
        "addr:street": "Jalan Burma",
        "amenity": "restaurant",
        "cuisine": "malaysian;local",
        "diet:halal": "yes",
        "name": "Restoran Mohamed Raffee Nasi Kandar"
      },
      "geometry": {
        "type": "Point",
        "coordinates": [
          100.3126908,
          5.4302203
        ]
      },
      "id": "node/5606808821"
    },
    {
      "type": "Feature",
      "properties": {
        "@id": "node/5613479121",
        "amenity": "restaurant"
      },
      "geometry": {
        "type": "Point",
        "coordinates": [
          100.2404631,
          5.3532085
        ]
      },
      "id": "node/5613479121"
    },
    {
      "type": "Feature",
      "properties": {
        "@id": "node/5615070727",
        "amenity": "restaurant",
        "cuisine": "indian",
        "name": "Sri Ananda Bahwan",
        "name:en": "Sri Ananda Bahwan"
      },
      "geometry": {
        "type": "Point",
        "coordinates": [
          100.3403974,
          5.4174282
        ]
      },
      "id": "node/5615070727"
    },
    {
      "type": "Feature",
      "properties": {
        "@id": "node/5619042723",
        "amenity": "restaurant",
        "name": "Restoran Old Green House",
        "name:ms": "Restoran Old Green House",
        "name:zh": "老青屋",
        "name:zh-Hans": "老青屋",
        "name:zh-Hant": "老青屋"
      },
      "geometry": {
        "type": "Point",
        "coordinates": [
          100.3211054,
          5.4236767
        ]
      },
      "id": "node/5619042723"
    },
    {
      "type": "Feature",
      "properties": {
        "@id": "node/5623298327",
        "addr:housenumber": "14",
        "addr:postcode": "11200",
        "addr:street": "Jalan Tanjung Bungah",
        "amenity": "restaurant",
        "name": "Sri Ananda Bahwan",
        "phone": "048909771"
      },
      "geometry": {
        "type": "Point",
        "coordinates": [
          100.2895107,
          5.4658182
        ]
      },
      "id": "node/5623298327"
    },
    {
      "type": "Feature",
      "properties": {
        "@id": "node/5623298330",
        "addr:housenumber": "102-D-6",
        "addr:postcode": "10050",
        "addr:street": "Jalan Burma",
        "amenity": "restaurant",
        "name": "Carrot Fish",
        "name:en": "Carrot Fish"
      },
      "geometry": {
        "type": "Point",
        "coordinates": [
          100.3266941,
          5.4203188
        ]
      },
      "id": "node/5623298330"
    },
    {
      "type": "Feature",
      "properties": {
        "@id": "node/5624526304",
        "addr:housenumber": "674-C",
        "addr:street": "Jalan Sungai Dua",
        "amenity": "restaurant",
        "name": "Kim Hin Cafe",
        "name:zh": "锦兴茶餐室"
      },
      "geometry": {
        "type": "Point",
        "coordinates": [
          100.2982666,
          5.3515774
        ]
      },
      "id": "node/5624526304"
    },
    {
      "type": "Feature",
      "properties": {
        "@id": "node/5629867221",
        "addr:housenumber": "7",
        "addr:postcode": "10350",
        "addr:street": "Lorong Kuching",
        "amenity": "restaurant",
        "cuisine": "tea;chinese",
        "name": "Qing Huan Chinese tea house",
        "name:pl": "Qing Huan Chinese tea house - polecana",
        "opening_hours": "Tu-Su 11:00-18:00",
        "phone": "+6042278988",
        "website": "http://qinguantea.com"
      },
      "geometry": {
        "type": "Point",
        "coordinates": [
          100.3093987,
          5.4320072
        ]
      },
      "id": "node/5629867221"
    },
    {
      "type": "Feature",
      "properties": {
        "@id": "node/5630147704",
        "addr:city": "George Town",
        "addr:housenumber": "79",
        "addr:postcode": "10200",
        "addr:street": "Lebuh Bishop",
        "amenity": "restaurant",
        "cuisine": "taiwanese",
        "name": "Xi Meng Ding",
        "name:en": "Xi Meng Ding",
        "name:ms": "Xi Meng Ding",
        "name:zh": "西门町",
        "name:zh-Hans": "西门町",
        "name:zh-Hant": "西門町"
      },
      "geometry": {
        "type": "Point",
        "coordinates": [
          100.3408707,
          5.4190081
        ]
      },
      "id": "node/5630147704"
    },
    {
      "type": "Feature",
      "properties": {
        "@id": "node/5630147705",
        "amenity": "restaurant",
        "cuisine": "chinese;pan_mee",
        "name": "I Mum Mum Noodle Library",
        "name:en": "I Mum Mum Noodle Library"
      },
      "geometry": {
        "type": "Point",
        "coordinates": [
          100.3409408,
          5.4189674
        ]
      },
      "id": "node/5630147705"
    },
    {
      "type": "Feature",
      "properties": {
        "@id": "node/5633175322",
        "amenity": "restaurant",
        "name": "Paya Terubong Nasi Lemak"
      },
      "geometry": {
        "type": "Point",
        "coordinates": [
          100.2747724,
          5.3789622
        ]
      },
      "id": "node/5633175322"
    },
    {
      "type": "Feature",
      "properties": {
        "@id": "node/5634769824",
        "addr:housenumber": "6",
        "addr:street": "Lebuh Carnarvon",
        "amenity": "restaurant",
        "name": "Aik Hoe",
        "name:en": "Aik Hoe"
      },
      "geometry": {
        "type": "Point",
        "coordinates": [
          100.3361154,
          5.4177509
        ]
      },
      "id": "node/5634769824"
    },
    {
      "type": "Feature",
      "properties": {
        "@id": "node/5634808398",
        "amenity": "restaurant",
        "cuisine": "indian",
        "name": "Kiritiga Curry House",
        "name:en": "Kiritiga Curry House"
      },
      "geometry": {
        "type": "Point",
        "coordinates": [
          100.3394331,
          5.4183722
        ]
      },
      "id": "node/5634808398"
    },
    {
      "type": "Feature",
      "properties": {
        "@id": "node/5634817621",
        "amenity": "restaurant",
        "name": "Two Buns",
        "name:en": "Two Buns"
      },
      "geometry": {
        "type": "Point",
        "coordinates": [
          100.3342792,
          5.4146961
        ]
      },
      "id": "node/5634817621"
    },
    {
      "type": "Feature",
      "properties": {
        "@id": "node/5643299555",
        "amenity": "restaurant",
        "cuisine": "indian",
        "name": "NR Sweets",
        "name:en": "NR Sweets"
      },
      "geometry": {
        "type": "Point",
        "coordinates": [
          100.3400891,
          5.4170084
        ]
      },
      "id": "node/5643299555"
    },
    {
      "type": "Feature",
      "properties": {
        "@id": "node/5644986279",
        "amenity": "restaurant",
        "cuisine": "muslim",
        "name": "Rahim Homemade Briyani",
        "restaurant": "halal"
      },
      "geometry": {
        "type": "Point",
        "coordinates": [
          100.3383193,
          5.4170043
        ]
      },
      "id": "node/5644986279"
    },
    {
      "type": "Feature",
      "properties": {
        "@id": "node/5657603118",
        "amenity": "restaurant",
        "name": "Cafe Lapan Belas Lapan Belas"
      },
      "geometry": {
        "type": "Point",
        "coordinates": [
          100.2950909,
          5.3494777
        ]
      },
      "id": "node/5657603118"
    },
    {
      "type": "Feature",
      "properties": {
        "@id": "node/5657603119",
        "addr:city": "Sungai Dua",
        "addr:housenumber": "2-G-7 to 12",
        "addr:postcode": "11700",
        "addr:street": "Lebuh Pekaka 1",
        "amenity": "restaurant",
        "cuisine": "chinese",
        "delivery": "yes",
        "name": "Maxim Dim Sum Pekaka",
        "opening_hours": "06:30-14:30, 17:30-21:00",
        "outdoor_seating": "yes",
        "payment:credit_cards": "yes",
        "payment:debit_cards": "yes",
        "payment:nfc_mobile_payments": "yes",
        "phone": "0167136625",
        "reservation": "no",
        "takeaway": "yes",
        "toilets": "yes",
        "website": "https://maxim.com.my/",
        "website:menu": "https://www.facebook.com/maximpekaka/menu",
        "wheelchair": "yes"
      },
      "geometry": {
        "type": "Point",
        "coordinates": [
          100.2949585,
          5.3491135
        ]
      },
      "id": "node/5657603119"
    },
    {
      "type": "Feature",
      "properties": {
        "@id": "node/5658116774",
        "amenity": "restaurant",
        "cuisine": "malaysian",
        "name": "Deen Claypot Briyani"
      },
      "geometry": {
        "type": "Point",
        "coordinates": [
          100.3386043,
          5.4165274
        ]
      },
      "id": "node/5658116774"
    },
    {
      "type": "Feature",
      "properties": {
        "@id": "node/5660326629",
        "amenity": "restaurant",
        "cuisine": "malaysian",
        "name": "Jason Nyonya House",
        "name:en": "Jason Nyonya House"
      },
      "geometry": {
        "type": "Point",
        "coordinates": [
          100.3407702,
          5.4194675
        ]
      },
      "id": "node/5660326629"
    },
    {
      "type": "Feature",
      "properties": {
        "@id": "node/5660326631",
        "amenity": "restaurant",
        "cuisine": "indian",
        "name": "Danish Briyani House",
        "name:en": "Danish Briyani House"
      },
      "geometry": {
        "type": "Point",
        "coordinates": [
          100.341407,
          5.4192026
        ]
      },
      "id": "node/5660326631"
    },
    {
      "type": "Feature",
      "properties": {
        "@id": "node/5660326632",
        "amenity": "restaurant",
        "cuisine": "italian",
        "name": "VIAPRE",
        "name:en": "VIAPRE"
      },
      "geometry": {
        "type": "Point",
        "coordinates": [
          100.3414477,
          5.4192683
        ]
      },
      "id": "node/5660326632"
    },
    {
      "type": "Feature",
      "properties": {
        "@id": "node/5660326679",
        "addr:city": "George Town",
        "addr:housenumber": "183",
        "addr:postcode": "10300",
        "addr:street": "Lebuh Victoria",
        "amenity": "restaurant",
        "name": "The Canteen at China House"
      },
      "geometry": {
        "type": "Point",
        "coordinates": [
          100.3393114,
          5.413931
        ]
      },
      "id": "node/5660326679"
    },
    {
      "type": "Feature",
      "properties": {
        "@id": "node/5673815621",
        "amenity": "restaurant",
        "cuisine": "burger;pasta;asian;coffee_shop;ice_cream",
        "internet_access": "wlan",
        "name": "Bouncy Food"
      },
      "geometry": {
        "type": "Point",
        "coordinates": [
          100.2820523,
          5.3262421
        ]
      },
      "id": "node/5673815621"
    },
    {
      "type": "Feature",
      "properties": {
        "@id": "node/5698560948",
        "addr:city": "Sungai Dua",
        "addr:housenumber": "4M & 4N",
        "addr:postcode": "11700",
        "addr:street": "Jalan Sungai Dua",
        "amenity": "restaurant",
        "branch": "Sungai Dua",
        "brand": "Pizza Hut",
        "brand:wikidata": "Q191615",
        "brand:wikipedia": "en:Pizza Hut",
        "cuisine": "pizza",
        "name": "Pizza Hut",
        "takeaway": "yes"
      },
      "geometry": {
        "type": "Point",
        "coordinates": [
          100.2991036,
          5.3523932
        ]
      },
      "id": "node/5698560948"
    },
    {
      "type": "Feature",
      "properties": {
        "@id": "node/5744166821",
        "amenity": "restaurant",
        "name": "Omer El Khaiyam Arabic Food Restaurant"
      },
      "geometry": {
        "type": "Point",
        "coordinates": [
          100.2490356,
          5.4744514
        ]
      },
      "id": "node/5744166821"
    },
    {
      "type": "Feature",
      "properties": {
        "@id": "node/5746980021",
        "amenity": "restaurant",
        "diet:vegetarian": "only",
        "name": "Zen Xin Vegetarian",
        "name:en": "Zen Xin Vegetarian",
        "wheelchair": "limited"
      },
      "geometry": {
        "type": "Point",
        "coordinates": [
          100.3258551,
          5.4209934
        ]
      },
      "id": "node/5746980021"
    },
    {
      "type": "Feature",
      "properties": {
        "@id": "node/5757838527",
        "amenity": "restaurant",
        "cuisine": "korean",
        "name": "Kim's Korean",
        "name:en": "Kim's Korean",
        "phone": "+60 4-218 9123"
      },
      "geometry": {
        "type": "Point",
        "coordinates": [
          100.3221276,
          5.4238424
        ]
      },
      "id": "node/5757838527"
    },
    {
      "type": "Feature",
      "properties": {
        "@id": "node/5776271553",
        "addr:housenumber": "5",
        "addr:street": "Lorong Alma Jaya 1/1",
        "amenity": "restaurant",
        "name": "小小老板泰式火锅"
      },
      "geometry": {
        "type": "Point",
        "coordinates": [
          100.4770755,
          5.3226611
        ]
      },
      "id": "node/5776271553"
    },
    {
      "type": "Feature",
      "properties": {
        "@id": "node/5783644561",
        "amenity": "restaurant",
        "name": "café cendal"
      },
      "geometry": {
        "type": "Point",
        "coordinates": [
          100.215661,
          5.4465322
        ]
      },
      "id": "node/5783644561"
    },
    {
      "type": "Feature",
      "properties": {
        "@id": "node/5792039753",
        "amenity": "restaurant",
        "cuisine": "thai",
        "name": "Lemon Grass (Thai Food)",
        "name:en": "Lemon Grass (Thai Food)",
        "opening_hours": "Tu-Su 00:00-24:00"
      },
      "geometry": {
        "type": "Point",
        "coordinates": [
          100.3361914,
          5.4179571
        ]
      },
      "id": "node/5792039753"
    },
    {
      "type": "Feature",
      "properties": {
        "@id": "node/5801112055",
        "addr:housenumber": "417",
        "addr:street": "Jalan Burma",
        "amenity": "restaurant",
        "cuisine": "thai",
        "name": "Blue Chang Modern Thai Cuisine",
        "opening_hours": "Mo-Sa 12:00-14:30, 18:00-22:30",
        "phone": "+60102747351"
      },
      "geometry": {
        "type": "Point",
        "coordinates": [
          100.3104164,
          5.4317804
        ]
      },
      "id": "node/5801112055"
    },
    {
      "type": "Feature",
      "properties": {
        "@id": "node/5808900956",
        "amenity": "restaurant",
        "name": "Indian food",
        "opening_hours": "Mo-Fr 08:00-20:00"
      },
      "geometry": {
        "type": "Point",
        "coordinates": [
          100.311811,
          5.3950612
        ]
      },
      "id": "node/5808900956"
    },
    {
      "type": "Feature",
      "properties": {
        "@id": "node/5808914456",
        "amenity": "restaurant",
        "cuisine": "chinese",
        "diet:vegetarian": "only",
        "name": "Hoon Lai Vegetarian"
      },
      "geometry": {
        "type": "Point",
        "coordinates": [
          100.3383546,
          5.4180048
        ]
      },
      "id": "node/5808914456"
    },
    {
      "type": "Feature",
      "properties": {
        "@id": "node/5816844753",
        "amenity": "restaurant",
        "diet:vegetarian": "only",
        "name": "Cunthi Good Taste Vegetarian",
        "name:zh": "準提素食館"
      },
      "geometry": {
        "type": "Point",
        "coordinates": [
          100.3293409,
          5.412706
        ]
      },
      "id": "node/5816844753"
    },
    {
      "type": "Feature",
      "properties": {
        "@id": "node/5817863053",
        "amenity": "restaurant",
        "name": "Tan Jetty Thai Restaurant",
        "name:en": "Tan Jetty Thai Restaurant"
      },
      "geometry": {
        "type": "Point",
        "coordinates": [
          100.3390835,
          5.4113281
        ]
      },
      "id": "node/5817863053"
    },
    {
      "type": "Feature",
      "properties": {
        "@id": "node/5819425353",
        "amenity": "restaurant",
        "name": "红辣椒火锅",
        "name:en": "Hong La Jiao Steamboat",
        "name:zh-Latn-pinyin": "Hóng làjiāo huǒguō"
      },
      "geometry": {
        "type": "Point",
        "coordinates": [
          100.3153965,
          5.4275494
        ]
      },
      "id": "node/5819425353"
    },
    {
      "type": "Feature",
      "properties": {
        "@id": "node/5819680953",
        "amenity": "restaurant",
        "name": "Ah Leng Char Kuay Teow",
        "name:en": "Ah Leng Char Kuay Teow",
        "name:ms": "Ah Leng Char Kuay Teow",
        "name:zh": "亚龙炒粿条",
        "name:zh-Hans": "亚龙炒粿条",
        "name:zh-Hant": "亞龍炒粿條"
      },
      "geometry": {
        "type": "Point",
        "coordinates": [
          100.3194577,
          5.4124045
        ]
      },
      "id": "node/5819680953"
    },
    {
      "type": "Feature",
      "properties": {
        "@id": "node/5820413554",
        "amenity": "restaurant",
        "name": "Abu Penang",
        "name:en": "Abu Penang",
        "name:ms": "Abu Penang",
        "opening_hours": "Mo-Su 17:00-06:00"
      },
      "geometry": {
        "type": "Point",
        "coordinates": [
          100.328761,
          5.4169627
        ]
      },
      "id": "node/5820413554"
    },
    {
      "type": "Feature",
      "properties": {
        "@id": "node/5824920353",
        "amenity": "restaurant",
        "name": "Kuan Nan",
        "name:zh": "冠南饮食馆",
        "source": "https://www.mapillary.com/app/?pKey=QesoxLqeoTFiLVrWnqunyS&focus=photo"
      },
      "geometry": {
        "type": "Point",
        "coordinates": [
          100.3930285,
          5.3852104
        ]
      },
      "id": "node/5824920353"
    },
    {
      "type": "Feature",
      "properties": {
        "@id": "node/5826348453",
        "addr:housenumber": "278 MKD",
        "addr:postcode": "11000",
        "addr:street": "Jalan Bharu",
        "amenity": "restaurant",
        "cuisine": "asian;chinese;chicken;coffee_shop;curry;fish;thai",
        "internet_access": "wlan",
        "name": "No.3 Mummy Grilled Fish + Seafood",
        "name:zh": "3号妈咪烧鱼+海鲜",
        "phone": "0124123009"
      },
      "geometry": {
        "type": "Point",
        "coordinates": [
          100.2002893,
          5.353235
        ]
      },
      "id": "node/5826348453"
    },
    {
      "type": "Feature",
      "properties": {
        "@id": "node/5839836488",
        "addr:street": "Persiaran Mahsuri 1",
        "amenity": "restaurant",
        "name": "Tummy Bowl Penang"
      },
      "geometry": {
        "type": "Point",
        "coordinates": [
          100.2825278,
          5.3236536
        ]
      },
      "id": "node/5839836488"
    },
    {
      "type": "Feature",
      "properties": {
        "@id": "node/5850717686",
        "amenity": "restaurant",
        "name": "Restoran Nt Cheang Kee"
      },
      "geometry": {
        "type": "Point",
        "coordinates": [
          100.4832018,
          5.1784754
        ]
      },
      "id": "node/5850717686"
    },
    {
      "type": "Feature",
      "properties": {
        "@id": "node/5858349585",
        "addr:housenumber": "82",
        "addr:postcode": "10400",
        "addr:street": "Jalan Siam",
        "amenity": "restaurant",
        "cuisine": "chinese;local;regional",
        "name": "Charcoal Char Koay Teow",
        "name:zh": "碳炒粿条",
        "opening_hours": "Tu-Sa 12:00-18:00"
      },
      "geometry": {
        "type": "Point",
        "coordinates": [
          100.3209809,
          5.4148295
        ]
      },
      "id": "node/5858349585"
    },
    {
      "type": "Feature",
      "properties": {
        "@id": "node/5883480187",
        "amenity": "restaurant",
        "name": "Thali Nr Sweets Cafe",
        "name:en": "Thali Nr Sweets Cafe"
      },
      "geometry": {
        "type": "Point",
        "coordinates": [
          100.3397924,
          5.4182182
        ]
      },
      "id": "node/5883480187"
    },
    {
      "type": "Feature",
      "properties": {
        "@id": "node/5907243085",
        "addr:street": "Jalan Batu Feringghi",
        "amenity": "restaurant",
        "cuisine": "seafood;lebanese;italian;international;indian;arab",
        "name": "Lebanon Restaurant",
        "name:en": "Lebanon Restaurant"
      },
      "geometry": {
        "type": "Point",
        "coordinates": [
          100.2482789,
          5.4737643
        ]
      },
      "id": "node/5907243085"
    },
    {
      "type": "Feature",
      "properties": {
        "@id": "node/5907898286",
        "amenity": "restaurant",
        "check_date": "2024-08-09",
        "name": "White Smoke"
      },
      "geometry": {
        "type": "Point",
        "coordinates": [
          100.3392007,
          5.413847
        ]
      },
      "id": "node/5907898286"
    },
    {
      "type": "Feature",
      "properties": {
        "@id": "node/5929277554",
        "amenity": "restaurant",
        "name": "Pelita"
      },
      "geometry": {
        "type": "Point",
        "coordinates": [
          100.3901904,
          5.3901802
        ]
      },
      "id": "node/5929277554"
    },
    {
      "type": "Feature",
      "properties": {
        "@id": "node/5931594206",
        "addr:city": "George Town",
        "addr:housenumber": "1-G-5",
        "addr:postcode": "10300",
        "addr:street": "Lebuh Sandilands",
        "amenity": "restaurant",
        "cuisine": "asian",
        "name": "Wawasan Cafe & Resthouse",
        "name:en": "Wawasan Cafe & Resthouse",
        "source": "GPS"
      },
      "geometry": {
        "type": "Point",
        "coordinates": [
          100.3283506,
          5.4060748
        ]
      },
      "id": "node/5931594206"
    },
    {
      "type": "Feature",
      "properties": {
        "@id": "node/5951707085",
        "amenity": "restaurant",
        "cuisine": "burger;ice_cream",
        "name": "UA Urban Artisan",
        "opening_hours": "Mo-Su 09:00-23:00"
      },
      "geometry": {
        "type": "Point",
        "coordinates": [
          100.3354346,
          5.4172095
        ]
      },
      "id": "node/5951707085"
    },
    {
      "type": "Feature",
      "properties": {
        "@id": "node/5974567396",
        "addr:housenumber": "11",
        "addr:postcode": "10100",
        "addr:street": "Jalan Sungai Ujong",
        "amenity": "restaurant",
        "cuisine": "breakfast",
        "internet_access": "wlan",
        "name": "Every Fresh Bar",
        "name:en": "Every Fresh Bar",
        "opening_hours": "Mo-Su 09:00-17:00",
        "phone": "+601136013348",
        "website": "http://www.facebook.com/everyfreshbar"
      },
      "geometry": {
        "type": "Point",
        "coordinates": [
          100.3322585,
          5.4160259
        ]
      },
      "id": "node/5974567396"
    },
    {
      "type": "Feature",
      "properties": {
        "@id": "node/5982302085",
        "amenity": "restaurant",
        "name": "Kedai Kopi Seow Fong Lye",
        "name:ms": "Kedai Kopi Seow Fong Lye"
      },
      "geometry": {
        "type": "Point",
        "coordinates": [
          100.3288914,
          5.4172067
        ]
      },
      "id": "node/5982302085"
    },
    {
      "type": "Feature",
      "properties": {
        "@id": "node/6064349799",
        "amenity": "restaurant",
        "cuisine": "malaysian;arabic",
        "name": "Nasi Kandar Capitan"
      },
      "geometry": {
        "type": "Point",
        "coordinates": [
          100.3076708,
          5.3339448
        ]
      },
      "id": "node/6064349799"
    },
    {
      "type": "Feature",
      "properties": {
        "@id": "node/6070534685",
        "amenity": "restaurant",
        "cuisine": "coffee_shop;chinese",
        "name": "Maxim Cafe",
        "name:en": "Maxim Cafe"
      },
      "geometry": {
        "type": "Point",
        "coordinates": [
          100.3264021,
          5.4146271
        ]
      },
      "id": "node/6070534685"
    },
    {
      "type": "Feature",
      "properties": {
        "@id": "node/6080281277",
        "addr:housenumber": "2A",
        "addr:postcode": "11700",
        "addr:street": "Lorong Delima 6",
        "amenity": "restaurant",
        "cuisine": "coffee_shop;chinese;local;regional",
        "name": "Delima Mas",
        "name:zh": "金石榴茶室",
        "name:zh-Hans": "金石榴茶室",
        "opening_hours": "Mo-We, Fr-Su 07:00-21:30",
        "outdoor_seating": "yes",
        "payment:cash": "yes",
        "payment:ewallet": "yes",
        "phone": "016-443 3304",
        "reservation": "no",
        "self_service": "partially",
        "takeaway": "yes",
        "toilets": "yes",
        "wheelchair": "limited"
      },
      "geometry": {
        "type": "Point",
        "coordinates": [
          100.304207,
          5.3819768
        ]
      },
      "id": "node/6080281277"
    },
    {
      "type": "Feature",
      "properties": {
        "@id": "node/6096703686",
        "amenity": "restaurant",
        "name": "Food Stalls",
        "name:en": "Food Stalls"
      },
      "geometry": {
        "type": "Point",
        "coordinates": [
          100.2287904,
          5.4634709
        ]
      },
      "id": "node/6096703686"
    },
    {
      "type": "Feature",
      "properties": {
        "@id": "node/6096711586",
        "addr:city": "George Town",
        "addr:housenumber": "86",
        "addr:postcode": "10200",
        "addr:street": "Lorong Love",
        "amenity": "restaurant",
        "bar": "yes",
        "name": "Salsas Bar & Bistro",
        "name:en": "Salsas Bar & Bistro"
      },
      "geometry": {
        "type": "Point",
        "coordinates": [
          100.3363771,
          5.4186945
        ]
      },
      "id": "node/6096711586"
    },
    {
      "type": "Feature",
      "properties": {
        "@id": "node/6105131485",
        "amenity": "restaurant",
        "name": "Kedai Kopi Guan Bee",
        "name:zh": "源美饮食中心"
      },
      "geometry": {
        "type": "Point",
        "coordinates": [
          100.4802381,
          5.3099693
        ]
      },
      "id": "node/6105131485"
    },
    {
      "type": "Feature",
      "properties": {
        "@id": "node/6110965283",
        "addr:housenumber": "G-66",
        "amenity": "restaurant",
        "name": "Make Make"
      },
      "geometry": {
        "type": "Point",
        "coordinates": [
          100.4362169,
          5.2444259
        ]
      },
      "id": "node/6110965283"
    },
    {
      "type": "Feature",
      "properties": {
        "@id": "node/6110965284",
        "amenity": "restaurant",
        "cuisine": "thai",
        "name": "Elephant In The Room"
      },
      "geometry": {
        "type": "Point",
        "coordinates": [
          100.4361105,
          5.2446225
        ]
      },
      "id": "node/6110965284"
    },
    {
      "type": "Feature",
      "properties": {
        "@id": "node/6110973485",
        "amenity": "restaurant",
        "cuisine": "western",
        "name": "Dave's Deli"
      },
      "geometry": {
        "type": "Point",
        "coordinates": [
          100.4360796,
          5.2446915
        ]
      },
      "id": "node/6110973485"
    },
    {
      "type": "Feature",
      "properties": {
        "@id": "node/6110973496",
        "addr:housenumber": "G-77",
        "amenity": "restaurant",
        "name": "One Republic"
      },
      "geometry": {
        "type": "Point",
        "coordinates": [
          100.43632,
          5.2448187
        ]
      },
      "id": "node/6110973496"
    },
    {
      "type": "Feature",
      "properties": {
        "@id": "node/6112103379",
        "amenity": "restaurant",
        "cuisine": "seafood;chinese",
        "name": "新海香"
      },
      "geometry": {
        "type": "Point",
        "coordinates": [
          100.4756721,
          5.2813248
        ]
      },
      "id": "node/6112103379"
    },
    {
      "type": "Feature",
      "properties": {
        "@id": "node/6112611985",
        "addr:housenumber": "4392",
        "addr:postcode": "13000",
        "addr:street": "Jalan Raja Uda",
        "amenity": "restaurant",
        "name": "朝源饮食中心"
      },
      "geometry": {
        "type": "Point",
        "coordinates": [
          100.3847033,
          5.4325403
        ]
      },
      "id": "node/6112611985"
    },
    {
      "type": "Feature",
      "properties": {
        "@id": "node/6112688835",
        "amenity": "restaurant",
        "name": "Look Yuen 乐园",
        "name:zh": "乐园"
      },
      "geometry": {
        "type": "Point",
        "coordinates": [
          100.4256974,
          5.3612425
        ]
      },
      "id": "node/6112688835"
    },
    {
      "type": "Feature",
      "properties": {
        "@id": "node/6116119707",
        "amenity": "restaurant",
        "brand": "Pizza Hut",
        "brand:wikidata": "Q191615",
        "brand:wikipedia": "en:Pizza Hut",
        "cuisine": "pizza",
        "name": "Pizza Hut"
      },
      "geometry": {
        "type": "Point",
        "coordinates": [
          100.4146697,
          5.3706211
        ]
      },
      "id": "node/6116119707"
    },
    {
      "type": "Feature",
      "properties": {
        "@id": "node/6121946332",
        "addr:city": "Butterworth",
        "addr:housenumber": "7117",
        "addr:postcode": "12300",
        "addr:street": "Lorong Ceri 7",
        "amenity": "restaurant",
        "name": "天天鱼",
        "name:en": "Daily Fish",
        "name:zh": "天天鱼",
        "outdoor_seating": "no",
        "payment:cash": "yes",
        "payment:credit_cards": "yes",
        "payment:debit_cards": "yes",
        "payment:mastercard": "yes",
        "payment:visa": "yes",
        "phone": "+604-333 2678",
        "website": "https://www.facebook.com/dailyfishbw/",
        "wheelchair": "yes"
      },
      "geometry": {
        "type": "Point",
        "coordinates": [
          100.3805467,
          5.422851
        ]
      },
      "id": "node/6121946332"
    },
    {
      "type": "Feature",
      "properties": {
        "@id": "node/6124623986",
        "amenity": "restaurant",
        "name:ar": "سوريانا"
      },
      "geometry": {
        "type": "Point",
        "coordinates": [
          100.3059244,
          5.449187
        ]
      },
      "id": "node/6124623986"
    },
    {
      "type": "Feature",
      "properties": {
        "@id": "node/6126430956",
        "amenity": "restaurant",
        "name": "龙园茶餐室",
        "name:ms": "Kedai Kopi Loong Yuan",
        "name:zh": "龙园茶餐室"
      },
      "geometry": {
        "type": "Point",
        "coordinates": [
          100.3974128,
          5.4282244
        ]
      },
      "id": "node/6126430956"
    },
    {
      "type": "Feature",
      "properties": {
        "@id": "node/6126431587",
        "amenity": "restaurant",
        "name": "广园茶餐食",
        "name:ms": "Kedai Kopi Kwang Yuen",
        "name:zh": "广园茶餐食"
      },
      "geometry": {
        "type": "Point",
        "coordinates": [
          100.3973994,
          5.4297323
        ]
      },
      "id": "node/6126431587"
    },
    {
      "type": "Feature",
      "properties": {
        "@id": "node/6138481886",
        "air_conditioning": "yes",
        "amenity": "restaurant",
        "cuisine": "asian",
        "internet_access:fee": "no",
        "internet_access:password": "homecafe888",
        "internet_access:ssid": "Home Cafe",
        "level": "0",
        "name": "Home Cafe",
        "outdoor_seating": "no",
        "takeaway": "yes",
        "toilets": "yes"
      },
      "geometry": {
        "type": "Point",
        "coordinates": [
          100.2941414,
          5.3336192
        ]
      },
      "id": "node/6138481886"
    },
    {
      "type": "Feature",
      "properties": {
        "@id": "node/6141959385",
        "amenity": "restaurant",
        "name": "Restoran.Tai Kar Lok",
        "name:zh": "大家乐"
      },
      "geometry": {
        "type": "Point",
        "coordinates": [
          100.4788492,
          5.314419
        ]
      },
      "id": "node/6141959385"
    },
    {
      "type": "Feature",
      "properties": {
        "@id": "node/6141959585",
        "amenity": "restaurant",
        "name": "Restoran Sri Indah",
        "name:zh": "双喜园茶室",
        "toilets": "yes"
      },
      "geometry": {
        "type": "Point",
        "coordinates": [
          100.431875,
          5.4385054
        ]
      },
      "id": "node/6141959585"
    },
    {
      "type": "Feature",
      "properties": {
        "@id": "node/6142111827",
        "amenity": "restaurant",
        "name": "Restoran Sri Kijang",
        "name:zh": "春江园咖啡店"
      },
      "geometry": {
        "type": "Point",
        "coordinates": [
          100.4763897,
          5.320884
        ]
      },
      "id": "node/6142111827"
    },
    {
      "type": "Feature",
      "properties": {
        "@id": "node/6145221892",
        "amenity": "restaurant",
        "name": "Kedai Kopi Chip Heng"
      },
      "geometry": {
        "type": "Point",
        "coordinates": [
          100.390964,
          5.3844208
        ]
      },
      "id": "node/6145221892"
    },
    {
      "type": "Feature",
      "properties": {
        "@id": "node/6145223106",
        "amenity": "restaurant",
        "name": "Kedai Kopi Soon Long"
      },
      "geometry": {
        "type": "Point",
        "coordinates": [
          100.3910227,
          5.3843935
        ]
      },
      "id": "node/6145223106"
    },
    {
      "type": "Feature",
      "properties": {
        "@id": "node/6146697068",
        "amenity": "restaurant",
        "name": "Restoran Kim Seng",
        "name:zh": "金星茶餐室",
        "source": "https://www.mapillary.com/app/?pKey=KG7ai2b4G4xSVg1huUJlRb&focus=photo"
      },
      "geometry": {
        "type": "Point",
        "coordinates": [
          100.371773,
          5.4089996
        ]
      },
      "id": "node/6146697068"
    },
    {
      "type": "Feature",
      "properties": {
        "@id": "node/6150088085",
        "amenity": "restaurant",
        "name": "New Triple Seven Restaurant",
        "name:zh": "新777饮食中心"
      },
      "geometry": {
        "type": "Point",
        "coordinates": [
          100.4807833,
          5.3333364
        ]
      },
      "id": "node/6150088085"
    },
    {
      "type": "Feature",
      "properties": {
        "@id": "node/6158355085",
        "addr:city": "George Town",
        "addr:housenumber": "43",
        "addr:postcode": "10200",
        "addr:street": "Lebuh Gereja",
        "amenity": "restaurant",
        "cuisine": "vietnamese",
        "name": "Banh Mi Ut",
        "name:en": "Banh Mi Ut",
        "opening_hours": "Mo-Tu, Th-Fr 10:00-15:30, 17:30-22:00; Sa-Su 09:00-22:00",
        "phone": "+60 12-563 7513"
      },
      "geometry": {
        "type": "Point",
        "coordinates": [
          100.339877,
          5.41878
        ]
      },
      "id": "node/6158355085"
    },
    {
      "type": "Feature",
      "properties": {
        "@id": "node/6158370188",
        "addr:city": "George Town",
        "addr:housenumber": "30",
        "addr:postcode": "10200",
        "addr:street": "Lorong Soo Hong",
        "amenity": "restaurant",
        "cuisine": "japanese;ramen",
        "name": "Big Bowl Ramen",
        "name:en": "Big Bowl Ramen",
        "opening_hours": "Mo-Su 11:00-22:00",
        "phone": "042610462",
        "website": "https://www.voicecafe1.com"
      },
      "geometry": {
        "type": "Point",
        "coordinates": [
          100.3375675,
          5.415372
        ]
      },
      "id": "node/6158370188"
    },
    {
      "type": "Feature",
      "properties": {
        "@id": "node/6160926336",
        "amenity": "restaurant",
        "name": "Garden Feel Restaurant"
      },
      "geometry": {
        "type": "Point",
        "coordinates": [
          100.391058,
          5.4302944
        ]
      },
      "id": "node/6160926336"
    },
    {
      "type": "Feature",
      "properties": {
        "@id": "node/6160926340",
        "amenity": "restaurant",
        "cuisine": "western",
        "name": "KingKong Western Delight",
        "phone": "+604-320 0362"
      },
      "geometry": {
        "type": "Point",
        "coordinates": [
          100.3897671,
          5.4343133
        ]
      },
      "id": "node/6160926340"
    },
    {
      "type": "Feature",
      "properties": {
        "@id": "node/6160926341",
        "amenity": "restaurant",
        "cuisine": "japanese;sushi",
        "name": "Sushi Mentai",
        "name:zh": "寿司明太",
        "outdoor_seating": "no",
        "website": "https://sushi-mentai.com/"
      },
      "geometry": {
        "type": "Point",
        "coordinates": [
          100.3898783,
          5.4343126
        ]
      },
      "id": "node/6160926341"
    },
    {
      "type": "Feature",
      "properties": {
        "@id": "node/6160926342",
        "amenity": "restaurant",
        "cuisine": "barbecue;chinese;malaysian",
        "name": "Hsin Kwang Tung Restaurant",
        "name:en": "DW Steamboat & BBQ",
        "opening_hours": "Tu-Su 11:00-15:00, 18:00-21:30"
      },
      "geometry": {
        "type": "Point",
        "coordinates": [
          100.3888838,
          5.4338782
        ]
      },
      "id": "node/6160926342"
    },
    {
      "type": "Feature",
      "properties": {
        "@id": "node/6160926346",
        "amenity": "restaurant",
        "name": "小大人",
        "name:en": "BIG GIN NA"
      },
      "geometry": {
        "type": "Point",
        "coordinates": [
          100.389033,
          5.4329477
        ]
      },
      "id": "node/6160926346"
    },
    {
      "type": "Feature",
      "properties": {
        "@id": "node/6168764284",
        "amenity": "restaurant",
        "cuisine": "malaysian;mamak",
        "name": "Iqbal"
      },
      "geometry": {
        "type": "Point",
        "coordinates": [
          100.3649764,
          5.3949142
        ]
      },
      "id": "node/6168764284"
    },
    {
      "type": "Feature",
      "properties": {
        "@id": "node/6172916701",
        "amenity": "restaurant",
        "cuisine": "japanese;sushi",
        "name": "Sushi-Ya"
      },
      "geometry": {
        "type": "Point",
        "coordinates": [
          100.3816882,
          5.4216595
        ]
      },
      "id": "node/6172916701"
    },
    {
      "type": "Feature",
      "properties": {
        "@id": "node/6172923517",
        "amenity": "restaurant",
        "name": "Beng Huat Asam Fish Chicken Rice"
      },
      "geometry": {
        "type": "Point",
        "coordinates": [
          100.392611,
          5.3857267
        ]
      },
      "id": "node/6172923517"
    },
    {
      "type": "Feature",
      "properties": {
        "@id": "node/6172928971",
        "amenity": "restaurant",
        "name": "Kedai Kopi Nyiur"
      },
      "geometry": {
        "type": "Point",
        "coordinates": [
          100.4694693,
          5.351134
        ]
      },
      "id": "node/6172928971"
    },
    {
      "type": "Feature",
      "properties": {
        "@id": "node/6172928972",
        "amenity": "restaurant",
        "cuisine": "chinese;pau",
        "name": "Ee Loong Delifood",
        "name:zh": "一笼包店"
      },
      "geometry": {
        "type": "Point",
        "coordinates": [
          100.4696597,
          5.3509882
        ]
      },
      "id": "node/6172928972"
    },
    {
      "type": "Feature",
      "properties": {
        "@id": "node/6172928974",
        "amenity": "restaurant",
        "cuisine": "noodles;asian",
        "diet:vegetarian": "only",
        "name": "Vegetarian Noodle House"
      },
      "geometry": {
        "type": "Point",
        "coordinates": [
          100.3814686,
          5.4210646
        ]
      },
      "id": "node/6172928974"
    },
    {
      "type": "Feature",
      "properties": {
        "@id": "node/6172928975",
        "addr:street": "Jalan Raja Uda",
        "amenity": "restaurant",
        "cuisine": "chinese;regional",
        "name": "滷肉霸王饭",
        "name:en": "Bar Wang Rice",
        "name:zh": "滷肉霸王饭",
        "takeaway": "yes"
      },
      "geometry": {
        "type": "Point",
        "coordinates": [
          100.3811169,
          5.4199808
        ]
      },
      "id": "node/6172928975"
    },
    {
      "type": "Feature",
      "properties": {
        "@id": "node/6172928976",
        "amenity": "restaurant",
        "name": "Restoran Beng Soon"
      },
      "geometry": {
        "type": "Point",
        "coordinates": [
          100.3800672,
          5.4168472
        ]
      },
      "id": "node/6172928976"
    },
    {
      "type": "Feature",
      "properties": {
        "@id": "node/6172928977",
        "amenity": "restaurant",
        "name": "Y Food Box"
      },
      "geometry": {
        "type": "Point",
        "coordinates": [
          100.3794668,
          5.4150908
        ]
      },
      "id": "node/6172928977"
    },
    {
      "type": "Feature",
      "properties": {
        "@id": "node/6172928978",
        "amenity": "restaurant",
        "name": "Nasi Kandar Aliyar"
      },
      "geometry": {
        "type": "Point",
        "coordinates": [
          100.3920554,
          5.3842803
        ]
      },
      "id": "node/6172928978"
    },
    {
      "type": "Feature",
      "properties": {
        "@id": "node/6172928983",
        "amenity": "restaurant",
        "name": "Restoran Teik Heng"
      },
      "geometry": {
        "type": "Point",
        "coordinates": [
          100.3915363,
          5.3851032
        ]
      },
      "id": "node/6172928983"
    },
    {
      "type": "Feature",
      "properties": {
        "@id": "node/6172929196",
        "amenity": "restaurant",
        "name": "Teong Hin Kopitiam"
      },
      "geometry": {
        "type": "Point",
        "coordinates": [
          100.3814199,
          5.42251
        ]
      },
      "id": "node/6172929196"
    },
    {
      "type": "Feature",
      "properties": {
        "@id": "node/6172929197",
        "amenity": "restaurant",
        "diet:vegetarian": "only",
        "name": "Mama Vege"
      },
      "geometry": {
        "type": "Point",
        "coordinates": [
          100.3813641,
          5.4207705
        ]
      },
      "id": "node/6172929197"
    },
    {
      "type": "Feature",
      "properties": {
        "@id": "node/6172929198",
        "amenity": "restaurant",
        "cuisine": "asian",
        "name": "Yoo Jian Steamboat",
        "name:zh": "有间火锅"
      },
      "geometry": {
        "type": "Point",
        "coordinates": [
          100.3809841,
          5.4197025
        ]
      },
      "id": "node/6172929198"
    },
    {
      "type": "Feature",
      "properties": {
        "@id": "node/6172929201",
        "amenity": "restaurant",
        "name": "Kedai Kopi dan Makanan Wah Hong"
      },
      "geometry": {
        "type": "Point",
        "coordinates": [
          100.3916554,
          5.3843987
        ]
      },
      "id": "node/6172929201"
    },
    {
      "type": "Feature",
      "properties": {
        "@id": "node/6172931722",
        "amenity": "restaurant",
        "cuisine": "chinese;buffet",
        "name": "Kedai Makanan Choy Key",
        "name:zh": "财钜美食坊",
        "source": "https://www.mapillary.com/app/?pKey=mCkhzy7gwODVo3iHoj2sMr&focus=photo"
      },
      "geometry": {
        "type": "Point",
        "coordinates": [
          100.3938347,
          5.3860518
        ]
      },
      "id": "node/6172931722"
    },
    {
      "type": "Feature",
      "properties": {
        "@id": "node/6172931812",
        "amenity": "restaurant",
        "cuisine": "asian",
        "name": "Curry Noodles Butterworth"
      },
      "geometry": {
        "type": "Point",
        "coordinates": [
          100.3797529,
          5.4158959
        ]
      },
      "id": "node/6172931812"
    },
    {
      "type": "Feature",
      "properties": {
        "@id": "node/6172932385",
        "amenity": "restaurant",
        "name": "Yang Way"
      },
      "geometry": {
        "type": "Point",
        "coordinates": [
          100.3924675,
          5.3854937
        ]
      },
      "id": "node/6172932385"
    },
    {
      "type": "Feature",
      "properties": {
        "@id": "node/6174656143",
        "addr:city": "Butterworth",
        "addr:country": "MY",
        "addr:housenumber": "3 & 5",
        "addr:postcode": "13600",
        "addr:street": "Tingkat Kikik 7",
        "amenity": "restaurant",
        "cuisine": "western",
        "internet_access": "wlan",
        "internet_access:fee": "no",
        "internet_access:ssid": "Top_Taste_Cafe",
        "name": "Richard's Top Taste Cafe",
        "opening_hours": "Tu-Su 11:30-14:30, 18:00-22:30; Mo off",
        "outdoor_seating": "no",
        "phone": "+60 4-399 4342"
      },
      "geometry": {
        "type": "Point",
        "coordinates": [
          100.3870308,
          5.3879739
        ]
      },
      "id": "node/6174656143"
    },
    {
      "type": "Feature",
      "properties": {
        "@id": "node/6175809285",
        "amenity": "restaurant",
        "name": "Kedai Kopi Swee Kong",
        "name:zh": "瑞江茶室"
      },
      "geometry": {
        "type": "Point",
        "coordinates": [
          100.3126323,
          5.4304824
        ]
      },
      "id": "node/6175809285"
    },
    {
      "type": "Feature",
      "properties": {
        "@id": "node/6175955385",
        "amenity": "restaurant",
        "cuisine": "nasi_kandar;indian",
        "name": "Nasi Kandar Jamal Mohamed",
        "source": "https://www.mapillary.com/app/?pKey=YP00BM8aOz8j9zgmQf6s56&focus=photo"
      },
      "geometry": {
        "type": "Point",
        "coordinates": [
          100.3722056,
          5.410199
        ]
      },
      "id": "node/6175955385"
    },
    {
      "type": "Feature",
      "properties": {
        "@id": "node/6175955386",
        "amenity": "restaurant",
        "cuisine": "seafood",
        "name": "Mah Seafood",
        "source": "https://www.mapillary.com/app/?pKey=SoLpqq55Fz79raiuH1WsMD&focus=photo"
      },
      "geometry": {
        "type": "Point",
        "coordinates": [
          100.3718096,
          5.4100663
        ]
      },
      "id": "node/6175955386"
    },
    {
      "type": "Feature",
      "properties": {
        "@id": "node/6175957785",
        "amenity": "restaurant",
        "cuisine": "chinese",
        "name": "Five Five Eight Kopitiam",
        "name:zh": "558咖啡店",
        "source": "https://www.mapillary.com/app/?pKey=rZjO5EncRTjdLNkR8VwFxD&focus=photo"
      },
      "geometry": {
        "type": "Point",
        "coordinates": [
          100.3720964,
          5.4098728
        ]
      },
      "id": "node/6175957785"
    },
    {
      "type": "Feature",
      "properties": {
        "@id": "node/6176049986",
        "amenity": "restaurant",
        "name": "hamizah seafood cafe"
      },
      "geometry": {
        "type": "Point",
        "coordinates": [
          100.4052878,
          5.5133061
        ]
      },
      "id": "node/6176049986"
    },
    {
      "type": "Feature",
      "properties": {
        "@id": "node/6183208974",
        "amenity": "restaurant",
        "level": "0",
        "name": "东兴楼",
        "name:en": "Orientalpro Chinese Restaurant",
        "name:zh": "东兴楼"
      },
      "geometry": {
        "type": "Point",
        "coordinates": [
          100.3848799,
          5.430035
        ]
      },
      "id": "node/6183208974"
    },
    {
      "type": "Feature",
      "properties": {
        "@id": "node/6186119324",
        "amenity": "restaurant",
        "level": "0",
        "name": "欢喜中餐厅",
        "name:en": "Happy Times Restaurant",
        "name:zh": "欢喜中餐厅",
        "smoking": "no",
        "toilets": "yes",
        "wheelchair": "limited"
      },
      "geometry": {
        "type": "Point",
        "coordinates": [
          100.3910557,
          5.4351455
        ]
      },
      "id": "node/6186119324"
    },
    {
      "type": "Feature",
      "properties": {
        "@id": "node/6186119326",
        "amenity": "restaurant",
        "cuisine": "thai",
        "name": "MOO-KATA Village"
      },
      "geometry": {
        "type": "Point",
        "coordinates": [
          100.3910331,
          5.4354736
        ]
      },
      "id": "node/6186119326"
    },
    {
      "type": "Feature",
      "properties": {
        "@id": "node/6186119328",
        "amenity": "restaurant",
        "name": "满意海鲜煮炒",
        "name:en": "Man Yi Seafood"
      },
      "geometry": {
        "type": "Point",
        "coordinates": [
          100.3910174,
          5.4357935
        ]
      },
      "id": "node/6186119328"
    },
    {
      "type": "Feature",
      "properties": {
        "@id": "node/6187565505",
        "amenity": "restaurant",
        "name": "Xiang Ai"
      },
      "geometry": {
        "type": "Point",
        "coordinates": [
          100.3721836,
          5.3992149
        ]
      },
      "id": "node/6187565505"
    },
    {
      "type": "Feature",
      "properties": {
        "@id": "node/6187565509",
        "amenity": "restaurant",
        "name": "BM Yam Rice Kopitiam",
        "name:en": "BM Yam Rice Kopitiam",
        "name:zh": "大山脚芋头饭",
        "name:zh-Hans": "大山脚芋头饭",
        "name:zh-Hant": "大山腳芋頭飯",
        "phone": "+60125646104"
      },
      "geometry": {
        "type": "Point",
        "coordinates": [
          100.4629631,
          5.361565
        ]
      },
      "id": "node/6187565509"
    },
    {
      "type": "Feature",
      "properties": {
        "@id": "node/6197600047",
        "amenity": "restaurant",
        "name": "hello&co.",
        "name:zh": "好客"
      },
      "geometry": {
        "type": "Point",
        "coordinates": [
          100.3906405,
          5.4313544
        ]
      },
      "id": "node/6197600047"
    },
    {
      "type": "Feature",
      "properties": {
        "@id": "node/6200966386",
        "amenity": "restaurant",
        "cuisine": "chinese;malaysian",
        "level": "0",
        "name": "老山东肉骨茶",
        "name:en": "Lao San Dong Bah Kut Teh",
        "name:zh": "老山东肉骨茶",
        "smoking": "no"
      },
      "geometry": {
        "type": "Point",
        "coordinates": [
          100.383716,
          5.430801
        ]
      },
      "id": "node/6200966386"
    },
    {
      "type": "Feature",
      "properties": {
        "@id": "node/6201000087",
        "amenity": "restaurant",
        "name": "Apollow",
        "name:zh": "阿波罗"
      },
      "geometry": {
        "type": "Point",
        "coordinates": [
          100.3861631,
          5.4375626
        ]
      },
      "id": "node/6201000087"
    },
    {
      "type": "Feature",
      "properties": {
        "@id": "node/6201009186",
        "amenity": "restaurant",
        "name:zh": "黑武士"
      },
      "geometry": {
        "type": "Point",
        "coordinates": [
          100.3842116,
          5.4309326
        ]
      },
      "id": "node/6201009186"
    },
    {
      "type": "Feature",
      "properties": {
        "@id": "node/6201185487",
        "amenity": "restaurant",
        "name": "Subaidah",
        "opening_hours": "24/7",
        "operator": "Subaidah (M) Sdn. Bhd."
      },
      "geometry": {
        "type": "Point",
        "coordinates": [
          100.4078448,
          5.4074168
        ]
      },
      "id": "node/6201185487"
    },
    {
      "type": "Feature",
      "properties": {
        "@id": "node/6201241086",
        "amenity": "restaurant",
        "name": "良记"
      },
      "geometry": {
        "type": "Point",
        "coordinates": [
          100.4724346,
          5.3477991
        ]
      },
      "id": "node/6201241086"
    },
    {
      "type": "Feature",
      "properties": {
        "@id": "node/6203247036",
        "addr:country": "MY",
        "addr:district": "Perai",
        "addr:housenumber": "107",
        "addr:street": "Jalan Gan Chai Leng",
        "amenity": "restaurant",
        "name": "美香味冷气鱼翅酒家",
        "name:ms": "Restoran Chao Zhou (Teochew Food) Sdn. Bhd.",
        "opening_hours": "Mo-Su 07:00-15:00,17:30-22:00",
        "operator": "Restoran Chao Zhou (Teochew Food) Sdn. Bhd.",
        "phone": "+6043978948"
      },
      "geometry": {
        "type": "Point",
        "coordinates": [
          100.389107,
          5.3846852
        ]
      },
      "id": "node/6203247036"
    },
    {
      "type": "Feature",
      "properties": {
        "@id": "node/6205292293",
        "addr:city": "Butterworth",
        "addr:country": "MY",
        "addr:housenumber": "51",
        "addr:place": "Kawasan Perusahaan Ringan Teras Jaya",
        "addr:postcode": "13400",
        "addr:street": "Lorong Teras Jaya 2",
        "amenity": "restaurant",
        "cuisine": "chinese",
        "fax": "+6043239235",
        "level": "0",
        "name": "群英饭店",
        "name:ms": "Restoran Zhin Ying",
        "name:zh": "群英饭店",
        "opening_hours": "Mo-Su 11:30-15:00,17:30-22:00",
        "phone": "+60194566221",
        "toilets:access": "customers"
      },
      "geometry": {
        "type": "Point",
        "coordinates": [
          100.390029,
          5.4344984
        ]
      },
      "id": "node/6205292293"
    },
    {
      "type": "Feature",
      "properties": {
        "@id": "node/6205841778",
        "addr:city": "Butterworth",
        "addr:housenumber": "4",
        "addr:place": "Kawasan Perniagaan Teras Jaya",
        "addr:postcode": "13400",
        "addr:street": "Lorong Teras Jaya 2",
        "amenity": "restaurant",
        "cuisine": "japanese",
        "name": "Raku Ichi Izakaya",
        "opening_hours": "12:00-15:00,18:00-22:30",
        "operator": "Raku Maru Enterprise",
        "outdoor_seating": "no",
        "phone": "+60169234122"
      },
      "geometry": {
        "type": "Point",
        "coordinates": [
          100.3901182,
          5.434316
        ]
      },
      "id": "node/6205841778"
    },
    {
      "type": "Feature",
      "properties": {
        "@id": "node/6209919687",
        "amenity": "restaurant",
        "cuisine": "chicken",
        "name": "Kim Poh Chicken Rice @ Golden Triangle"
      },
      "geometry": {
        "type": "Point",
        "coordinates": [
          100.2760978,
          5.3323255
        ]
      },
      "id": "node/6209919687"
    },
    {
      "type": "Feature",
      "properties": {
        "@id": "node/6216291450",
        "amenity": "restaurant",
        "cuisine": "chinese",
        "name": "光华炒粿条"
      },
      "geometry": {
        "type": "Point",
        "coordinates": [
          100.3830133,
          5.4268354
        ]
      },
      "id": "node/6216291450"
    },
    {
      "type": "Feature",
      "properties": {
        "@id": "node/6218047987",
        "amenity": "restaurant",
        "name": "Restoran Hong Keat",
        "name:zh": "宏桔饮食中心"
      },
      "geometry": {
        "type": "Point",
        "coordinates": [
          100.3855455,
          5.4337192
        ]
      },
      "id": "node/6218047987"
    },
    {
      "type": "Feature",
      "properties": {
        "@id": "node/6233341308",
        "amenity": "restaurant",
        "name": "阿南砂煲活田鸡粥",
        "name:en": "JCube Restaurant",
        "name:zh": "阿南砂煲活田鸡粥",
        "name:zh-Hans": "阿南砂煲活田鸡粥",
        "name:zh-Hant": "阿南砂煲活田雞粥"
      },
      "geometry": {
        "type": "Point",
        "coordinates": [
          100.3259125,
          5.4210551
        ]
      },
      "id": "node/6233341308"
    },
    {
      "type": "Feature",
      "properties": {
        "@id": "node/6233341309",
        "amenity": "restaurant",
        "name": "What The Duck",
        "name:en": "What The Duck"
      },
      "geometry": {
        "type": "Point",
        "coordinates": [
          100.3258844,
          5.4210246
        ]
      },
      "id": "node/6233341309"
    },
    {
      "type": "Feature",
      "properties": {
        "@id": "node/6237471323",
        "amenity": "restaurant",
        "cuisine": "chinese",
        "name": "新悦香茶餐室"
      },
      "geometry": {
        "type": "Point",
        "coordinates": [
          100.5084867,
          5.3360392
        ]
      },
      "id": "node/6237471323"
    },
    {
      "type": "Feature",
      "properties": {
        "@id": "node/6237471324",
        "amenity": "restaurant",
        "cuisine": "chinese",
        "name": "荣兴茶餐室"
      },
      "geometry": {
        "type": "Point",
        "coordinates": [
          100.5083704,
          5.3356745
        ]
      },
      "id": "node/6237471324"
    },
    {
      "type": "Feature",
      "properties": {
        "@id": "node/6237471325",
        "amenity": "restaurant",
        "cuisine": "chinese",
        "name": "北海道茶餐室"
      },
      "geometry": {
        "type": "Point",
        "coordinates": [
          100.5085516,
          5.3350613
        ]
      },
      "id": "node/6237471325"
    },
    {
      "type": "Feature",
      "properties": {
        "@id": "node/6237471326",
        "amenity": "restaurant",
        "cuisine": "chinese",
        "name": "红点茶餐室"
      },
      "geometry": {
        "type": "Point",
        "coordinates": [
          100.5083807,
          5.3345602
        ]
      },
      "id": "node/6237471326"
    },
    {
      "type": "Feature",
      "properties": {
        "@id": "node/6237471329",
        "amenity": "restaurant",
        "cuisine": "chinese",
        "name": "客家茶餐室"
      },
      "geometry": {
        "type": "Point",
        "coordinates": [
          100.5080469,
          5.3330107
        ]
      },
      "id": "node/6237471329"
    },
    {
      "type": "Feature",
      "properties": {
        "@id": "node/6240907504",
        "amenity": "restaurant",
        "cuisine": "chinese",
        "name": "Kedai Makanan dan Minuman 919"
      },
      "geometry": {
        "type": "Point",
        "coordinates": [
          100.3866974,
          5.4382153
        ]
      },
      "id": "node/6240907504"
    },
    {
      "type": "Feature",
      "properties": {
        "@id": "node/6240907506",
        "amenity": "restaurant",
        "cuisine": "chinese",
        "name": "Restoran Kim Chui"
      },
      "geometry": {
        "type": "Point",
        "coordinates": [
          100.3861321,
          5.4379592
        ]
      },
      "id": "node/6240907506"
    },
    {
      "type": "Feature",
      "properties": {
        "@id": "node/6240907507",
        "amenity": "restaurant",
        "name": "Kedai Makanan dan Minimum Taman Mewah"
      },
      "geometry": {
        "type": "Point",
        "coordinates": [
          100.3741396,
          5.4002251
        ]
      },
      "id": "node/6240907507"
    },
    {
      "type": "Feature",
      "properties": {
        "@id": "node/6240909025",
        "amenity": "restaurant",
        "cuisine": "chinese",
        "name": "Guan Zheng Kopitiam",
        "name:zh": "源成饮食中心"
      },
      "geometry": {
        "type": "Point",
        "coordinates": [
          100.3867181,
          5.4384653
        ]
      },
      "id": "node/6240909025"
    },
    {
      "type": "Feature",
      "properties": {
        "@id": "node/6240909026",
        "amenity": "restaurant",
        "name": "Restoran Liang Khee"
      },
      "geometry": {
        "type": "Point",
        "coordinates": [
          100.3863843,
          5.4392989
        ]
      },
      "id": "node/6240909026"
    },
    {
      "type": "Feature",
      "properties": {
        "@id": "node/6240909033",
        "amenity": "restaurant",
        "name": "Hup Seng"
      },
      "geometry": {
        "type": "Point",
        "coordinates": [
          100.3847638,
          5.4327173
        ]
      },
      "id": "node/6240909033"
    },
    {
      "type": "Feature",
      "properties": {
        "@id": "node/6240909295",
        "amenity": "restaurant",
        "cuisine": "chinese",
        "name": "Restoran Shiang Thian"
      },
      "geometry": {
        "type": "Point",
        "coordinates": [
          100.3862478,
          5.4382003
        ]
      },
      "id": "node/6240909295"
    },
    {
      "type": "Feature",
      "properties": {
        "@id": "node/6240909298",
        "amenity": "restaurant",
        "cuisine": "thai",
        "name": "Thai Ahaanpot & BBQ",
        "name:en": "Thai Ahaanpot & BBQ"
      },
      "geometry": {
        "type": "Point",
        "coordinates": [
          100.3796161,
          5.4188793
        ]
      },
      "id": "node/6240909298"
    },
    {
      "type": "Feature",
      "properties": {
        "@id": "node/6244285990",
        "amenity": "restaurant",
        "name": "Blooms Pink Fun Restaurant"
      },
      "geometry": {
        "type": "Point",
        "coordinates": [
          100.3292579,
          5.4106896
        ]
      },
      "id": "node/6244285990"
    },
    {
      "type": "Feature",
      "properties": {
        "@id": "node/6244517511",
        "amenity": "restaurant",
        "delivery": "yes",
        "indoor": "yes",
        "level": "0",
        "name": "Azeem Cafe",
        "name:en": "JS 17 Cuisine"
      },
      "geometry": {
        "type": "Point",
        "coordinates": [
          100.3411535,
          5.415366
        ]
      },
      "id": "node/6244517511"
    },
    {
      "type": "Feature",
      "properties": {
        "@id": "node/6244517512",
        "amenity": "restaurant",
        "cuisine": "chinese",
        "name": "庆仲海鲜",
        "name:en": "Keng Chong Seafood",
        "name:zh": "庆仲海鲜"
      },
      "geometry": {
        "type": "Point",
        "coordinates": [
          100.3833591,
          5.4141758
        ]
      },
      "id": "node/6244517512"
    },
    {
      "type": "Feature",
      "properties": {
        "@id": "node/6248576785",
        "amenity": "restaurant",
        "name": "Golden River",
        "name:en": "Golden River"
      },
      "geometry": {
        "type": "Point",
        "coordinates": [
          100.2531066,
          5.4747421
        ]
      },
      "id": "node/6248576785"
    },
    {
      "type": "Feature",
      "properties": {
        "@id": "node/6248808185",
        "amenity": "restaurant",
        "name": "超群茶室"
      },
      "geometry": {
        "type": "Point",
        "coordinates": [
          100.5001828,
          5.3415903
        ]
      },
      "id": "node/6248808185"
    },
    {
      "type": "Feature",
      "properties": {
        "@id": "node/6258179485",
        "amenity": "restaurant",
        "name": "Restoran CH",
        "name:ms": "Restoran CH",
        "name:zh": "CH 饮食中心",
        "name:zh-Hans": "CH 饮食中心",
        "name:zh-Hant": "CH 飲食中心"
      },
      "geometry": {
        "type": "Point",
        "coordinates": [
          100.4608709,
          5.3643843
        ]
      },
      "id": "node/6258179485"
    },
    {
      "type": "Feature",
      "properties": {
        "@id": "node/6264435225",
        "amenity": "restaurant",
        "cuisine": "durian",
        "name": "Durian Kaki",
        "phone": "+6019-5898998",
        "source": "https://www.mapillary.com/app/?pKey=5fAqPFhbfWRNW5em4344Db&focus=photo"
      },
      "geometry": {
        "type": "Point",
        "coordinates": [
          100.2719556,
          5.3488007
        ]
      },
      "id": "node/6264435225"
    },
    {
      "type": "Feature",
      "properties": {
        "@id": "node/6274498573",
        "amenity": "restaurant",
        "cuisine": "indian",
        "name": "Magalir Villas",
        "source": "https://www.mapillary.com/app/?pKey=3AAjEdxvRGpcwvPgtwOcRb&focus=photo"
      },
      "geometry": {
        "type": "Point",
        "coordinates": [
          100.3717938,
          5.4100224
        ]
      },
      "id": "node/6274498573"
    },
    {
      "type": "Feature",
      "properties": {
        "@id": "node/6274507893",
        "amenity": "restaurant",
        "name": "Isaza Maju Enterprise"
      },
      "geometry": {
        "type": "Point",
        "coordinates": [
          100.4654761,
          5.1430131
        ]
      },
      "id": "node/6274507893"
    },
    {
      "type": "Feature",
      "properties": {
        "@id": "node/6291127292",
        "amenity": "restaurant",
        "name": "Tiger Monkey Restaurant and Shop",
        "name:en": "Tiger Monkey Restaurant and Shop"
      },
      "geometry": {
        "type": "Point",
        "coordinates": [
          100.1871692,
          5.4709702
        ]
      },
      "id": "node/6291127292"
    },
    {
      "type": "Feature",
      "properties": {
        "@id": "node/6297090985",
        "addr:housenumber": "425",
        "addr:street": "Jalan Burma",
        "amenity": "restaurant",
        "diet:halal": "no",
        "name": "Kedai Kopi Cathay",
        "name:ms": "Kedai Kopi Cathay",
        "opening_hours": "Mo-Su 07:00-13:00"
      },
      "geometry": {
        "type": "Point",
        "coordinates": [
          100.3216989,
          5.4235171
        ]
      },
      "id": "node/6297090985"
    },
    {
      "type": "Feature",
      "properties": {
        "@id": "node/6298612585",
        "addr:city": "George Town",
        "addr:housenumber": "533",
        "addr:postcode": "10300",
        "addr:street": "Jalan C. Y. Choy",
        "amenity": "restaurant",
        "cuisine": "noodle",
        "name": "Bridge Street Prawn Noodle",
        "name:en": "Bridge Street Prawn Noodle",
        "name:zh": "正宗桥头福建虾面专卖店",
        "name:zh-Hans": "正宗桥头福建虾面专卖店",
        "name:zh-Hant": "正宗橋頭福建蝦麵專賣店",
        "opening_hours": "Tu-Su 07:00-14:30; Mo off",
        "phone": "+60105662217"
      },
      "geometry": {
        "type": "Point",
        "coordinates": [
          100.3339605,
          5.4117797
        ]
      },
      "id": "node/6298612585"
    },
    {
      "type": "Feature",
      "properties": {
        "@id": "node/6303356487",
        "addr:housenumber": "1",
        "addr:postcode": "10250",
        "addr:street": "Gerbang Midlands",
        "amenity": "restaurant",
        "name": "Yaw’s Roast & Grill",
        "opening_hours": "Tu-Su 17:30-23:00",
        "phone": "0184600829",
        "website": "https://m.facebook.com/yawsroastandgrill/"
      },
      "geometry": {
        "type": "Point",
        "coordinates": [
          100.3078124,
          5.4354523
        ]
      },
      "id": "node/6303356487"
    },
    {
      "type": "Feature",
      "properties": {
        "@id": "node/6334805585",
        "addr:street": "Lebuh China",
        "amenity": "restaurant",
        "cuisine": "asian;chinese",
        "name": "Economy 168 café",
        "name:en": "Economy 168 café",
        "opening_hours": "Mo-Su 09:00-14:00"
      },
      "geometry": {
        "type": "Point",
        "coordinates": [
          100.3409783,
          5.416808
        ]
      },
      "id": "node/6334805585"
    },
    {
      "type": "Feature",
      "properties": {
        "@id": "node/6351746789",
        "amenity": "restaurant",
        "name": "Tiek Lye Kopitiam",
        "name:zh": "德来茶餐室",
        "opening_hours": "07:30-18:00"
      },
      "geometry": {
        "type": "Point",
        "coordinates": [
          100.3967602,
          5.424956
        ]
      },
      "id": "node/6351746789"
    },
    {
      "type": "Feature",
      "properties": {
        "@id": "node/6362252186",
        "amenity": "restaurant",
        "cuisine": "chinese",
        "name": "DaJiaLe Kopitiam",
        "name:zh": "大家乐茶餐室",
        "phone": "016-470 0222"
      },
      "geometry": {
        "type": "Point",
        "coordinates": [
          100.3781384,
          5.4143764
        ]
      },
      "id": "node/6362252186"
    },
    {
      "type": "Feature",
      "properties": {
        "@id": "node/6362264487",
        "addr:housenumber": "2",
        "addr:postcode": "12200",
        "addr:street": "Lorong Cempa",
        "amenity": "restaurant",
        "cuisine": "chinese",
        "name": "Lee Coffee Shop",
        "name:en": "Lee Coffee Shop",
        "opening_hours": "Mo-Su 08:30-22:00"
      },
      "geometry": {
        "type": "Point",
        "coordinates": [
          100.3778381,
          5.4191847
        ]
      },
      "id": "node/6362264487"
    },
    {
      "type": "Feature",
      "properties": {
        "@id": "node/6362264687",
        "addr:housenumber": "7252 & 7253",
        "addr:postcode": "12300",
        "addr:street": "Lorong Cempa",
        "amenity": "restaurant",
        "name": "Restoran Guan Hwa",
        "opening_hours": "Fr-We 06:30-22:00",
        "phone": "012-416 5928"
      },
      "geometry": {
        "type": "Point",
        "coordinates": [
          100.3773508,
          5.4161887
        ]
      },
      "id": "node/6362264687"
    },
    {
      "type": "Feature",
      "properties": {
        "@id": "node/6362297798",
        "addr:housenumber": "6797",
        "addr:postcode": "12300",
        "addr:street": "Jalan Raja Uda",
        "amenity": "restaurant",
        "cuisine": "chinese",
        "name": "Kean Lai Hiang Café",
        "opening_hours": "Tu-Su 08:00-23:00",
        "phone": "012-429 8583"
      },
      "geometry": {
        "type": "Point",
        "coordinates": [
          100.3820344,
          5.4227207
        ]
      },
      "id": "node/6362297798"
    },
    {
      "type": "Feature",
      "properties": {
        "@id": "node/6362326685",
        "addr:housenumber": "5022",
        "addr:postcode": "12300",
        "addr:street": "Jalan Raja Uda",
        "amenity": "restaurant",
        "cuisine": "chinese",
        "name": "Kedai Kopi Hwa Nam",
        "name:en": "Hwa Nam Coffee Shop",
        "name:ms": "Kedai Kopi Hwa Nam",
        "opening_hours": "Mo-Su 08:00-12:00, 18:00-01:00"
      },
      "geometry": {
        "type": "Point",
        "coordinates": [
          100.3847171,
          5.4307374
        ]
      },
      "id": "node/6362326685"
    },
    {
      "type": "Feature",
      "properties": {
        "@id": "node/6362365085",
        "addr:street": "Jalan Telaga Air",
        "amenity": "restaurant",
        "cuisine": "indian",
        "name": "Tosai Sedap"
      },
      "geometry": {
        "type": "Point",
        "coordinates": [
          100.3769313,
          5.4136137
        ]
      },
      "id": "node/6362365085"
    },
    {
      "type": "Feature",
      "properties": {
        "@id": "node/6364966235",
        "amenity": "restaurant",
        "name": "Restoran Ju Heng",
        "name:ms": "Restoran Ju Heng",
        "name:zh": "裕興茶餐室"
      },
      "geometry": {
        "type": "Point",
        "coordinates": [
          100.3859541,
          5.4365614
        ]
      },
      "id": "node/6364966235"
    },
    {
      "type": "Feature",
      "properties": {
        "@id": "node/6383112537",
        "amenity": "restaurant",
        "level": "0",
        "name": "Restoran Soon Huat",
        "name:zh": "顺发咖啡室"
      },
      "geometry": {
        "type": "Point",
        "coordinates": [
          100.3825095,
          5.4149362
        ]
      },
      "id": "node/6383112537"
    },
    {
      "type": "Feature",
      "properties": {
        "@id": "node/6388735492",
        "amenity": "restaurant",
        "level": "0",
        "name": "500cc"
      },
      "geometry": {
        "type": "Point",
        "coordinates": [
          100.3807421,
          5.416369
        ]
      },
      "id": "node/6388735492"
    },
    {
      "type": "Feature",
      "properties": {
        "@id": "node/6389208867",
        "amenity": "restaurant",
        "name": "肥妈美食坊",
        "name:en": "Fat Mum Kitchen"
      },
      "geometry": {
        "type": "Point",
        "coordinates": [
          100.3822276,
          5.4221733
        ]
      },
      "id": "node/6389208867"
    },
    {
      "type": "Feature",
      "properties": {
        "@id": "node/6395751157",
        "addr:street": "Jalan Batu Feringghi",
        "amenity": "restaurant",
        "cuisine": "arab;turkish",
        "internet_access": "wlan",
        "name": "Rubin Mardini"
      },
      "geometry": {
        "type": "Point",
        "coordinates": [
          100.2485408,
          5.4740249
        ]
      },
      "id": "node/6395751157"
    },
    {
      "type": "Feature",
      "properties": {
        "@id": "node/6399853185",
        "amenity": "restaurant",
        "cuisine": "seafood;tea;fish;malaysian",
        "name": "Umi Nasi Campur",
        "name:ms": "Umi Nasi Campur",
        "opening_hours": "Mo-Su 11:00-18:00",
        "operator": "Owner is Umi and her family"
      },
      "geometry": {
        "type": "Point",
        "coordinates": [
          100.2526137,
          5.4751564
        ]
      },
      "id": "node/6399853185"
    },
    {
      "type": "Feature",
      "properties": {
        "@id": "node/6404037657",
        "amenity": "restaurant",
        "name": "Restoran Joe",
        "name:ms": "Restoran Joe",
        "name:zh": "同心茶餐室"
      },
      "geometry": {
        "type": "Point",
        "coordinates": [
          100.389491,
          5.4332295
        ]
      },
      "id": "node/6404037657"
    },
    {
      "type": "Feature",
      "properties": {
        "@id": "node/6406806305",
        "amenity": "restaurant",
        "name": "Burger Society",
        "name:en": "Burger Society"
      },
      "geometry": {
        "type": "Point",
        "coordinates": [
          100.333011,
          5.4199957
        ]
      },
      "id": "node/6406806305"
    },
    {
      "type": "Feature",
      "properties": {
        "@id": "node/6409510186",
        "amenity": "restaurant",
        "name": "Many cheap local food stalls"
      },
      "geometry": {
        "type": "Point",
        "coordinates": [
          100.2806232,
          5.4646061
        ]
      },
      "id": "node/6409510186"
    },
    {
      "type": "Feature",
      "properties": {
        "@id": "node/6411503886",
        "amenity": "restaurant",
        "diet:vegetarian": "only",
        "name": "Annalakshmi Temple of Fine Arts Vegetarian",
        "name:en": "Annalakshmi Temple of Fine Arts Vegetarian"
      },
      "geometry": {
        "type": "Point",
        "coordinates": [
          100.3140633,
          5.4183967
        ]
      },
      "id": "node/6411503886"
    },
    {
      "type": "Feature",
      "properties": {
        "@id": "node/6411505086",
        "amenity": "restaurant",
        "name": "Ali Capati Corner",
        "name:en": "Ali Capati Corner"
      },
      "geometry": {
        "type": "Point",
        "coordinates": [
          100.3387421,
          5.417674
        ]
      },
      "id": "node/6411505086"
    },
    {
      "type": "Feature",
      "properties": {
        "@id": "node/6411509086",
        "amenity": "restaurant",
        "cuisine": "seafood",
        "name": "Sunshine Bay Seafood"
      },
      "geometry": {
        "type": "Point",
        "coordinates": [
          100.2904666,
          5.4657056
        ]
      },
      "id": "node/6411509086"
    },
    {
      "type": "Feature",
      "properties": {
        "@id": "node/6411509485",
        "amenity": "restaurant",
        "name": "Nasi Kandar Barakath"
      },
      "geometry": {
        "type": "Point",
        "coordinates": [
          100.2798304,
          5.4656849
        ]
      },
      "id": "node/6411509485"
    },
    {
      "type": "Feature",
      "properties": {
        "@id": "node/6416095807",
        "amenity": "restaurant"
      },
      "geometry": {
        "type": "Point",
        "coordinates": [
          100.2792687,
          5.4651482
        ]
      },
      "id": "node/6416095807"
    },
    {
      "type": "Feature",
      "properties": {
        "@id": "node/6416096691",
        "amenity": "restaurant",
        "name": "Nasi Kandar",
        "name:ms": "Nasi Kandar"
      },
      "geometry": {
        "type": "Point",
        "coordinates": [
          100.2796252,
          5.4666034
        ]
      },
      "id": "node/6416096691"
    },
    {
      "type": "Feature",
      "properties": {
        "@id": "node/6416096692",
        "amenity": "restaurant",
        "name": "Budi Tomyam Seafood Ala Thai"
      },
      "geometry": {
        "type": "Point",
        "coordinates": [
          100.2791711,
          5.4650385
        ]
      },
      "id": "node/6416096692"
    },
    {
      "type": "Feature",
      "properties": {
        "@id": "node/6416312677",
        "amenity": "restaurant",
        "name": "Mints Restaurant"
      },
      "geometry": {
        "type": "Point",
        "coordinates": [
          100.3844549,
          5.4098668
        ]
      },
      "id": "node/6416312677"
    },
    {
      "type": "Feature",
      "properties": {
        "@id": "node/6417870185",
        "amenity": "restaurant",
        "name": "Nasi Dalca Rahim",
        "name:ms": "Nasi Dalca Rahim"
      },
      "geometry": {
        "type": "Point",
        "coordinates": [
          100.338418,
          5.4169124
        ]
      },
      "id": "node/6417870185"
    },
    {
      "type": "Feature",
      "properties": {
        "@id": "node/6419168523",
        "amenity": "restaurant",
        "name": "Ong Lai Seafood"
      },
      "geometry": {
        "type": "Point",
        "coordinates": [
          100.3823379,
          5.4235993
        ]
      },
      "id": "node/6419168523"
    },
    {
      "type": "Feature",
      "properties": {
        "@id": "node/6419168533",
        "amenity": "restaurant",
        "name": "Ong Lai Kitchen"
      },
      "geometry": {
        "type": "Point",
        "coordinates": [
          100.3796593,
          5.4172658
        ]
      },
      "id": "node/6419168533"
    },
    {
      "type": "Feature",
      "properties": {
        "@id": "node/6419168534",
        "amenity": "restaurant",
        "name": "De City"
      },
      "geometry": {
        "type": "Point",
        "coordinates": [
          100.3808851,
          5.4218247
        ]
      },
      "id": "node/6419168534"
    },
    {
      "type": "Feature",
      "properties": {
        "@id": "node/6419169031",
        "amenity": "restaurant",
        "name": "Joy Love Restaurant"
      },
      "geometry": {
        "type": "Point",
        "coordinates": [
          100.3808423,
          5.4218449
        ]
      },
      "id": "node/6419169031"
    },
    {
      "type": "Feature",
      "properties": {
        "@id": "node/6419169185",
        "amenity": "restaurant",
        "name": "Crab and Lala Grill House"
      },
      "geometry": {
        "type": "Point",
        "coordinates": [
          100.3819016,
          5.422271
        ]
      },
      "id": "node/6419169185"
    },
    {
      "type": "Feature",
      "properties": {
        "@id": "node/6419169385",
        "amenity": "restaurant",
        "name": "Restoran Hook Kian Kia One One One"
      },
      "geometry": {
        "type": "Point",
        "coordinates": [
          100.3807151,
          5.422844
        ]
      },
      "id": "node/6419169385"
    },
    {
      "type": "Feature",
      "properties": {
        "@id": "node/6432042285",
        "amenity": "restaurant",
        "name": "Waffle Lady at the side of the road"
      },
      "geometry": {
        "type": "Point",
        "coordinates": [
          100.2398984,
          5.2858293
        ]
      },
      "id": "node/6432042285"
    },
    {
      "type": "Feature",
      "properties": {
        "@id": "node/6434045986",
        "addr:street": "Jalan Baiduri",
        "amenity": "restaurant",
        "cuisine": "chinese",
        "name": "Hakka Mee"
      },
      "geometry": {
        "type": "Point",
        "coordinates": [
          100.3909143,
          5.4373196
        ]
      },
      "id": "node/6434045986"
    },
    {
      "type": "Feature",
      "properties": {
        "@id": "node/6434076185",
        "addr:housenumber": "236",
        "addr:postcode": "10350",
        "addr:street": "Jalan Burma",
        "amenity": "restaurant",
        "cuisine": "noodle",
        "name": "Pulau Tikus Wantan Mee House",
        "opening_hours": "Fr-We 06:00-16:00"
      },
      "geometry": {
        "type": "Point",
        "coordinates": [
          100.3126068,
          5.4305322
        ]
      },
      "id": "node/6434076185"
    },
    {
      "type": "Feature",
      "properties": {
        "@id": "node/6447124386",
        "amenity": "restaurant",
        "diet:vegetarian": "yes",
        "name": "YiKeShu",
        "name:zh": "一棵树"
      },
      "geometry": {
        "type": "Point",
        "coordinates": [
          100.2830116,
          5.4584763
        ]
      },
      "id": "node/6447124386"
    },
    {
      "type": "Feature",
      "properties": {
        "@id": "node/6454437747",
        "addr:city": "Bukit Mertajam",
        "addr:housenumber": "11A",
        "addr:postcode": "14000",
        "addr:street": "Lorong Alma Jaya 1/1",
        "amenity": "restaurant",
        "diet:vegetarian": "yes",
        "name": "Alma Vegeterian"
      },
      "geometry": {
        "type": "Point",
        "coordinates": [
          100.477054,
          5.3224355
        ]
      },
      "id": "node/6454437747"
    },
    {
      "type": "Feature",
      "properties": {
        "@id": "node/6466326785",
        "amenity": "restaurant",
        "name": "Kedai makan Kah Jah & Family"
      },
      "geometry": {
        "type": "Point",
        "coordinates": [
          100.4644555,
          5.3927085
        ]
      },
      "id": "node/6466326785"
    },
    {
      "type": "Feature",
      "properties": {
        "@id": "node/6466544286",
        "amenity": "restaurant",
        "name": "Ayam Cry"
      },
      "geometry": {
        "type": "Point",
        "coordinates": [
          100.4652499,
          5.4009451
        ]
      },
      "id": "node/6466544286"
    },
    {
      "type": "Feature",
      "properties": {
        "@id": "node/6467345278",
        "amenity": "restaurant",
        "name": "Nasi Kandar Pelita"
      },
      "geometry": {
        "type": "Point",
        "coordinates": [
          100.4473762,
          5.3295299
        ]
      },
      "id": "node/6467345278"
    },
    {
      "type": "Feature",
      "properties": {
        "@id": "node/6467345286",
        "amenity": "restaurant",
        "cuisine": "chinese",
        "level": "0",
        "name": "Restoran Bukit Minyak",
        "name:zh": "时代饮食中心"
      },
      "geometry": {
        "type": "Point",
        "coordinates": [
          100.4468976,
          5.329239
        ]
      },
      "id": "node/6467345286"
    },
    {
      "type": "Feature",
      "properties": {
        "@id": "node/6474733429",
        "amenity": "restaurant",
        "name": "228 Kopitiam"
      },
      "geometry": {
        "type": "Point",
        "coordinates": [
          100.39693,
          5.4233054
        ]
      },
      "id": "node/6474733429"
    },
    {
      "type": "Feature",
      "properties": {
        "@id": "node/6482038587",
        "amenity": "restaurant",
        "name": "Chao Xuan Restaurant",
        "name:en": "Chao Xuan Restaurant"
      },
      "geometry": {
        "type": "Point",
        "coordinates": [
          100.3346051,
          5.4142544
        ]
      },
      "id": "node/6482038587"
    },
    {
      "type": "Feature",
      "properties": {
        "@id": "node/6485920385",
        "amenity": "restaurant",
        "cuisine": "malaysian",
        "name": "Pin Pin Cafe",
        "name:en": "Pin Pin Cafe"
      },
      "geometry": {
        "type": "Point",
        "coordinates": [
          100.2890213,
          5.404496
        ]
      },
      "id": "node/6485920385"
    },
    {
      "type": "Feature",
      "properties": {
        "@id": "node/6487387132",
        "amenity": "restaurant",
        "name": "Tiffin Cottage"
      },
      "geometry": {
        "type": "Point",
        "coordinates": [
          100.3932646,
          5.4305795
        ]
      },
      "id": "node/6487387132"
    },
    {
      "type": "Feature",
      "properties": {
        "@id": "node/6499833249",
        "amenity": "restaurant",
        "cuisine": "thai",
        "name": "May Tip Thai Food",
        "name:zh": "美迪泰式餐厅",
        "source": "https://www.mapillary.com/app/?pKey=AUgk3wFIlyIZU0004zqnt8&focus=photo"
      },
      "geometry": {
        "type": "Point",
        "coordinates": [
          100.4452946,
          5.3637307
        ]
      },
      "id": "node/6499833249"
    },
    {
      "type": "Feature",
      "properties": {
        "@id": "node/6499833486",
        "amenity": "restaurant",
        "name": "Bar Wang Rice"
      },
      "geometry": {
        "type": "Point",
        "coordinates": [
          100.3913813,
          5.3835212
        ]
      },
      "id": "node/6499833486"
    },
    {
      "type": "Feature",
      "properties": {
        "@id": "node/6499834059",
        "addr:city": "Bukit Mertajam",
        "addr:housenumber": "3336",
        "addr:postcode": "14000",
        "addr:street": "Jalan Perniagaan",
        "amenity": "restaurant",
        "diet:vegetarian": "only",
        "name": "Ming Yuan Vegetarian",
        "name:zh": "茗缘素食馆",
        "source": "https://www.mapillary.com/app/?pKey=TheUuwgjEWH6pchD7A04hu&focus=photo"
      },
      "geometry": {
        "type": "Point",
        "coordinates": [
          100.4811395,
          5.333778
        ]
      },
      "id": "node/6499834059"
    },
    {
      "type": "Feature",
      "properties": {
        "@id": "node/6506015021",
        "amenity": "restaurant",
        "cuisine": "japanese",
        "name": "Super Zen Restaurant"
      },
      "geometry": {
        "type": "Point",
        "coordinates": [
          100.3905294,
          5.434309
        ]
      },
      "id": "node/6506015021"
    },
    {
      "type": "Feature",
      "properties": {
        "@id": "node/6510442343",
        "addr:city": "Tanjong Tokong",
        "addr:housenumber": "B-G-02",
        "addr:postcode": "10470",
        "addr:street": "Jalan Desiran Tanjung",
        "amenity": "restaurant",
        "cuisine": "chinese;seafood;noodles",
        "name": "Quay Pot 肥仔煲",
        "opening_hours": "We-Mo 12:00-14:30, 18:00-21:30",
        "phone": "+6048981688"
      },
      "geometry": {
        "type": "Point",
        "coordinates": [
          100.3077234,
          5.4556958
        ]
      },
      "id": "node/6510442343"
    },
    {
      "type": "Feature",
      "properties": {
        "@id": "node/6511408338",
        "amenity": "restaurant",
        "name": "Restoran Full Soon",
        "name:ms": "Restoran Full Soon",
        "name:zh": "富顺茶餐室"
      },
      "geometry": {
        "type": "Point",
        "coordinates": [
          100.3967059,
          5.4333108
        ]
      },
      "id": "node/6511408338"
    },
    {
      "type": "Feature",
      "properties": {
        "@id": "node/6533198885",
        "amenity": "restaurant",
        "cuisine": "local",
        "name": "Nasi Kandar Pokok Ketapang",
        "name:ms": "Nasi Kandar Pokok Ketapang"
      },
      "geometry": {
        "type": "Point",
        "coordinates": [
          100.3307948,
          5.4197264
        ]
      },
      "id": "node/6533198885"
    },
    {
      "type": "Feature",
      "properties": {
        "@id": "node/6533203185",
        "amenity": "restaurant",
        "check_date": "2024-08-09",
        "name": "Hassan Briyani House",
        "name:en": "Hassan Briyani House"
      },
      "geometry": {
        "type": "Point",
        "coordinates": [
          100.3298112,
          5.4191518
        ]
      },
      "id": "node/6533203185"
    },
    {
      "type": "Feature",
      "properties": {
        "@id": "node/6533203186",
        "amenity": "restaurant",
        "name": "sejatherah muhibah"
      },
      "geometry": {
        "type": "Point",
        "coordinates": [
          100.3295127,
          5.4180605
        ]
      },
      "id": "node/6533203186"
    },
    {
      "type": "Feature",
      "properties": {
        "@id": "node/6533379285",
        "amenity": "restaurant",
        "cuisine": "local;indian",
        "name": "syed cafe briyani",
        "opening_hours": "24/7"
      },
      "geometry": {
        "type": "Point",
        "coordinates": [
          100.2798787,
          5.3269742
        ]
      },
      "id": "node/6533379285"
    },
    {
      "type": "Feature",
      "properties": {
        "@id": "node/6533516587",
        "amenity": "restaurant",
        "name": "peladang"
      },
      "geometry": {
        "type": "Point",
        "coordinates": [
          100.219199,
          5.3359626
        ]
      },
      "id": "node/6533516587"
    },
    {
      "type": "Feature",
      "properties": {
        "@id": "node/6534524689",
        "amenity": "restaurant",
        "name": "Wednesday chicken rice"
      },
      "geometry": {
        "type": "Point",
        "coordinates": [
          100.2981735,
          5.3509394
        ]
      },
      "id": "node/6534524689"
    },
    {
      "type": "Feature",
      "properties": {
        "@id": "node/6534579086",
        "amenity": "restaurant",
        "name": "neighbourhood"
      },
      "geometry": {
        "type": "Point",
        "coordinates": [
          100.2926536,
          5.3364762
        ]
      },
      "id": "node/6534579086"
    },
    {
      "type": "Feature",
      "properties": {
        "@id": "node/6539192380",
        "amenity": "restaurant",
        "level": "0",
        "name": "Xin Ninety Nine",
        "name:zh": "新99海鲜煮炒"
      },
      "geometry": {
        "type": "Point",
        "coordinates": [
          100.3821116,
          5.4346954
        ]
      },
      "id": "node/6539192380"
    },
    {
      "type": "Feature",
      "properties": {
        "@id": "node/6550952908",
        "addr:city": "Butterworth",
        "addr:country": "MY",
        "addr:housenumber": "7487",
        "addr:postcode": "13400",
        "addr:street": "Lorong Mesra Jaya 1",
        "air_conditioning": "yes",
        "amenity": "restaurant",
        "cuisine": "thai",
        "level": "0",
        "name": "小泰皇",
        "name:en": "Thai Dee",
        "opening_hours": "Th-Tu 11:30-15:00,18:00-21:30",
        "operator": "Lets Thai Up Cafe",
        "operator:type": "private",
        "phone": "+601156905058",
        "toilets:access": "customers"
      },
      "geometry": {
        "type": "Point",
        "coordinates": [
          100.3968551,
          5.4304725
        ]
      },
      "id": "node/6550952908"
    },
    {
      "type": "Feature",
      "properties": {
        "@id": "node/6550952909",
        "amenity": "restaurant",
        "level": "0",
        "name": "Kai Fan Restaurant",
        "name:zh": "開飯"
      },
      "geometry": {
        "type": "Point",
        "coordinates": [
          100.3968237,
          5.4307795
        ]
      },
      "id": "node/6550952909"
    },
    {
      "type": "Feature",
      "properties": {
        "@id": "node/6553414877",
        "addr:housenumber": "31,33&35",
        "addr:street": "Jalan Todak 6",
        "amenity": "restaurant",
        "cuisine": "sushi",
        "name": "Sushi Zento",
        "source": "https://www.mapillary.com/app/?pKey=yFR3nFiatAE6H1aIfUaTyH&focus=photo"
      },
      "geometry": {
        "type": "Point",
        "coordinates": [
          100.3999434,
          5.3972187
        ]
      },
      "id": "node/6553414877"
    },
    {
      "type": "Feature",
      "properties": {
        "@id": "node/6553414878",
        "addr:city": "Seberang Jaya",
        "addr:country": "MY",
        "addr:housenumber": "25",
        "addr:postcode": "13700",
        "addr:street": "Jalan Todak 6",
        "amenity": "restaurant",
        "name": "Kapitan Signature",
        "phone": "+604-398 5118",
        "source": "survey;local knowledge"
      },
      "geometry": {
        "type": "Point",
        "coordinates": [
          100.3999744,
          5.3974731
        ]
      },
      "id": "node/6553414878"
    },
    {
      "type": "Feature",
      "properties": {
        "@id": "node/6553414879",
        "addr:city": "Seberang Jaya",
        "addr:housenumber": "19 GF",
        "addr:postcode": "13700",
        "addr:street": "Jalan Todak 6",
        "amenity": "restaurant",
        "cuisine": "noodle",
        "name": "面对面",
        "name:en": "Face to Face Noodles House",
        "name:zh": "面对面",
        "opening_hours": "Mo-Su 09:30-20:30",
        "phone": "+604-383 1969",
        "source": "https://www.mapillary.com/app/?pKey=JmQUdaevPljg89w1FxtDx5&focus=photo"
      },
      "geometry": {
        "type": "Point",
        "coordinates": [
          100.4000244,
          5.3978152
        ]
      },
      "id": "node/6553414879"
    },
    {
      "type": "Feature",
      "properties": {
        "@id": "node/6562882530",
        "amenity": "restaurant",
        "name": "Teoh Chew Meng",
        "name:zh": "潮州銘小食館"
      },
      "geometry": {
        "type": "Point",
        "coordinates": [
          100.3865955,
          5.4349836
        ]
      },
      "id": "node/6562882530"
    },
    {
      "type": "Feature",
      "properties": {
        "@id": "node/6567598486",
        "addr:city": "George Town",
        "addr:postcode": "10300",
        "addr:street": "Pengkalan Weld",
        "amenity": "restaurant",
        "cuisine": "local;regional;chinese",
        "name": "Kafe Chew Jetty",
        "name:en": "Chew Jetty Cafe",
        "name:ms": "Kafe Chew Jetty",
        "name:zh": "姓周桥老港口海墘茶室",
        "name:zh-Hans": "姓周桥老港口海墘茶室",
        "name:zh-Hant": "姓周橋老港口海墘茶室"
      },
      "geometry": {
        "type": "Point",
        "coordinates": [
          100.339688,
          5.4129012
        ]
      },
      "id": "node/6567598486"
    },
    {
      "type": "Feature",
      "properties": {
        "@id": "node/6588591826",
        "addr:city": "Bukit Mertajam",
        "addr:housenumber": "G-3360",
        "addr:postcode": "14000",
        "addr:street": "Jalan Rozhan",
        "amenity": "restaurant",
        "cuisine": "chinese;noodle",
        "name": "7 Village"
      },
      "geometry": {
        "type": "Point",
        "coordinates": [
          100.4833878,
          5.3362383
        ]
      },
      "id": "node/6588591826"
    },
    {
      "type": "Feature",
      "properties": {
        "@id": "node/6591459088",
        "amenity": "restaurant",
        "check_date": "2023-11-05",
        "cuisine": "sushi",
        "level": "0",
        "name": "Sushi-Ya",
        "name:en": "Sushi-Ya",
        "website": "https://sushiya.com.my"
      },
      "geometry": {
        "type": "Point",
        "coordinates": [
          100.3171226,
          5.395006
        ]
      },
      "id": "node/6591459088"
    },
    {
      "type": "Feature",
      "properties": {
        "@id": "node/6591463687",
        "addr:city": "George Town",
        "addr:housenumber": "316",
        "addr:postcode": "10300",
        "addr:street": "Lebuh Pantai",
        "amenity": "restaurant",
        "check_date": "2024-08-11",
        "name": "Mémoire"
      },
      "geometry": {
        "type": "Point",
        "coordinates": [
          100.3374626,
          5.4138378
        ]
      },
      "id": "node/6591463687"
    },
    {
      "type": "Feature",
      "properties": {
        "@id": "node/6593101722",
        "amenity": "restaurant",
        "name": "李记烧腊馆"
      },
      "geometry": {
        "type": "Point",
        "coordinates": [
          100.3900847,
          5.4344965
        ]
      },
      "id": "node/6593101722"
    },
    {
      "type": "Feature",
      "properties": {
        "@id": "node/6598650552",
        "amenity": "restaurant",
        "name": "食为天酒楼",
        "name:en": "The Grandville",
        "name:zh": "食为天酒楼",
        "operator": "JW Dynasty Sdn Bhd"
      },
      "geometry": {
        "type": "Point",
        "coordinates": [
          100.387023,
          5.4282414
        ]
      },
      "id": "node/6598650552"
    },
    {
      "type": "Feature",
      "properties": {
        "@id": "node/6601346690",
        "amenity": "restaurant",
        "name": "Rong Kopi Tiam",
        "name:en": "Rong Kopi Tiam"
      },
      "geometry": {
        "type": "Point",
        "coordinates": [
          100.2783284,
          5.4022325
        ]
      },
      "id": "node/6601346690"
    },
    {
      "type": "Feature",
      "properties": {
        "@id": "node/6601346692",
        "amenity": "restaurant"
      },
      "geometry": {
        "type": "Point",
        "coordinates": [
          100.2785592,
          5.4024087
        ]
      },
      "id": "node/6601346692"
    },
    {
      "type": "Feature",
      "properties": {
        "@id": "node/6601381585",
        "amenity": "restaurant"
      },
      "geometry": {
        "type": "Point",
        "coordinates": [
          100.2785303,
          5.4021981
        ]
      },
      "id": "node/6601381585"
    },
    {
      "type": "Feature",
      "properties": {
        "@id": "node/6601382198",
        "amenity": "restaurant",
        "name": "Baba",
        "name:en": "Baba",
        "name:ms": "Baba"
      },
      "geometry": {
        "type": "Point",
        "coordinates": [
          100.3324563,
          5.4207328
        ]
      },
      "id": "node/6601382198"
    },
    {
      "type": "Feature",
      "properties": {
        "@id": "node/6601382199",
        "addr:housenumber": "46",
        "addr:street": "Jalan Sri Bahari",
        "amenity": "restaurant",
        "name": "The Ship"
      },
      "geometry": {
        "type": "Point",
        "coordinates": [
          100.331894,
          5.4214331
        ]
      },
      "id": "node/6601382199"
    },
    {
      "type": "Feature",
      "properties": {
        "@id": "node/6601382389",
        "amenity": "restaurant"
      },
      "geometry": {
        "type": "Point",
        "coordinates": [
          100.2965146,
          5.4062922
        ]
      },
      "id": "node/6601382389"
    },
    {
      "type": "Feature",
      "properties": {
        "@id": "node/6601382390",
        "amenity": "restaurant",
        "cuisine": "chinese;local"
      },
      "geometry": {
        "type": "Point",
        "coordinates": [
          100.2965755,
          5.4060257
        ]
      },
      "id": "node/6601382390"
    },
    {
      "type": "Feature",
      "properties": {
        "@id": "node/6602207587",
        "amenity": "restaurant"
      },
      "geometry": {
        "type": "Point",
        "coordinates": [
          100.3366404,
          5.4158062
        ]
      },
      "id": "node/6602207587"
    },
    {
      "type": "Feature",
      "properties": {
        "@id": "node/6604160285",
        "amenity": "restaurant",
        "name": "food market"
      },
      "geometry": {
        "type": "Point",
        "coordinates": [
          100.3208462,
          5.3984817
        ]
      },
      "id": "node/6604160285"
    },
    {
      "type": "Feature",
      "properties": {
        "@id": "node/6604160290",
        "amenity": "restaurant",
        "name": "Kan mi ut"
      },
      "geometry": {
        "type": "Point",
        "coordinates": [
          100.3233658,
          5.4015439
        ]
      },
      "id": "node/6604160290"
    },
    {
      "type": "Feature",
      "properties": {
        "@id": "node/6604160297",
        "amenity": "restaurant",
        "diet:vegetarian": "yes",
        "name": "Persatuan Amitabha Ren Ci Malaysia",
        "name:ms": "Persatuan Amitabha Ren Ci Malaysia",
        "name:zh": "仁慈地球村随缘素食馆",
        "name:zh-Hans": "仁慈地球村随缘素食馆",
        "name:zh-Hant": "仁慈地球村隨緣素食館",
        "source": "https://www.mapillary.com/app/?pKey=3fTk97gRmtHtk6eiNg8Smk&focus=photo"
      },
      "geometry": {
        "type": "Point",
        "coordinates": [
          100.3283023,
          5.3979335
        ]
      },
      "id": "node/6604160297"
    },
    {
      "type": "Feature",
      "properties": {
        "@id": "node/6604160585",
        "amenity": "restaurant",
        "name": "food market"
      },
      "geometry": {
        "type": "Point",
        "coordinates": [
          100.3205168,
          5.3990285
        ]
      },
      "id": "node/6604160585"
    },
    {
      "type": "Feature",
      "properties": {
        "@id": "node/6604170088",
        "amenity": "restaurant",
        "cuisine": "indian"
      },
      "geometry": {
        "type": "Point",
        "coordinates": [
          100.335719,
          5.4152353
        ]
      },
      "id": "node/6604170088"
    },
    {
      "type": "Feature",
      "properties": {
        "@id": "node/6605282989",
        "amenity": "restaurant"
      },
      "geometry": {
        "type": "Point",
        "coordinates": [
          100.2142723,
          5.379298
        ]
      },
      "id": "node/6605282989"
    },
    {
      "type": "Feature",
      "properties": {
        "@id": "node/6605283294",
        "amenity": "restaurant"
      },
      "geometry": {
        "type": "Point",
        "coordinates": [
          100.2175818,
          5.3648505
        ]
      },
      "id": "node/6605283294"
    },
    {
      "type": "Feature",
      "properties": {
        "@id": "node/6605283304",
        "amenity": "restaurant",
        "name": "tapestree"
      },
      "geometry": {
        "type": "Point",
        "coordinates": [
          100.2151521,
          5.4474233
        ]
      },
      "id": "node/6605283304"
    },
    {
      "type": "Feature",
      "properties": {
        "@id": "node/6605283310",
        "amenity": "restaurant",
        "name": "Benito"
      },
      "geometry": {
        "type": "Point",
        "coordinates": [
          100.2513516,
          5.4757837
        ]
      },
      "id": "node/6605283310"
    },
    {
      "type": "Feature",
      "properties": {
        "@id": "node/6605283311",
        "amenity": "restaurant",
        "name": "Frandy BBQ"
      },
      "geometry": {
        "type": "Point",
        "coordinates": [
          100.2514682,
          5.4758397
        ]
      },
      "id": "node/6605283311"
    },
    {
      "type": "Feature",
      "properties": {
        "@id": "node/6605283385",
        "amenity": "restaurant",
        "name": "Green Cafe"
      },
      "geometry": {
        "type": "Point",
        "coordinates": [
          100.235864,
          5.351985
        ]
      },
      "id": "node/6605283385"
    },
    {
      "type": "Feature",
      "properties": {
        "@id": "node/6605283391",
        "amenity": "restaurant"
      },
      "geometry": {
        "type": "Point",
        "coordinates": [
          100.2179421,
          5.4319625
        ]
      },
      "id": "node/6605283391"
    },
    {
      "type": "Feature",
      "properties": {
        "@id": "node/6605283486",
        "amenity": "restaurant"
      },
      "geometry": {
        "type": "Point",
        "coordinates": [
          100.2359371,
          5.3520969
        ]
      },
      "id": "node/6605283486"
    },
    {
      "type": "Feature",
      "properties": {
        "@id": "node/6605283491",
        "amenity": "restaurant"
      },
      "geometry": {
        "type": "Point",
        "coordinates": [
          100.218715,
          5.363549
        ]
      },
      "id": "node/6605283491"
    },
    {
      "type": "Feature",
      "properties": {
        "@id": "node/6605283689",
        "amenity": "restaurant"
      },
      "geometry": {
        "type": "Point",
        "coordinates": [
          100.3337507,
          5.4192944
        ]
      },
      "id": "node/6605283689"
    },
    {
      "type": "Feature",
      "properties": {
        "@id": "node/6605363287",
        "amenity": "restaurant"
      },
      "geometry": {
        "type": "Point",
        "coordinates": [
          100.291199,
          5.4661776
        ]
      },
      "id": "node/6605363287"
    },
    {
      "type": "Feature",
      "properties": {
        "@id": "node/6605363393",
        "amenity": "restaurant",
        "name": "Lebanon"
      },
      "geometry": {
        "type": "Point",
        "coordinates": [
          100.288805,
          5.465852
        ]
      },
      "id": "node/6605363393"
    },
    {
      "type": "Feature",
      "properties": {
        "@id": "node/6605363394",
        "amenity": "restaurant"
      },
      "geometry": {
        "type": "Point",
        "coordinates": [
          100.2913385,
          5.4653829
        ]
      },
      "id": "node/6605363394"
    },
    {
      "type": "Feature",
      "properties": {
        "@id": "node/6605363487",
        "amenity": "restaurant",
        "name": "Food market"
      },
      "geometry": {
        "type": "Point",
        "coordinates": [
          100.2819124,
          5.4650597
        ]
      },
      "id": "node/6605363487"
    },
    {
      "type": "Feature",
      "properties": {
        "@id": "node/6605363488",
        "amenity": "restaurant"
      },
      "geometry": {
        "type": "Point",
        "coordinates": [
          100.2835677,
          5.4651257
        ]
      },
      "id": "node/6605363488"
    },
    {
      "type": "Feature",
      "properties": {
        "@id": "node/6605363491",
        "amenity": "restaurant"
      },
      "geometry": {
        "type": "Point",
        "coordinates": [
          100.2915866,
          5.4653029
        ]
      },
      "id": "node/6605363491"
    },
    {
      "type": "Feature",
      "properties": {
        "@id": "node/6605363494",
        "amenity": "restaurant"
      },
      "geometry": {
        "type": "Point",
        "coordinates": [
          100.3021781,
          5.4628679
        ]
      },
      "id": "node/6605363494"
    },
    {
      "type": "Feature",
      "properties": {
        "@id": "node/6605387985",
        "amenity": "restaurant"
      },
      "geometry": {
        "type": "Point",
        "coordinates": [
          100.307776,
          5.4560535
        ]
      },
      "id": "node/6605387985"
    },
    {
      "type": "Feature",
      "properties": {
        "@id": "node/6605390987",
        "amenity": "restaurant"
      },
      "geometry": {
        "type": "Point",
        "coordinates": [
          100.3056271,
          5.4479271
        ]
      },
      "id": "node/6605390987"
    },
    {
      "type": "Feature",
      "properties": {
        "@id": "node/6605391187",
        "amenity": "restaurant",
        "name": "Sawara"
      },
      "geometry": {
        "type": "Point",
        "coordinates": [
          100.3112108,
          5.4317159
        ]
      },
      "id": "node/6605391187"
    },
    {
      "type": "Feature",
      "properties": {
        "@id": "node/6605391188",
        "amenity": "restaurant",
        "cuisine": "chinese",
        "name": "CRC Chinese Restaurant"
      },
      "geometry": {
        "type": "Point",
        "coordinates": [
          100.3173261,
          5.4253699
        ]
      },
      "id": "node/6605391188"
    },
    {
      "type": "Feature",
      "properties": {
        "@id": "node/6605391192",
        "amenity": "restaurant",
        "name": "Sup Hameed"
      },
      "geometry": {
        "type": "Point",
        "coordinates": [
          100.3280777,
          5.4142245
        ]
      },
      "id": "node/6605391192"
    },
    {
      "type": "Feature",
      "properties": {
        "@id": "node/6605395186",
        "addr:housenumber": "354",
        "addr:street": "Lebuh Chulia",
        "amenity": "restaurant",
        "name": "Cheong Somm",
        "name:en": "Cheong Somm",
        "name:ms": "Cheong Somm"
      },
      "geometry": {
        "type": "Point",
        "coordinates": [
          100.3351353,
          5.4189452
        ]
      },
      "id": "node/6605395186"
    },
    {
      "type": "Feature",
      "properties": {
        "@id": "node/6608839186",
        "amenity": "restaurant",
        "name": "Nööödles",
        "name:en": "Nööödles"
      },
      "geometry": {
        "type": "Point",
        "coordinates": [
          100.2649509,
          5.2921312
        ]
      },
      "id": "node/6608839186"
    },
    {
      "type": "Feature",
      "properties": {
        "@id": "node/6608846686",
        "amenity": "restaurant",
        "cuisine": "local",
        "name": "Pinang Kopitiam",
        "wheelchair": "yes"
      },
      "geometry": {
        "type": "Point",
        "coordinates": [
          100.266201,
          5.2934591
        ]
      },
      "id": "node/6608846686"
    },
    {
      "type": "Feature",
      "properties": {
        "@id": "node/6608846786",
        "amenity": "restaurant"
      },
      "geometry": {
        "type": "Point",
        "coordinates": [
          100.2861979,
          5.315049
        ]
      },
      "id": "node/6608846786"
    },
    {
      "type": "Feature",
      "properties": {
        "@id": "node/6608846787",
        "amenity": "restaurant"
      },
      "geometry": {
        "type": "Point",
        "coordinates": [
          100.2860715,
          5.3147388
        ]
      },
      "id": "node/6608846787"
    },
    {
      "type": "Feature",
      "properties": {
        "@id": "node/6612684789",
        "amenity": "restaurant",
        "name": "Roti Canai",
        "name:ms": "Roti Canai"
      },
      "geometry": {
        "type": "Point",
        "coordinates": [
          100.2113169,
          5.4591371
        ]
      },
      "id": "node/6612684789"
    },
    {
      "type": "Feature",
      "properties": {
        "@id": "node/6612724794",
        "amenity": "restaurant",
        "cuisine": "seafood;asian;malaysian",
        "name": "Melati",
        "name:ms": "Melati",
        "opening_hours": "Mo-Su 09:00-16:00",
        "survey:date": "2023-02-23"
      },
      "geometry": {
        "type": "Point",
        "coordinates": [
          100.2105714,
          5.457495
        ]
      },
      "id": "node/6612724794"
    },
    {
      "type": "Feature",
      "properties": {
        "@id": "node/6629373931",
        "amenity": "restaurant",
        "name": "Restoran Sin Jia Bee",
        "name:ms": "Restoran Sin Jia Bee",
        "name:zh": "新正味饮食餐室"
      },
      "geometry": {
        "type": "Point",
        "coordinates": [
          100.3863202,
          5.4363564
        ]
      },
      "id": "node/6629373931"
    },
    {
      "type": "Feature",
      "properties": {
        "@id": "node/6634787269",
        "amenity": "restaurant",
        "name": "Nasi Kandar Hidayah"
      },
      "geometry": {
        "type": "Point",
        "coordinates": [
          100.4075125,
          5.4039443
        ]
      },
      "id": "node/6634787269"
    },
    {
      "type": "Feature",
      "properties": {
        "@id": "node/6642382185",
        "amenity": "restaurant",
        "cuisine": "tea;malaysian;local;coffee_shop;beef_bowl;chicken;indian;curry",
        "halal": "yes",
        "name": "Astana Nasi Kandar",
        "note": "Indian Muslim restaurant. served HALAL food. variety of food. best in chicken & fish curry"
      },
      "geometry": {
        "type": "Point",
        "coordinates": [
          100.4144619,
          5.3707048
        ]
      },
      "id": "node/6642382185"
    },
    {
      "type": "Feature",
      "properties": {
        "@id": "node/6649087653",
        "amenity": "restaurant",
        "name": "Kok Lean"
      },
      "geometry": {
        "type": "Point",
        "coordinates": [
          100.3725513,
          5.4059304
        ]
      },
      "id": "node/6649087653"
    },
    {
      "type": "Feature",
      "properties": {
        "@id": "node/6649099203",
        "amenity": "restaurant",
        "name": "Restoran Weng Sang"
      },
      "geometry": {
        "type": "Point",
        "coordinates": [
          100.37186,
          5.4060007
        ]
      },
      "id": "node/6649099203"
    },
    {
      "type": "Feature",
      "properties": {
        "@id": "node/6649111968",
        "amenity": "restaurant",
        "name": "Restoran Sweet Paradise"
      },
      "geometry": {
        "type": "Point",
        "coordinates": [
          100.3718731,
          5.406104
        ]
      },
      "id": "node/6649111968"
    },
    {
      "type": "Feature",
      "properties": {
        "@id": "node/6649116773",
        "amenity": "restaurant",
        "name": "Nasi Kandar Subaidah"
      },
      "geometry": {
        "type": "Point",
        "coordinates": [
          100.3751577,
          5.3999665
        ]
      },
      "id": "node/6649116773"
    },
    {
      "type": "Feature",
      "properties": {
        "@id": "node/6691061085",
        "amenity": "restaurant",
        "brand": "Pizza Hut",
        "brand:wikidata": "Q191615",
        "brand:wikipedia": "en:Pizza Hut",
        "cuisine": "pizza",
        "name": "Pizza Hut",
        "opening_hours": "Mo-Su 11:00-23:00"
      },
      "geometry": {
        "type": "Point",
        "coordinates": [
          100.316473,
          5.3960404
        ]
      },
      "id": "node/6691061085"
    },
    {
      "type": "Feature",
      "properties": {
        "@id": "node/6691061086",
        "amenity": "restaurant",
        "cuisine": "vietnamese;coffee_shop;sandwich",
        "name": "Banh Mi Ut",
        "opening_hours": "Mo, We-Fr 10:00-15:00, 17:30-22:00; Sa-Su 09:00-15:00, 15:30-22:00",
        "phone": "0125637513"
      },
      "geometry": {
        "type": "Point",
        "coordinates": [
          100.32337,
          5.4014641
        ]
      },
      "id": "node/6691061086"
    },
    {
      "type": "Feature",
      "properties": {
        "@id": "node/6699476315",
        "amenity": "restaurant",
        "name": "Nasi Kandar Simpang Ampat"
      },
      "geometry": {
        "type": "Point",
        "coordinates": [
          100.4749093,
          5.2807159
        ]
      },
      "id": "node/6699476315"
    },
    {
      "type": "Feature",
      "properties": {
        "@id": "node/6699476382",
        "amenity": "restaurant",
        "name": "Restoran Nasi Kandar Seri Impian"
      },
      "geometry": {
        "type": "Point",
        "coordinates": [
          100.465532,
          5.2758023
        ]
      },
      "id": "node/6699476382"
    },
    {
      "type": "Feature",
      "properties": {
        "@id": "node/6700326666",
        "addr:full": "Lot G12 & G13, Ground Floor, No. 1, Lebuh Tengku Kudin 2 11700 Gelugor, Penang",
        "amenity": "restaurant",
        "branch": "E-Gate",
        "brand": "Sushi King",
        "brand:wikidata": "Q121089223",
        "cuisine": "japanese",
        "level": "0",
        "name": "Sushi King",
        "opening_hours": "11:00-22:30",
        "website": "https://sushi-king.com/"
      },
      "geometry": {
        "type": "Point",
        "coordinates": [
          100.3156213,
          5.37632
        ]
      },
      "id": "node/6700326666"
    },
    {
      "type": "Feature",
      "properties": {
        "@id": "node/6700326667",
        "addr:full": "1-01-01 & 1-01-02, E-Gate, Lebuh Tunku Kudin 2, 11700 Gelugor, Pulau Pinang, Malaysia",
        "amenity": "restaurant",
        "brand": "PappaRich",
        "brand:wikidata": "Q95721282",
        "brand:wikipedia": "ms:PappaRich",
        "cuisine": "malaysian",
        "level": "0",
        "name": "PappaRich",
        "phone": "+604 655 4977",
        "website": "https://papparich.com.my/"
      },
      "geometry": {
        "type": "Point",
        "coordinates": [
          100.3153817,
          5.3756449
        ]
      },
      "id": "node/6700326667"
    },
    {
      "type": "Feature",
      "properties": {
        "@id": "node/6715557748",
        "addr:city": "Butterworth",
        "addr:housenumber": "7525",
        "addr:postcode": "13400",
        "addr:street": "Lorong Seri Tanjung 1",
        "amenity": "restaurant",
        "name": "Coco House",
        "name:en": "Coco House",
        "name:zh": "可可屋",
        "not:brand:wikidata": "Q65084369"
      },
      "geometry": {
        "type": "Point",
        "coordinates": [
          100.3906578,
          5.4297548
        ]
      },
      "id": "node/6715557748"
    },
    {
      "type": "Feature",
      "properties": {
        "@id": "node/6715557749",
        "amenity": "restaurant",
        "cuisine": "thai",
        "name": "Restoran Masakan Thai Sa Wa Dee",
        "name:ms": "Restoran Masakan Thai Sa Wa Dee",
        "name:zh": "Sa Wa Dee泰式煮炒"
      },
      "geometry": {
        "type": "Point",
        "coordinates": [
          100.390675,
          5.4298931
        ]
      },
      "id": "node/6715557749"
    },
    {
      "type": "Feature",
      "properties": {
        "@id": "node/6715557750",
        "amenity": "restaurant",
        "name": "美食咖哩饭",
        "name:en": "Mei Shi Economy Rice",
        "name:zh": "美食咖哩饭"
      },
      "geometry": {
        "type": "Point",
        "coordinates": [
          100.3906679,
          5.4301132
        ]
      },
      "id": "node/6715557750"
    },
    {
      "type": "Feature",
      "properties": {
        "@id": "node/6732565575",
        "amenity": "restaurant",
        "level": "0",
        "name": "Tah Jia Lye Kopitiam",
        "name:zh": "大家来茶室",
        "operator": "Tah Jia Lye"
      },
      "geometry": {
        "type": "Point",
        "coordinates": [
          100.2817347,
          5.2846112
        ]
      },
      "id": "node/6732565575"
    },
    {
      "type": "Feature",
      "properties": {
        "@id": "node/6752771585",
        "amenity": "restaurant",
        "cuisine": "pizza",
        "name": "Ottos",
        "name:en": "Ottos",
        "name:ms": "Ottos",
        "opening_hours": "Mo-Su 18:00-22:00"
      },
      "geometry": {
        "type": "Point",
        "coordinates": [
          100.3361412,
          5.4177873
        ]
      },
      "id": "node/6752771585"
    },
    {
      "type": "Feature",
      "properties": {
        "@id": "node/6768689101",
        "addr:housenumber": "433",
        "addr:postcode": "10200",
        "addr:street": "Lebuh Chulia",
        "amenity": "restaurant",
        "cuisine": "asian",
        "email": "Levi.cheang@hotmail.com",
        "internet_access": "wlan",
        "name": "Cheang Kee Restaurant",
        "name:en": "Cheang Kee Restaurant",
        "opening_hours": "Mo-Su 11:30-22:30",
        "operator": "Levi Cheang",
        "phone": "+60124188868"
      },
      "geometry": {
        "type": "Point",
        "coordinates": [
          100.3344575,
          5.4190753
        ]
      },
      "id": "node/6768689101"
    },
    {
      "type": "Feature",
      "properties": {
        "@id": "node/6771026385",
        "addr:city": "Jelutong",
        "addr:housenumber": "338",
        "addr:postcode": "11600",
        "addr:street": "Jalan Jelutong",
        "amenity": "restaurant",
        "diet:vegetarian": "yes",
        "name": "Puspamalar Food Corner"
      },
      "geometry": {
        "type": "Point",
        "coordinates": [
          100.3160747,
          5.3948955
        ]
      },
      "id": "node/6771026385"
    },
    {
      "type": "Feature",
      "properties": {
        "@id": "node/6776045885",
        "amenity": "restaurant",
        "name": "Diable Pasta",
        "name:en": "Diable Pasta"
      },
      "geometry": {
        "type": "Point",
        "coordinates": [
          100.3336301,
          5.4187968
        ]
      },
      "id": "node/6776045885"
    },
    {
      "type": "Feature",
      "properties": {
        "@id": "node/6777828704",
        "addr:postcode": "13200",
        "addr:street": "jln dagangan 4, bdr bertam perdana",
        "amenity": "restaurant",
        "cuisine": "burger;ice_cream;grill;malaysian;coffee_shop;steak_house;beef_bowl;noodles;fish_and_chips;chicken;thai;fish;hotdog;tea;seafood;american;barbecue",
        "diet:vegetarian": "yes",
        "name": "IWAN Char Koteow",
        "opening_hours": "Mo-Su 12:00-01:00"
      },
      "geometry": {
        "type": "Point",
        "coordinates": [
          100.4480734,
          5.5168395
        ]
      },
      "id": "node/6777828704"
    },
    {
      "type": "Feature",
      "properties": {
        "@id": "node/6782552886",
        "amenity": "restaurant",
        "name": "Fu Er Dai Dim Sum",
        "name:en": "Fu Er Dai Dim Sum",
        "name:zh": "富二代",
        "name:zh-Hans": "富二代",
        "name:zh-Hant": "富二代"
      },
      "geometry": {
        "type": "Point",
        "coordinates": [
          100.3327376,
          5.4232038
        ]
      },
      "id": "node/6782552886"
    },
    {
      "type": "Feature",
      "properties": {
        "@id": "node/6797191973",
        "amenity": "restaurant",
        "name": "Hai Nan Town",
        "name:en": "Hai Nan Town"
      },
      "geometry": {
        "type": "Point",
        "coordinates": [
          100.3435286,
          5.415252
        ]
      },
      "id": "node/6797191973"
    },
    {
      "type": "Feature",
      "properties": {
        "@id": "node/6801346038",
        "amenity": "restaurant",
        "level": "0",
        "name": "Nasi Kandar Salam",
        "name:ms": "Nasi Kandar Salam",
        "opening_hours": "24/7"
      },
      "geometry": {
        "type": "Point",
        "coordinates": [
          100.2886127,
          5.4049917
        ]
      },
      "id": "node/6801346038"
    },
    {
      "type": "Feature",
      "properties": {
        "@id": "node/6808236287",
        "amenity": "restaurant",
        "cuisine": "malaysian",
        "name": "Kim laksa"
      },
      "geometry": {
        "type": "Point",
        "coordinates": [
          100.2357905,
          5.3518509
        ]
      },
      "id": "node/6808236287"
    },
    {
      "type": "Feature",
      "properties": {
        "@id": "node/6841268605",
        "air_conditioning": "yes",
        "amenity": "restaurant",
        "cuisine": "chinese;seafood",
        "level": "0",
        "name": "天天鱼海鲜村",
        "name:en": "Daily Fish Village",
        "name:zh-Hans": "天天鱼海鲜村",
        "operator": "Daily Fish Village",
        "phone": "+6048279148"
      },
      "geometry": {
        "type": "Point",
        "coordinates": [
          100.2872482,
          5.3969196
        ]
      },
      "id": "node/6841268605"
    },
    {
      "type": "Feature",
      "properties": {
        "@id": "node/6870596085",
        "amenity": "restaurant",
        "cuisine": "chinese",
        "name": "Homey Kitchen",
        "name:en": "Homey Kitchen"
      },
      "geometry": {
        "type": "Point",
        "coordinates": [
          100.3334663,
          5.4195389
        ]
      },
      "id": "node/6870596085"
    },
    {
      "type": "Feature",
      "properties": {
        "@id": "node/6878762231",
        "addr:city": "Butterworth",
        "addr:housenumber": "4608-4609",
        "addr:postcode": "12100",
        "addr:street": "Jalan Chain Ferry",
        "air_conditioning": "yes",
        "amenity": "restaurant",
        "cuisine": "chinese",
        "facebook": "https://www.facebook.com/jschainferry/",
        "name": "Restoran J & S",
        "name:ms": "Restoran J & S",
        "name:zh-Hant": "聚香樓酒家",
        "phone": "+60164400044"
      },
      "geometry": {
        "type": "Point",
        "coordinates": [
          100.3831635,
          5.4021653
        ]
      },
      "id": "node/6878762231"
    },
    {
      "type": "Feature",
      "properties": {
        "@id": "node/6878762232",
        "addr:city": "Butterworth",
        "addr:postcode": "12100",
        "addr:street": "Jalan Chain Ferry",
        "air_conditioning": "yes",
        "amenity": "restaurant",
        "cuisine": "western",
        "name": "Restoran Salad Bowl",
        "name:en": "Salad Bowl Coffee House",
        "name:ms": "Restoran Salad Bowl",
        "name:zh-Hant": "莎麗寶咖啡座",
        "opening_hours": "11:00-23:00",
        "operator": "Salad Bowl Sdn. Bhd."
      },
      "geometry": {
        "type": "Point",
        "coordinates": [
          100.3840627,
          5.4020784
        ]
      },
      "id": "node/6878762232"
    },
    {
      "type": "Feature",
      "properties": {
        "@id": "node/6900103361",
        "amenity": "restaurant",
        "cuisine": "chinese",
        "level": "0",
        "name": "Tokyo Restaurant",
        "name:zh": "東京飯店"
      },
      "geometry": {
        "type": "Point",
        "coordinates": [
          100.3711895,
          5.4080796
        ]
      },
      "id": "node/6900103361"
    },
    {
      "type": "Feature",
      "properties": {
        "@id": "node/6912769712",
        "amenity": "restaurant",
        "level": "0",
        "name": "How 118 Bean Sprout Chicken Rice",
        "name:en": "How 118 Bean Sprout Chicken Rice",
        "name:zh-Hant": "How 118 芽菜雞"
      },
      "geometry": {
        "type": "Point",
        "coordinates": [
          100.2833019,
          5.3883172
        ]
      },
      "id": "node/6912769712"
    },
    {
      "type": "Feature",
      "properties": {
        "@id": "node/6918838885",
        "addr:housenumber": "A-3-1 Vantage",
        "addr:postcode": "10470",
        "addr:street": "Jalan Desiran Tanjung",
        "amenity": "restaurant",
        "name": "A-3-1 & A-3-2 VANTAGE DESIRAN,",
        "name:en": "Zheng Xian Ge Restaurant",
        "phone": "6048998103"
      },
      "geometry": {
        "type": "Point",
        "coordinates": [
          100.307354,
          5.4547724
        ]
      },
      "id": "node/6918838885"
    },
    {
      "type": "Feature",
      "properties": {
        "@id": "node/6918838886",
        "addr:housenumber": "1-13",
        "addr:postcode": "11100",
        "addr:street": "Jalan Sungai Emas",
        "amenity": "restaurant",
        "name": "Andrew Kampung Restaurant",
        "name:en": "Andrew Kampung Restaurant",
        "phone": "6048811688"
      },
      "geometry": {
        "type": "Point",
        "coordinates": [
          100.2523226,
          5.4761701
        ]
      },
      "id": "node/6918838886"
    },
    {
      "type": "Feature",
      "properties": {
        "@id": "node/6918875299",
        "addr:city": "Batu Ferringhi",
        "addr:housenumber": "43 C",
        "addr:postcode": "11100",
        "addr:street": "Jalan Batu Feringghi",
        "amenity": "restaurant",
        "name": "Living Room Cafe Bar and Gallery",
        "name:en": "Living Room Cafe Bar and Gallery",
        "phone": "60125899136"
      },
      "geometry": {
        "type": "Point",
        "coordinates": [
          100.2453689,
          5.4706663
        ]
      },
      "id": "node/6918875299"
    },
    {
      "type": "Feature",
      "properties": {
        "@id": "node/6918878985",
        "addr:housenumber": "58",
        "addr:postcode": "10050",
        "addr:street": "Jalan Chow Thye",
        "amenity": "restaurant",
        "name": "Ivy’s Nyonya Cuisine"
      },
      "geometry": {
        "type": "Point",
        "coordinates": [
          100.3206115,
          5.4247883
        ]
      },
      "id": "node/6918878985"
    },
    {
      "type": "Feature",
      "properties": {
        "@id": "node/6918895769",
        "addr:housenumber": "2-16",
        "addr:postcode": "10200",
        "addr:street": "Lorong Stewart",
        "amenity": "restaurant",
        "name": "Kebaya",
        "name:en": "Kebaya",
        "name:ms": "Kebaya"
      },
      "geometry": {
        "type": "Point",
        "coordinates": [
          100.3381416,
          5.4190226
        ]
      },
      "id": "node/6918895769"
    },
    {
      "type": "Feature",
      "properties": {
        "@id": "node/6920077785",
        "addr:housenumber": "96",
        "addr:postcode": "11400",
        "addr:street": "Lorong Macalister",
        "amenity": "restaurant",
        "name": "Sister Yao's Char Koay Kak",
        "name:en": "Sister Yao's Char Koay Kak",
        "opening_hours": "Fr-Tu 07:00-12:00",
        "phone": "+60164206438"
      },
      "geometry": {
        "type": "Point",
        "coordinates": [
          100.3290335,
          5.4169826
        ]
      },
      "id": "node/6920077785"
    },
    {
      "type": "Feature",
      "properties": {
        "@id": "node/6920222385",
        "amenity": "restaurant",
        "name": "Char Koay Teow Yi Garden",
        "name:en": "Char Koay Teow Yi Garden"
      },
      "geometry": {
        "type": "Point",
        "coordinates": [
          100.3240923,
          5.4164926
        ]
      },
      "id": "node/6920222385"
    },
    {
      "type": "Feature",
      "properties": {
        "@id": "node/6920426985",
        "amenity": "restaurant",
        "name": "Carnarvon Lok Lok",
        "name:en": "Carnarvon Lok Lok"
      },
      "geometry": {
        "type": "Point",
        "coordinates": [
          100.3363013,
          5.4181993
        ]
      },
      "id": "node/6920426985"
    },
    {
      "type": "Feature",
      "properties": {
        "@id": "node/6920448086",
        "amenity": "restaurant",
        "name": "Lok Lok Supreme Rest",
        "name:en": "Lok Lok Supreme Rest"
      },
      "geometry": {
        "type": "Point",
        "coordinates": [
          100.3322896,
          5.4213782
        ]
      },
      "id": "node/6920448086"
    },
    {
      "type": "Feature",
      "properties": {
        "@id": "node/6965510798",
        "amenity": "restaurant",
        "name": "Yin's WholeFood Manufactory"
      },
      "geometry": {
        "type": "Point",
        "coordinates": [
          100.2907908,
          5.4544433
        ]
      },
      "id": "node/6965510798"
    },
    {
      "type": "Feature",
      "properties": {
        "@id": "node/7007988485",
        "addr:housenumber": "1708",
        "addr:postcode": "14100",
        "addr:street": "Jalan Perniagaan Star Avenue",
        "amenity": "restaurant",
        "name": "Restoran Zhen Bee Hiang",
        "name:zh": "真味香海鲜饭店",
        "phone": "+6045062552"
      },
      "geometry": {
        "type": "Point",
        "coordinates": [
          100.4749521,
          5.2653983
        ]
      },
      "id": "node/7007988485"
    },
    {
      "type": "Feature",
      "properties": {
        "@id": "node/7010757915",
        "addr:city": "Bukit Mertajam",
        "addr:housenumber": "1431",
        "addr:province": "Seberang Perai Tengah",
        "addr:state": "Pulau Pinang",
        "addr:street": "Jalan Kulim",
        "amenity": "restaurant",
        "name": "Restoran Zui Xiang Lou",
        "name:ms": "Restoran Zui Xiang Lou",
        "name:zh": "醉香樓大酒樓",
        "phone": "+60 4-538 8732",
        "reservation": "yes",
        "smoking": "no"
      },
      "geometry": {
        "type": "Point",
        "coordinates": [
          100.4776388,
          5.3502223
        ]
      },
      "id": "node/7010757915"
    },
    {
      "type": "Feature",
      "properties": {
        "@id": "node/7026877831",
        "addr:housenumber": "Lot 698, Block D (1) MK 11",
        "addr:street": "Jalan Perniagaan Gemilang 2",
        "amenity": "restaurant",
        "cuisine": "western;chinese",
        "name": "Jamboree Garden"
      },
      "geometry": {
        "type": "Point",
        "coordinates": [
          100.4434463,
          5.3512452
        ]
      },
      "id": "node/7026877831"
    },
    {
      "type": "Feature",
      "properties": {
        "@id": "node/7026899689",
        "amenity": "restaurant",
        "name": "Tempayan Besar"
      },
      "geometry": {
        "type": "Point",
        "coordinates": [
          100.4170784,
          5.4023725
        ]
      },
      "id": "node/7026899689"
    },
    {
      "type": "Feature",
      "properties": {
        "@id": "node/7026899759",
        "amenity": "restaurant",
        "name": "Baba Curry House"
      },
      "geometry": {
        "type": "Point",
        "coordinates": [
          100.4664609,
          5.3610814
        ]
      },
      "id": "node/7026899759"
    },
    {
      "type": "Feature",
      "properties": {
        "@id": "node/7026899769",
        "amenity": "restaurant",
        "name": "Great City Seafood",
        "name:zh": "大都市海鲜"
      },
      "geometry": {
        "type": "Point",
        "coordinates": [
          100.471294,
          5.3535199
        ]
      },
      "id": "node/7026899769"
    },
    {
      "type": "Feature",
      "properties": {
        "@id": "node/7026899770",
        "amenity": "restaurant",
        "name": "Kedai Makanan & Minuman Sentosa Corner",
        "name:ms": "Kedai Makanan & Minuman Sentosa Corner",
        "name:zh": "圣淘沙茶餐室",
        "name:zh-Hans": "圣淘沙茶餐室",
        "name:zh-Hant": "聖淘沙茶餐室"
      },
      "geometry": {
        "type": "Point",
        "coordinates": [
          100.4722635,
          5.3537464
        ]
      },
      "id": "node/7026899770"
    },
    {
      "type": "Feature",
      "properties": {
        "@id": "node/7029384766",
        "amenity": "restaurant",
        "cuisine": "chinese",
        "name": "鸿 Gemilang 6618 Cafe"
      },
      "geometry": {
        "type": "Point",
        "coordinates": [
          100.4414683,
          5.3579489
        ]
      },
      "id": "node/7029384766"
    },
    {
      "type": "Feature",
      "properties": {
        "@id": "node/7029384767",
        "amenity": "restaurant",
        "cuisine": "chinese",
        "name": "Golden Star Restaurant",
        "name:zh": "金星饮食中心"
      },
      "geometry": {
        "type": "Point",
        "coordinates": [
          100.4421254,
          5.3578795
        ]
      },
      "id": "node/7029384767"
    },
    {
      "type": "Feature",
      "properties": {
        "@id": "node/7036334885",
        "amenity": "restaurant",
        "name": "Restoran Hareef Seafood",
        "name:ms": "Restoran Hareef Seafood"
      },
      "geometry": {
        "type": "Point",
        "coordinates": [
          100.4470759,
          5.3647777
        ]
      },
      "id": "node/7036334885"
    },
    {
      "type": "Feature",
      "properties": {
        "@id": "node/7052683791",
        "addr:city": "Simpang Ampat",
        "addr:housenumber": "71",
        "addr:postcode": "14100",
        "addr:street": "Jalan Kendi",
        "amenity": "restaurant",
        "cuisine": "chinese",
        "name": "Restoran Hao Hao",
        "name:zh": "好好美食馆"
      },
      "geometry": {
        "type": "Point",
        "coordinates": [
          100.4712296,
          5.2678742
        ]
      },
      "id": "node/7052683791"
    },
    {
      "type": "Feature",
      "properties": {
        "@id": "node/7052683792",
        "addr:city": "Simpang Ampat",
        "addr:housenumber": "41;43",
        "addr:postcode": "14100",
        "addr:street": "Jalan Kendi",
        "amenity": "restaurant",
        "cuisine": "chinese",
        "name": "Restoran Chai Kee 财钜美食坊",
        "name:zh": "财钜美食坊",
        "source": "https://openstreetcam.org/details/2318750/3731"
      },
      "geometry": {
        "type": "Point",
        "coordinates": [
          100.4708443,
          5.26885
        ]
      },
      "id": "node/7052683792"
    },
    {
      "type": "Feature",
      "properties": {
        "@id": "node/7052683804",
        "addr:city": "Simpang Ampat",
        "addr:housenumber": "42",
        "addr:postcode": "14100",
        "addr:street": "Jalan Besar",
        "amenity": "restaurant",
        "cuisine": "chinese",
        "name": "Kee Fat Fat",
        "name:zh": "威南饮食中心"
      },
      "geometry": {
        "type": "Point",
        "coordinates": [
          100.4765311,
          5.2684736
        ]
      },
      "id": "node/7052683804"
    },
    {
      "type": "Feature",
      "properties": {
        "@id": "node/7052764183",
        "amenity": "restaurant",
        "cuisine": "chinese",
        "name": "Kheng Hai Kopitiam 琼海茶室",
        "name:zh": "琼海茶室"
      },
      "geometry": {
        "type": "Point",
        "coordinates": [
          100.5059323,
          5.2845185
        ]
      },
      "id": "node/7052764183"
    },
    {
      "type": "Feature",
      "properties": {
        "@id": "node/7054366073",
        "amenity": "restaurant",
        "cuisine": "seafood",
        "name": "顺记中泰海鲜",
        "name:zh": "顺记中泰海鲜",
        "name:zh-Hans": "顺记中泰海鲜",
        "name:zh-Hant": "順記中泰海鮮"
      },
      "geometry": {
        "type": "Point",
        "coordinates": [
          100.4910296,
          5.2328986
        ]
      },
      "id": "node/7054366073"
    },
    {
      "type": "Feature",
      "properties": {
        "@id": "node/7054441589",
        "amenity": "restaurant",
        "name": "Gerai Simpang 9"
      },
      "geometry": {
        "type": "Point",
        "coordinates": [
          100.4706858,
          5.1478443
        ]
      },
      "id": "node/7054441589"
    },
    {
      "type": "Feature",
      "properties": {
        "@id": "node/7055269147",
        "amenity": "restaurant",
        "cuisine": "seafood",
        "name": "Restoran Sea Village 海村中泰海鲜",
        "name:zh": "海村中泰海鲜"
      },
      "geometry": {
        "type": "Point",
        "coordinates": [
          100.4267587,
          5.1634935
        ]
      },
      "id": "node/7055269147"
    },
    {
      "type": "Feature",
      "properties": {
        "@id": "node/7069926908",
        "amenity": "restaurant",
        "name": "Kopitan Classic"
      },
      "geometry": {
        "type": "Point",
        "coordinates": [
          100.4330137,
          5.363762
        ]
      },
      "id": "node/7069926908"
    },
    {
      "type": "Feature",
      "properties": {
        "@id": "node/7069926929",
        "amenity": "restaurant",
        "cuisine": "chinese",
        "name": "Chang Kee Seafood Restoran",
        "name:zh": "长基海鲜茶餐室"
      },
      "geometry": {
        "type": "Point",
        "coordinates": [
          100.4264924,
          5.3581746
        ]
      },
      "id": "node/7069926929"
    },
    {
      "type": "Feature",
      "properties": {
        "@id": "node/7072451645",
        "amenity": "restaurant",
        "name": "Restoran Nelayan Terapung"
      },
      "geometry": {
        "type": "Point",
        "coordinates": [
          100.3750232,
          5.3912171
        ]
      },
      "id": "node/7072451645"
    },
    {
      "type": "Feature",
      "properties": {
        "@id": "node/7074377419",
        "addr:street": "Jalan Todak 2",
        "amenity": "restaurant",
        "cuisine": "malaysian;nasi_kandar",
        "name": "Nasi Kandar Makbul",
        "source": "https://openstreetcam.org/details/2097042/1"
      },
      "geometry": {
        "type": "Point",
        "coordinates": [
          100.3987945,
          5.3963746
        ]
      },
      "id": "node/7074377419"
    },
    {
      "type": "Feature",
      "properties": {
        "@id": "node/7074377426",
        "amenity": "restaurant",
        "name": "加雅飲食中心"
      },
      "geometry": {
        "type": "Point",
        "coordinates": [
          100.3988635,
          5.4024374
        ]
      },
      "id": "node/7074377426"
    },
    {
      "type": "Feature",
      "properties": {
        "@id": "node/7075321653",
        "amenity": "restaurant",
        "name": "Guo Hao Liao",
        "name:en": "Guo Hao Liao",
        "name:ms": "Guo Hao Liao",
        "name:zh": "锅好料",
        "name:zh-Hans": "锅好料",
        "name:zh-Hant": "鍋好料"
      },
      "geometry": {
        "type": "Point",
        "coordinates": [
          100.3336047,
          5.4205584
        ]
      },
      "id": "node/7075321653"
    },
    {
      "type": "Feature",
      "properties": {
        "@id": "node/7075321657",
        "addr:city": "George Town",
        "addr:housenumber": "161",
        "addr:postcode": "10300",
        "addr:street": "Lebuh Noordin",
        "amenity": "restaurant",
        "cuisine": "japanese",
        "name": "Izakaya by Sango",
        "opening_hours": "Mo-Su,PH 15:00-01:00"
      },
      "geometry": {
        "type": "Point",
        "coordinates": [
          100.3291289,
          5.4127961
        ]
      },
      "id": "node/7075321657"
    },
    {
      "type": "Feature",
      "properties": {
        "@id": "node/7083867717",
        "amenity": "restaurant",
        "name": "Bagan Seafood"
      },
      "geometry": {
        "type": "Point",
        "coordinates": [
          100.3699072,
          5.4101546
        ]
      },
      "id": "node/7083867717"
    },
    {
      "type": "Feature",
      "properties": {
        "@id": "node/7083871684",
        "amenity": "restaurant",
        "name": "Kedai Makanan dan Minuman Ho Ho"
      },
      "geometry": {
        "type": "Point",
        "coordinates": [
          100.3702682,
          5.4096599
        ]
      },
      "id": "node/7083871684"
    },
    {
      "type": "Feature",
      "properties": {
        "@id": "node/7083881534",
        "amenity": "restaurant",
        "name": "Thong Sum Restaurant"
      },
      "geometry": {
        "type": "Point",
        "coordinates": [
          100.3819581,
          5.4222667
        ]
      },
      "id": "node/7083881534"
    },
    {
      "type": "Feature",
      "properties": {
        "@id": "node/7083883658",
        "amenity": "restaurant",
        "name": "Lavender Cafe"
      },
      "geometry": {
        "type": "Point",
        "coordinates": [
          100.3753017,
          5.4050225
        ]
      },
      "id": "node/7083883658"
    },
    {
      "type": "Feature",
      "properties": {
        "@id": "node/7083888246",
        "addr:city": "Butterworth",
        "addr:housenumber": "15",
        "addr:postcode": "12000",
        "addr:street": "Lorong Bagan Luar 3",
        "amenity": "restaurant",
        "diet:beef": "yes",
        "diet:noodle": "yes",
        "name": "Meng Chai Kopitiam",
        "name:zh-Hant": "傳敏咖啡店（亞河咖啡店）"
      },
      "geometry": {
        "type": "Point",
        "coordinates": [
          100.3701252,
          5.410457
        ]
      },
      "id": "node/7083888246"
    },
    {
      "type": "Feature",
      "properties": {
        "@id": "node/7083892375",
        "amenity": "restaurant",
        "name": "Restoran Khee Hiang"
      },
      "geometry": {
        "type": "Point",
        "coordinates": [
          100.4661046,
          5.1756513
        ]
      },
      "id": "node/7083892375"
    },
    {
      "type": "Feature",
      "properties": {
        "@id": "node/7099337570",
        "amenity": "restaurant",
        "brand": "Pizza Hut",
        "brand:wikidata": "Q191615",
        "brand:wikipedia": "en:Pizza Hut",
        "cuisine": "pizza",
        "name": "Pizza Hut",
        "name:zh": "必胜客"
      },
      "geometry": {
        "type": "Point",
        "coordinates": [
          100.4814196,
          5.178143
        ]
      },
      "id": "node/7099337570"
    },
    {
      "type": "Feature",
      "properties": {
        "@id": "node/7099576516",
        "amenity": "restaurant",
        "cuisine": "chinese",
        "name": "Restoran Fire Fly",
        "name:zh": "萤火虫茶餐室"
      },
      "geometry": {
        "type": "Point",
        "coordinates": [
          100.4889936,
          5.175162
        ]
      },
      "id": "node/7099576516"
    },
    {
      "type": "Feature",
      "properties": {
        "@id": "node/7099730804",
        "addr:city": "Simpang Ampat",
        "addr:housenumber": "69",
        "addr:postcode": "14100",
        "addr:street": "Jalan Kendi",
        "amenity": "restaurant",
        "cuisine": "chinese",
        "name": "Beh Kopitiam",
        "name:zh": "槟城小食"
      },
      "geometry": {
        "type": "Point",
        "coordinates": [
          100.4711496,
          5.268078
        ]
      },
      "id": "node/7099730804"
    },
    {
      "type": "Feature",
      "properties": {
        "@id": "node/7099737715",
        "addr:housenumber": "1",
        "addr:street": "Lorong Bagan Tambun",
        "amenity": "restaurant",
        "contact:phone": "+60 19-976 1939",
        "cuisine": "asian;chicken;malaysian;noodle;soup",
        "name": "Tongkok",
        "opening_hours": "8:00-17:00",
        "outdoor_seating": "yes"
      },
      "geometry": {
        "type": "Point",
        "coordinates": [
          100.4677413,
          5.2774597
        ]
      },
      "id": "node/7099737715"
    },
    {
      "type": "Feature",
      "properties": {
        "@id": "node/7099737718",
        "amenity": "restaurant",
        "brand": "Pizza Hut",
        "brand:wikidata": "Q191615",
        "brand:wikipedia": "en:Pizza Hut",
        "cuisine": "pizza",
        "name": "Pizza Hut",
        "name:zh": "必胜客"
      },
      "geometry": {
        "type": "Point",
        "coordinates": [
          100.4771608,
          5.2805681
        ]
      },
      "id": "node/7099737718"
    },
    {
      "type": "Feature",
      "properties": {
        "@id": "node/7100384099",
        "amenity": "restaurant",
        "name": "Nasi Kandar Ameen Maju"
      },
      "geometry": {
        "type": "Point",
        "coordinates": [
          100.479905,
          5.3110443
        ]
      },
      "id": "node/7100384099"
    },
    {
      "type": "Feature",
      "properties": {
        "@id": "node/7100384103",
        "amenity": "restaurant",
        "cuisine": "chinese",
        "name": "Kedai Makanan 86",
        "name:en": "Restaurant Eight Six",
        "name:ms": "Kedai Makanan 86",
        "name:zh": "86饮食中心",
        "name:zh-Hans": "86饮食中心",
        "name:zh-Hant": "86飲食中心"
      },
      "geometry": {
        "type": "Point",
        "coordinates": [
          100.471813,
          5.3532603
        ]
      },
      "id": "node/7100384103"
    },
    {
      "type": "Feature",
      "properties": {
        "@id": "node/7104493453",
        "amenity": "restaurant",
        "name": "Restoran Nasi Kandar Popular"
      },
      "geometry": {
        "type": "Point",
        "coordinates": [
          100.444052,
          5.3649939
        ]
      },
      "id": "node/7104493453"
    },
    {
      "type": "Feature",
      "properties": {
        "@id": "node/7104504206",
        "amenity": "restaurant",
        "brand": "Pizza Hut",
        "brand:wikidata": "Q191615",
        "brand:wikipedia": "en:Pizza Hut",
        "cuisine": "pizza",
        "name": "Pizza Hut",
        "name:zh": "必胜客"
      },
      "geometry": {
        "type": "Point",
        "coordinates": [
          100.4405708,
          5.3507486
        ]
      },
      "id": "node/7104504206"
    },
    {
      "type": "Feature",
      "properties": {
        "@id": "node/7104504207",
        "amenity": "restaurant",
        "cuisine": "chinese;chicken",
        "name": "诚蠔油滑鸡"
      },
      "geometry": {
        "type": "Point",
        "coordinates": [
          100.4395849,
          5.3510465
        ]
      },
      "id": "node/7104504207"
    },
    {
      "type": "Feature",
      "properties": {
        "@id": "node/7104646926",
        "amenity": "restaurant",
        "diet:vegetarian": "yes",
        "name": "Adventist Cafeteria"
      },
      "geometry": {
        "type": "Point",
        "coordinates": [
          100.3053961,
          5.4319763
        ]
      },
      "id": "node/7104646926"
    },
    {
      "type": "Feature",
      "properties": {
        "@id": "node/7109622589",
        "amenity": "restaurant",
        "cuisine": "indian",
        "name": "Kapitan",
        "opening_hours": "24/7"
      },
      "geometry": {
        "type": "Point",
        "coordinates": [
          100.2824244,
          5.3242706
        ]
      },
      "id": "node/7109622589"
    },
    {
      "type": "Feature",
      "properties": {
        "@id": "node/7112283777",
        "amenity": "restaurant",
        "cuisine": "chinese",
        "name": "Kopitiam Good Corner",
        "name:zh": "旺角咖啡店",
        "name:zh-Hans": "旺角咖啡店"
      },
      "geometry": {
        "type": "Point",
        "coordinates": [
          100.3015918,
          5.3954531
        ]
      },
      "id": "node/7112283777"
    },
    {
      "type": "Feature",
      "properties": {
        "@id": "node/7114402534",
        "amenity": "restaurant",
        "cuisine": "chinese;steamboat",
        "name": "重庆老火锅",
        "name:en": "Chongqing Lao Huo Guo"
      },
      "geometry": {
        "type": "Point",
        "coordinates": [
          100.3158004,
          5.4306417
        ]
      },
      "id": "node/7114402534"
    },
    {
      "type": "Feature",
      "properties": {
        "@id": "node/7122287107",
        "amenity": "restaurant",
        "name": "Restoran Nasi Kandar Rafei Ali"
      },
      "geometry": {
        "type": "Point",
        "coordinates": [
          100.3038035,
          5.4522826
        ]
      },
      "id": "node/7122287107"
    },
    {
      "type": "Feature",
      "properties": {
        "@id": "node/7122287147",
        "addr:city": "Central George Town",
        "addr:housenumber": "8",
        "addr:postcode": "11600",
        "addr:street": "Jalan Perusahaan Jelutong 2",
        "air_conditioning": "yes",
        "amenity": "restaurant",
        "bar": "yes",
        "check_date": "2026-02-18",
        "check_date:opening_hours": "2026-02-18",
        "contact:facebook": "EliteHouseRestaurant",
        "cuisine": "chinese",
        "diet:vegetarian": "yes",
        "name": "Restoran Elite House",
        "name:en": "Elite House Restaurant",
        "name:ms": "Restoran Elite House",
        "name:zh": "贵宾楼",
        "name:zh-Hans": "贵宾楼",
        "name:zh-Hant": "貴賓樓",
        "note": "9unit x x=shoplot",
        "opening_hours": "Mo-Su 11:45-14:30, 17:30-22:30",
        "outdoor_seating": "no",
        "payment:credit_cards": "yes",
        "payment:debit_cards": "yes",
        "payment:nfc_mobile_payments": "yes",
        "phone": "+604-288 8888",
        "reservation": "recommended",
        "self_service": "no",
        "takeaway": "yes",
        "toilets": "yes",
        "toilets:wheelchair": "yes",
        "wheelchair": "yes"
      },
      "geometry": {
        "type": "Point",
        "coordinates": [
          100.323566,
          5.3949488
        ]
      },
      "id": "node/7122287147"
    },
    {
      "type": "Feature",
      "properties": {
        "@id": "node/7122476127",
        "amenity": "restaurant",
        "cuisine": "chinese",
        "name": "Restoran Tai Thong 大东饮食中心",
        "name:zh": "大东饮食中心"
      },
      "geometry": {
        "type": "Point",
        "coordinates": [
          100.4414108,
          5.3165182
        ]
      },
      "id": "node/7122476127"
    },
    {
      "type": "Feature",
      "properties": {
        "@id": "node/7148776620",
        "amenity": "restaurant",
        "name": "BKE Corner",
        "name:en": "BKE Corner",
        "opening_hours": "We-Mo 17:00-23:30, Tu off"
      },
      "geometry": {
        "type": "Point",
        "coordinates": [
          100.4622002,
          5.400844
        ]
      },
      "id": "node/7148776620"
    },
    {
      "type": "Feature",
      "properties": {
        "@id": "node/7153382067",
        "addr:city": "Butterworth",
        "addr:housenumber": "22A",
        "addr:postcode": "13400",
        "addr:street": "Lorong Teras Jaya 9",
        "air_conditioning": "yes",
        "amenity": "restaurant",
        "level": "0",
        "name": "Penne & Spaghetti",
        "name:en": "Penne & Spaghetti",
        "opening_hours": "Tu-Su 11:00-22:00",
        "operator": "Penne & Spaghetti Restaurant",
        "phone": "+60175669729"
      },
      "geometry": {
        "type": "Point",
        "coordinates": [
          100.3895107,
          5.4338459
        ]
      },
      "id": "node/7153382067"
    },
    {
      "type": "Feature",
      "properties": {
        "@id": "node/7153382072",
        "amenity": "restaurant",
        "level": "0",
        "name": "Ocean Ez Western Food",
        "name:en": "Ocean Ez Western Food"
      },
      "geometry": {
        "type": "Point",
        "coordinates": [
          100.3895038,
          5.4343325
        ]
      },
      "id": "node/7153382072"
    },
    {
      "type": "Feature",
      "properties": {
        "@id": "node/7161486938",
        "amenity": "restaurant",
        "brand": "Pizza Hut",
        "brand:wikidata": "Q191615",
        "brand:wikipedia": "en:Pizza Hut",
        "cuisine": "pizza",
        "name": "Pizza Hut"
      },
      "geometry": {
        "type": "Point",
        "coordinates": [
          100.4301892,
          5.4453572
        ]
      },
      "id": "node/7161486938"
    },
    {
      "type": "Feature",
      "properties": {
        "@id": "node/7174772435",
        "amenity": "restaurant",
        "name": "Mamak",
        "name:ms": "Mamak"
      },
      "geometry": {
        "type": "Point",
        "coordinates": [
          100.4780535,
          5.1676559
        ]
      },
      "id": "node/7174772435"
    },
    {
      "type": "Feature",
      "properties": {
        "@id": "node/7174772440",
        "amenity": "restaurant",
        "cuisine": "chinese"
      },
      "geometry": {
        "type": "Point",
        "coordinates": [
          100.4781221,
          5.1666981
        ]
      },
      "id": "node/7174772440"
    },
    {
      "type": "Feature",
      "properties": {
        "@id": "node/7174906725",
        "amenity": "restaurant",
        "name": "大山脚鸭蛋炒粿条"
      },
      "geometry": {
        "type": "Point",
        "coordinates": [
          100.4416562,
          5.351578
        ]
      },
      "id": "node/7174906725"
    },
    {
      "type": "Feature",
      "properties": {
        "@id": "node/7174906746",
        "amenity": "restaurant",
        "brand": "Pizza Hut",
        "brand:wikidata": "Q191615",
        "brand:wikipedia": "en:Pizza Hut",
        "cuisine": "pizza",
        "name": "Pizza Hut"
      },
      "geometry": {
        "type": "Point",
        "coordinates": [
          100.3981435,
          5.3987628
        ]
      },
      "id": "node/7174906746"
    },
    {
      "type": "Feature",
      "properties": {
        "@id": "node/7176805777",
        "amenity": "restaurant",
        "brand": "Pizza Hut",
        "brand:wikidata": "Q191615",
        "brand:wikipedia": "en:Pizza Hut",
        "cuisine": "pizza",
        "name": "Pizza Hut"
      },
      "geometry": {
        "type": "Point",
        "coordinates": [
          100.432066,
          5.5171469
        ]
      },
      "id": "node/7176805777"
    },
    {
      "type": "Feature",
      "properties": {
        "@id": "node/7176817693",
        "amenity": "restaurant",
        "brand": "Pizza Hut",
        "brand:wikidata": "Q191615",
        "brand:wikipedia": "en:Pizza Hut",
        "cuisine": "pizza",
        "name": "Pizza Hut"
      },
      "geometry": {
        "type": "Point",
        "coordinates": [
          100.4443692,
          5.5170233
        ]
      },
      "id": "node/7176817693"
    },
    {
      "type": "Feature",
      "properties": {
        "@id": "node/7180807749",
        "amenity": "restaurant",
        "cuisine": "chinese",
        "name": "Restoran Saa Liap Ka 三粒较中泰海鲜村",
        "name:zh": "三粒较中泰海鲜村",
        "source": "Mapillary"
      },
      "geometry": {
        "type": "Point",
        "coordinates": [
          100.5135606,
          5.2107302
        ]
      },
      "id": "node/7180807749"
    },
    {
      "type": "Feature",
      "properties": {
        "@id": "node/7210267987",
        "addr:city": "George Town",
        "addr:street": "Jalan Argyll",
        "amenity": "restaurant",
        "name": "Chee Meng Cafe",
        "name:en": "Chee Meng Cafe",
        "name:zh": "明园茶室",
        "name:zh-Hans": "明园茶室",
        "name:zh-Hant": "明園茶室"
      },
      "geometry": {
        "type": "Point",
        "coordinates": [
          100.3312035,
          5.4213446
        ]
      },
      "id": "node/7210267987"
    },
    {
      "type": "Feature",
      "properties": {
        "@id": "node/7213664488",
        "amenity": "restaurant",
        "name": "Kafe Sri Sentosa"
      },
      "geometry": {
        "type": "Point",
        "coordinates": [
          100.4713148,
          5.3529272
        ]
      },
      "id": "node/7213664488"
    },
    {
      "type": "Feature",
      "properties": {
        "@id": "node/7213702485",
        "amenity": "restaurant",
        "name": "Laksa Kelang Lama",
        "name:ms": "Laksa Kelang Lama"
      },
      "geometry": {
        "type": "Point",
        "coordinates": [
          100.4714921,
          5.354185
        ]
      },
      "id": "node/7213702485"
    },
    {
      "type": "Feature",
      "properties": {
        "@id": "node/7213729885",
        "addr:city": "Bukit Mertajam",
        "addr:housenumber": "2741",
        "addr:postcode": "14000",
        "addr:street": "Jalan Kulim",
        "amenity": "restaurant",
        "cuisine": "chinese;coffee_shop;noodle",
        "name": "Restoran Eighty Six",
        "name:zh": "86饮食中心",
        "was:name": "Restaurant Mei Le Hwa",
        "was:name:zh": "美丽华海鲜茶室"
      },
      "geometry": {
        "type": "Point",
        "coordinates": [
          100.473114,
          5.3525389
        ]
      },
      "id": "node/7213729885"
    },
    {
      "type": "Feature",
      "properties": {
        "@id": "node/7213848232",
        "addr:city": "Butterworth",
        "addr:housenumber": "4166",
        "addr:postcode": "12000",
        "addr:street": "Jalan Kampung Benggali",
        "air_conditioning": "no",
        "amenity": "restaurant",
        "contact:facebook": "https://www.facebook.com/beeseeheong/",
        "cuisine": "chinese",
        "level": "0",
        "name": "Bee See Heong Restaurant",
        "name:en": "Bee See Heong Restaurant",
        "name:zh": "美时香餐室",
        "opening_hours": "11:30-14:30,18:00-20:30 \"Check Facebook\"",
        "phone": "+60 4-323 8701"
      },
      "geometry": {
        "type": "Point",
        "coordinates": [
          100.3709764,
          5.4087359
        ]
      },
      "id": "node/7213848232"
    },
    {
      "type": "Feature",
      "properties": {
        "@id": "node/7213848234",
        "amenity": "restaurant",
        "level": "0",
        "name": "Restoran Thin Yen",
        "name:en": "Thin Yen Restaurant",
        "name:ms": "Restoran Thin Yen",
        "name:zh": "庭園海鮮飯店"
      },
      "geometry": {
        "type": "Point",
        "coordinates": [
          100.3770107,
          5.4193826
        ]
      },
      "id": "node/7213848234"
    },
    {
      "type": "Feature",
      "properties": {
        "@id": "node/7234828286",
        "amenity": "restaurant",
        "name": "Chulia Street Night Hawker Stalls",
        "name:en": "Chulia Street Night Hawker Stalls"
      },
      "geometry": {
        "type": "Point",
        "coordinates": [
          100.336717,
          5.4180529
        ]
      },
      "id": "node/7234828286"
    },
    {
      "type": "Feature",
      "properties": {
        "@id": "node/7234869886",
        "amenity": "restaurant",
        "name": "Air Itam Duck Rice",
        "name:en": "Air Itam Duck Rice",
        "opening_hours": "Tu-Su 15:30-20:30",
        "phone": "+60164308669"
      },
      "geometry": {
        "type": "Point",
        "coordinates": [
          100.2779578,
          5.4014695
        ]
      },
      "id": "node/7234869886"
    },
    {
      "type": "Feature",
      "properties": {
        "@id": "node/7234870085",
        "amenity": "restaurant",
        "name": "Hock Seng Rojak",
        "name:en": "Hock Seng Rojak",
        "name:ms": "Hock Seng Rojak"
      },
      "geometry": {
        "type": "Point",
        "coordinates": [
          100.3318472,
          5.4061861
        ]
      },
      "id": "node/7234870085"
    },
    {
      "type": "Feature",
      "properties": {
        "@id": "node/7236047785",
        "amenity": "restaurant",
        "name": "Lorong Seratus Tahun Curry Mee",
        "name:ms": "Lorong Seratus Tahun Curry Mee"
      },
      "geometry": {
        "type": "Point",
        "coordinates": [
          100.3225793,
          5.415159
        ]
      },
      "id": "node/7236047785"
    },
    {
      "type": "Feature",
      "properties": {
        "@id": "node/7236256785",
        "amenity": "restaurant",
        "name": "New Cathay Curry & Hokkien Mee"
      },
      "geometry": {
        "type": "Point",
        "coordinates": [
          100.3095278,
          5.4323386
        ]
      },
      "id": "node/7236256785"
    },
    {
      "type": "Feature",
      "properties": {
        "@id": "node/7236269489",
        "addr:housenumber": "67A",
        "addr:postcode": "10300",
        "addr:street": "Lebuh Presgrave",
        "amenity": "restaurant",
        "name": "888 Hokkien Mee",
        "name:zh-Hant": "三條路 888 福建蝦麵",
        "opening_hours": "Fr-We 15:00-21:30"
      },
      "geometry": {
        "type": "Point",
        "coordinates": [
          100.3306371,
          5.4110973
        ]
      },
      "id": "node/7236269489"
    },
    {
      "type": "Feature",
      "properties": {
        "@id": "node/7236276987",
        "addr:city": "Georgetown",
        "addr:housenumber": "164A",
        "addr:postcode": "10100",
        "addr:street": "Campbell Street",
        "amenity": "restaurant",
        "name": "Hameediyah Restaurant",
        "name:en": "Hameediyah Restaurant",
        "note": "Nasi kandar since 1907. One of the earliest place for a great plate of nasi kandar.",
        "opening_hours": "Mo-Su 10:00-22:00"
      },
      "geometry": {
        "type": "Point",
        "coordinates": [
          100.3326523,
          5.4185538
        ]
      },
      "id": "node/7236276987"
    },
    {
      "type": "Feature",
      "properties": {
        "@id": "node/7236278085",
        "addr:street": "Lebuh Keng Kwee",
        "amenity": "restaurant",
        "check_date": "2024-08-09",
        "diet:halal": "yes",
        "name": "Penang Road Famous Laksa",
        "name:en": "Penang Road Famous Laksa",
        "opening_hours": "Th-Tu 09:00-17:30",
        "payment:cards": "no",
        "payment:cash": "yes",
        "payment:credit_cards": "no",
        "payment:debit_cards": "no",
        "phone": "+60164460543"
      },
      "geometry": {
        "type": "Point",
        "coordinates": [
          100.3311479,
          5.4166546
        ]
      },
      "id": "node/7236278085"
    },
    {
      "type": "Feature",
      "properties": {
        "@id": "node/7236279585",
        "amenity": "restaurant",
        "name": "Kek Seng Cafe.Ais kakang"
      },
      "geometry": {
        "type": "Point",
        "coordinates": [
          100.3291083,
          5.4159632
        ]
      },
      "id": "node/7236279585"
    },
    {
      "type": "Feature",
      "properties": {
        "@id": "node/7236281285",
        "addr:housenumber": "223",
        "addr:street": "Jalan Burma",
        "amenity": "restaurant",
        "name": "Green House Prawn Mee",
        "name:en": "Green House Prawn Mee",
        "opening_hours": "Tu-Su 16:00-22:00"
      },
      "geometry": {
        "type": "Point",
        "coordinates": [
          100.3279952,
          5.4183797
        ]
      },
      "id": "node/7236281285"
    },
    {
      "type": "Feature",
      "properties": {
        "@id": "node/7236317585",
        "amenity": "restaurant",
        "cuisine": "chinese",
        "name": "Cafe Sin Yin Nam Wontan Noodles",
        "name:en": "Cafe Sin Yin Nam Wontan Noodles"
      },
      "geometry": {
        "type": "Point",
        "coordinates": [
          100.326388,
          5.4148725
        ]
      },
      "id": "node/7236317585"
    },
    {
      "type": "Feature",
      "properties": {
        "@id": "node/7236461386",
        "amenity": "restaurant",
        "name": "Khengs Nonya Kuey"
      },
      "geometry": {
        "type": "Point",
        "coordinates": [
          100.3067238,
          5.3908787
        ]
      },
      "id": "node/7236461386"
    },
    {
      "type": "Feature",
      "properties": {
        "@id": "node/7236511218",
        "amenity": "restaurant",
        "name": "Kimpo Famous Roasted",
        "name:en": "Kimpo Famous Roasted"
      },
      "geometry": {
        "type": "Point",
        "coordinates": [
          100.3344991,
          5.4210395
        ]
      },
      "id": "node/7236511218"
    },
    {
      "type": "Feature",
      "properties": {
        "@id": "node/7237872885",
        "amenity": "restaurant",
        "name": "M Veggie",
        "opening_hours": "Mo-Su 11:30-14:00"
      },
      "geometry": {
        "type": "Point",
        "coordinates": [
          100.3812952,
          5.4205192
        ]
      },
      "id": "node/7237872885"
    },
    {
      "type": "Feature",
      "properties": {
        "@id": "node/7241951286",
        "amenity": "restaurant",
        "name": "Cintra Street Fish & Chicken Porridge",
        "name:en": "Cintra Street Fish & Chicken Porridge"
      },
      "geometry": {
        "type": "Point",
        "coordinates": [
          100.3337802,
          5.4184895
        ]
      },
      "id": "node/7241951286"
    },
    {
      "type": "Feature",
      "properties": {
        "@id": "node/7241984385",
        "amenity": "restaurant",
        "cuisine": "chinese",
        "name": "Tek Sen Restaurant",
        "name:en": "Tek Sen Restaurant"
      },
      "geometry": {
        "type": "Point",
        "coordinates": [
          100.3360842,
          5.4177386
        ]
      },
      "id": "node/7241984385"
    },
    {
      "type": "Feature",
      "properties": {
        "@id": "node/7242028886",
        "addr:city": "George Town",
        "addr:housenumber": "1",
        "addr:postcode": "10200",
        "addr:street": "Lebuh Bishop",
        "air_conditioning": "yes",
        "amenity": "restaurant",
        "cuisine": "malaysian",
        "name": "Auntie Gaik Lean's Old School Eatery",
        "opening_hours": "Tu-Su 12:00-14:30, 18:00-21:30; Mo off",
        "website": "https://www.facebook.com/Auntie-Gaik-Leans-Old-School-Eatery-564865433555884/"
      },
      "geometry": {
        "type": "Point",
        "coordinates": [
          100.3423882,
          5.4179972
        ]
      },
      "id": "node/7242028886"
    },
    {
      "type": "Feature",
      "properties": {
        "@id": "node/7242065985",
        "amenity": "restaurant",
        "name": "Bibik's Kitchen Nonya Cuisine"
      },
      "geometry": {
        "type": "Point",
        "coordinates": [
          100.3316026,
          5.4214922
        ]
      },
      "id": "node/7242065985"
    },
    {
      "type": "Feature",
      "properties": {
        "@id": "node/7242127085",
        "addr:housenumber": "1",
        "addr:street": "Jalan Sri Bahari",
        "amenity": "restaurant",
        "name": "The Thai",
        "name:en": "The Thai"
      },
      "geometry": {
        "type": "Point",
        "coordinates": [
          100.3325532,
          5.4206507
        ]
      },
      "id": "node/7242127085"
    },
    {
      "type": "Feature",
      "properties": {
        "@id": "node/7242164086",
        "amenity": "restaurant",
        "name": "Laksa Kitchen By Gurney 11",
        "name:en": "Laksa Kitchen By Gurney 11"
      },
      "geometry": {
        "type": "Point",
        "coordinates": [
          100.3299402,
          5.4204687
        ]
      },
      "id": "node/7242164086"
    },
    {
      "type": "Feature",
      "properties": {
        "@id": "node/7242238285",
        "amenity": "restaurant",
        "name": "Foong Wei Heong Restaurant",
        "name:en": "Foong Wei Heong Restaurant"
      },
      "geometry": {
        "type": "Point",
        "coordinates": [
          100.3322502,
          5.4208449
        ]
      },
      "id": "node/7242238285"
    },
    {
      "type": "Feature",
      "properties": {
        "@id": "node/7242355485",
        "amenity": "restaurant",
        "name": "Ah Chui Seafood"
      },
      "geometry": {
        "type": "Point",
        "coordinates": [
          100.2748938,
          5.3872554
        ]
      },
      "id": "node/7242355485"
    },
    {
      "type": "Feature",
      "properties": {
        "@id": "node/7242360687",
        "amenity": "restaurant",
        "name": "Ah Chui Seafood",
        "name:zh": "阿水海鲜"
      },
      "geometry": {
        "type": "Point",
        "coordinates": [
          100.2749139,
          5.387223
        ]
      },
      "id": "node/7242360687"
    },
    {
      "type": "Feature",
      "properties": {
        "@id": "node/7242400885",
        "amenity": "restaurant",
        "name": "Restaurant Floating Seafood Paradise"
      },
      "geometry": {
        "type": "Point",
        "coordinates": [
          100.4455425,
          5.2771844
        ]
      },
      "id": "node/7242400885"
    },
    {
      "type": "Feature",
      "properties": {
        "@id": "node/7244008985",
        "amenity": "restaurant",
        "diet:vegan": "only",
        "name": "Blue Vegan",
        "name:en": "Blue Vegan"
      },
      "geometry": {
        "type": "Point",
        "coordinates": [
          100.33093,
          5.4097855
        ]
      },
      "id": "node/7244008985"
    },
    {
      "type": "Feature",
      "properties": {
        "@id": "node/7244941386",
        "amenity": "restaurant",
        "name": "Restaurant Taman Emas, Laksa"
      },
      "geometry": {
        "type": "Point",
        "coordinates": [
          100.3031917,
          5.4337592
        ]
      },
      "id": "node/7244941386"
    },
    {
      "type": "Feature",
      "properties": {
        "@id": "node/7244948087",
        "amenity": "restaurant",
        "name": "Wang Thai restaurant"
      },
      "geometry": {
        "type": "Point",
        "coordinates": [
          100.3116505,
          5.4320204
        ]
      },
      "id": "node/7244948087"
    },
    {
      "type": "Feature",
      "properties": {
        "@id": "node/7244985785",
        "amenity": "restaurant",
        "name": "Restaurant Taman Emas.Laksa"
      },
      "geometry": {
        "type": "Point",
        "coordinates": [
          100.303141,
          5.4336475
        ]
      },
      "id": "node/7244985785"
    },
    {
      "type": "Feature",
      "properties": {
        "@id": "node/7245068287",
        "amenity": "restaurant",
        "name": "Crepe Cottage"
      },
      "geometry": {
        "type": "Point",
        "coordinates": [
          100.3159738,
          5.433311
        ]
      },
      "id": "node/7245068287"
    },
    {
      "type": "Feature",
      "properties": {
        "@id": "node/7246499886",
        "addr:city": "George Town",
        "addr:postcode": "10350",
        "addr:street": "Jalan Burma",
        "amenity": "restaurant",
        "name": "Kedai Kopi Sin Hwa",
        "name:zh": "新华茶室"
      },
      "geometry": {
        "type": "Point",
        "coordinates": [
          100.312505,
          5.4306788
        ]
      },
      "id": "node/7246499886"
    },
    {
      "type": "Feature",
      "properties": {
        "@id": "node/7246501885",
        "addr:city": "George Town",
        "addr:housenumber": "27",
        "addr:postcode": "10200",
        "addr:street": "Lebuh Keng Kwee",
        "alt_name": "Penang Road Famous Teochew Chendol",
        "alt_name:en": "Penang Road Famous Teochew Chendol",
        "amenity": "restaurant",
        "cuisine": "dessert",
        "name": "Penang Road Famous Teochew Chendul - Ais Kacang",
        "name:en": "Penang Road Famous Teochew Chendul - Ais Kacang",
        "name:zh": "槟榔律驰名潮州煎蕊-红豆冰",
        "name:zh-Hans": "槟榔律驰名潮州煎蕊-红豆冰",
        "name:zh-Hant": "檳榔律馳名潮州煎蕊-紅豆冰",
        "note": "The original roadside stall",
        "website": "https://www.chendul.my/"
      },
      "geometry": {
        "type": "Point",
        "coordinates": [
          100.3306743,
          5.41714
        ]
      },
      "id": "node/7246501885"
    },
    {
      "type": "Feature",
      "properties": {
        "@id": "node/7246512885",
        "amenity": "restaurant",
        "name": "Bee Hooi Kopitiam"
      },
      "geometry": {
        "type": "Point",
        "coordinates": [
          100.3101949,
          5.4321906
        ]
      },
      "id": "node/7246512885"
    },
    {
      "type": "Feature",
      "properties": {
        "@id": "node/7247328085",
        "amenity": "restaurant",
        "name": "Mother & Son Wantan Mee",
        "name:en": "Mother & Son Wantan Mee"
      },
      "geometry": {
        "type": "Point",
        "coordinates": [
          100.336523,
          5.4181211
        ]
      },
      "id": "node/7247328085"
    },
    {
      "type": "Feature",
      "properties": {
        "@id": "node/7248028185",
        "addr:city": "Central George Town",
        "addr:housenumber": "15",
        "addr:postcode": "11600",
        "addr:street": "Lintang Batu",
        "amenity": "restaurant",
        "check_date": "2026-02-15",
        "check_date:opening_hours": "2026-02-15",
        "contact:facebook": "Soon-Lai-Seafood-Batu-Lanchang-943107002408751",
        "cuisine": "chinese;seafood",
        "delivery": "yes",
        "diet:seafood": "yes",
        "name": "Soon Lai Seafood",
        "name:zh": "順來本地海鮮",
        "opening_hours": "Mo-Su 11:00-14:30, 17:30-22:30",
        "outdoor_seating": "yes",
        "payment:nfc_mobile_payments": "yes",
        "phone": "+604-658 9799",
        "reservation": "yes",
        "self_service": "no",
        "takeaway": "yes",
        "toilets": "yes",
        "wheelchair": "limited"
      },
      "geometry": {
        "type": "Point",
        "coordinates": [
          100.3061765,
          5.3870075
        ]
      },
      "id": "node/7248028185"
    },
    {
      "type": "Feature",
      "properties": {
        "@id": "node/7250400886",
        "amenity": "restaurant",
        "name": "Hon Kei Food Corner - Pork Noodles Thick Soup",
        "name:en": "Hon Kei Food Corner - Pork Noodles Thick Soup"
      },
      "geometry": {
        "type": "Point",
        "coordinates": [
          100.3325697,
          5.419068
        ]
      },
      "id": "node/7250400886"
    },
    {
      "type": "Feature",
      "properties": {
        "@id": "node/7252091286",
        "amenity": "restaurant",
        "name": "Hon Fei Food Corner",
        "name:en": "Hon Fei Food Corner"
      },
      "geometry": {
        "type": "Point",
        "coordinates": [
          100.3325595,
          5.419031
        ]
      },
      "id": "node/7252091286"
    },
    {
      "type": "Feature",
      "properties": {
        "@id": "node/7252149885",
        "amenity": "restaurant",
        "name": "Thai Shop, Stew Pork Rice",
        "name:en": "Thai Shop, Stew Pork Rice"
      },
      "geometry": {
        "type": "Point",
        "coordinates": [
          100.3294188,
          5.4209055
        ]
      },
      "id": "node/7252149885"
    },
    {
      "type": "Feature",
      "properties": {
        "@id": "node/7252149886",
        "amenity": "restaurant",
        "name": "JW Golden Crips @ Nyonya Old House",
        "name:en": "JW Golden Crips @ Nyonya Old House"
      },
      "geometry": {
        "type": "Point",
        "coordinates": [
          100.3309776,
          5.4168251
        ]
      },
      "id": "node/7252149886"
    },
    {
      "type": "Feature",
      "properties": {
        "@id": "node/7252153385",
        "amenity": "restaurant",
        "name": "Tuck Kee Bak Kwa",
        "name:en": "Tuck Kee Bak Kwa"
      },
      "geometry": {
        "type": "Point",
        "coordinates": [
          100.3324035,
          5.4175853
        ]
      },
      "id": "node/7252153385"
    },
    {
      "type": "Feature",
      "properties": {
        "@id": "node/7252210887",
        "amenity": "restaurant",
        "cuisine": "dim_sum",
        "name": "Yong Pin Restaurant",
        "name:en": "Yong Pin Restaurant",
        "name:zh": "榕槟茶楼",
        "name:zh-Hans": "榕槟茶楼",
        "name:zh-Hant": "榕檳茶樓"
      },
      "geometry": {
        "type": "Point",
        "coordinates": [
          100.3322475,
          5.4159262
        ]
      },
      "id": "node/7252210887"
    },
    {
      "type": "Feature",
      "properties": {
        "@id": "node/7252314585",
        "amenity": "restaurant",
        "name": "Ceki Nonya",
        "name:ms": "Ceki Nonya"
      },
      "geometry": {
        "type": "Point",
        "coordinates": [
          100.3323207,
          5.4208617
        ]
      },
      "id": "node/7252314585"
    },
    {
      "type": "Feature",
      "properties": {
        "@id": "node/7252330086",
        "amenity": "restaurant",
        "name": "Ceki Nonya",
        "name:ms": "Ceki Nonya"
      },
      "geometry": {
        "type": "Point",
        "coordinates": [
          100.3324383,
          5.4207172
        ]
      },
      "id": "node/7252330086"
    },
    {
      "type": "Feature",
      "properties": {
        "@id": "node/7252416785",
        "amenity": "restaurant",
        "name": "Nasi Padang Minang",
        "name:ms": "Nasi Padang Minang",
        "opening_hours": "Mo-Su 11:00-16:00"
      },
      "geometry": {
        "type": "Point",
        "coordinates": [
          100.3307192,
          5.4212183
        ]
      },
      "id": "node/7252416785"
    },
    {
      "type": "Feature",
      "properties": {
        "@id": "node/7265369786",
        "amenity": "restaurant",
        "name": "Kedai Makanan dan Minuman Bee Hooi",
        "name:en": "Bee Hooi Kopitiam",
        "name:ms": "Kedai Makanan dan Minuman Bee Hooi",
        "name:zh": "镁辉茶餐中心",
        "name:zh-Hans": "镁辉茶餐中心",
        "name:zh-Hant": "鎂輝茶餐中心"
      },
      "geometry": {
        "type": "Point",
        "coordinates": [
          100.3322931,
          5.4164936
        ]
      },
      "id": "node/7265369786"
    },
    {
      "type": "Feature",
      "properties": {
        "@id": "node/7265546186",
        "amenity": "restaurant",
        "name": "Siang pin Zi Char"
      },
      "geometry": {
        "type": "Point",
        "coordinates": [
          100.3133771,
          5.4295893
        ]
      },
      "id": "node/7265546186"
    },
    {
      "type": "Feature",
      "properties": {
        "@id": "node/7265549587",
        "amenity": "restaurant",
        "name": "Master Keong Zi Char"
      },
      "geometry": {
        "type": "Point",
        "coordinates": [
          100.3167482,
          5.4270143
        ]
      },
      "id": "node/7265549587"
    },
    {
      "type": "Feature",
      "properties": {
        "@id": "node/7270744785",
        "amenity": "restaurant",
        "name": "One corner cafe"
      },
      "geometry": {
        "type": "Point",
        "coordinates": [
          100.3255152,
          5.4217234
        ]
      },
      "id": "node/7270744785"
    },
    {
      "type": "Feature",
      "properties": {
        "@id": "node/7271199285",
        "amenity": "restaurant",
        "name": "Tong Hoe Seng, Tau Sar Piah",
        "name:en": "Tong Hoe Seng, Tau Sar Piah"
      },
      "geometry": {
        "type": "Point",
        "coordinates": [
          100.3313783,
          5.418033
        ]
      },
      "id": "node/7271199285"
    },
    {
      "type": "Feature",
      "properties": {
        "@id": "node/7274363585",
        "amenity": "restaurant",
        "name": "Nan Guang Laksa"
      },
      "geometry": {
        "type": "Point",
        "coordinates": [
          100.2357385,
          5.3519218
        ]
      },
      "id": "node/7274363585"
    },
    {
      "type": "Feature",
      "properties": {
        "@id": "node/7275971485",
        "amenity": "restaurant",
        "name": "Sin Hup Aun"
      },
      "geometry": {
        "type": "Point",
        "coordinates": [
          100.312296,
          5.4299843
        ]
      },
      "id": "node/7275971485"
    },
    {
      "type": "Feature",
      "properties": {
        "@id": "node/7491057662",
        "addr:city": "Nibong Tebal",
        "addr:postcode": "14300",
        "amenity": "restaurant",
        "name": "Nasi Kandar Naseer"
      },
      "geometry": {
        "type": "Point",
        "coordinates": [
          100.4913462,
          5.1404936
        ]
      },
      "id": "node/7491057662"
    },
    {
      "type": "Feature",
      "properties": {
        "@id": "node/7491057663",
        "addr:city": "Nibong Tebal",
        "addr:postcode": "14300",
        "amenity": "restaurant",
        "name": "Nasi Kandar Halim"
      },
      "geometry": {
        "type": "Point",
        "coordinates": [
          100.4911205,
          5.1403661
        ]
      },
      "id": "node/7491057663"
    },
    {
      "type": "Feature",
      "properties": {
        "@id": "node/7491057664",
        "addr:city": "Nibong Tebal",
        "addr:postcode": "14300",
        "amenity": "restaurant",
        "name": "Alor Thai"
      },
      "geometry": {
        "type": "Point",
        "coordinates": [
          100.4916673,
          5.1400138
        ]
      },
      "id": "node/7491057664"
    },
    {
      "type": "Feature",
      "properties": {
        "@id": "node/7532887249",
        "amenity": "restaurant",
        "cuisine": "german",
        "name": "Ingolf's Kneipe"
      },
      "geometry": {
        "type": "Point",
        "coordinates": [
          100.2924941,
          5.4645641
        ]
      },
      "id": "node/7532887249"
    },
    {
      "type": "Feature",
      "properties": {
        "@id": "node/7532887250",
        "amenity": "restaurant",
        "cuisine": "bulgarian",
        "name": "Vintage Bulgaria"
      },
      "geometry": {
        "type": "Point",
        "coordinates": [
          100.2925517,
          5.4645649
        ]
      },
      "id": "node/7532887250"
    },
    {
      "type": "Feature",
      "properties": {
        "@id": "node/7533032988",
        "amenity": "restaurant",
        "cuisine": "chinese",
        "name": "Claypot Restaurant"
      },
      "geometry": {
        "type": "Point",
        "coordinates": [
          100.2897462,
          5.4640966
        ]
      },
      "id": "node/7533032988"
    },
    {
      "type": "Feature",
      "properties": {
        "@id": "node/7533121102",
        "amenity": "restaurant",
        "cuisine": "chinese",
        "name": "Kedai Kopi Sin Lee Hin"
      },
      "geometry": {
        "type": "Point",
        "coordinates": [
          100.2842306,
          5.4645857
        ]
      },
      "id": "node/7533121102"
    },
    {
      "type": "Feature",
      "properties": {
        "@id": "node/7533121103",
        "amenity": "restaurant",
        "cuisine": "chinese",
        "name": "Tasty Kitchen"
      },
      "geometry": {
        "type": "Point",
        "coordinates": [
          100.2842189,
          5.4646496
        ]
      },
      "id": "node/7533121103"
    },
    {
      "type": "Feature",
      "properties": {
        "@id": "node/7533121106",
        "amenity": "restaurant",
        "cuisine": "chinese",
        "name": "Seang Pyn Restaurant"
      },
      "geometry": {
        "type": "Point",
        "coordinates": [
          100.2841954,
          5.4648101
        ]
      },
      "id": "node/7533121106"
    },
    {
      "type": "Feature",
      "properties": {
        "@id": "node/7559111609",
        "amenity": "restaurant",
        "cuisine": "nasi_kandar",
        "diet:halal": "yes",
        "name": "Restoran Nasi Kandar Roundaboard",
        "source": "https://www.mapillary.com/app/?pKey=Ith5M376MdziXtbe6XVxQ2&focus=photo"
      },
      "geometry": {
        "type": "Point",
        "coordinates": [
          100.2349418,
          5.3505769
        ]
      },
      "id": "node/7559111609"
    },
    {
      "type": "Feature",
      "properties": {
        "@id": "node/7559111610",
        "amenity": "restaurant",
        "cuisine": "nasi_kandar",
        "diet:halal": "yes",
        "name": "Restoran Nasi Kandar Habeeb Mohd",
        "source": "https://www.mapillary.com/app/?pKey=oncRGut4djLot2ZrSyP06M&focus=photo"
      },
      "geometry": {
        "type": "Point",
        "coordinates": [
          100.2348397,
          5.3504849
        ]
      },
      "id": "node/7559111610"
    },
    {
      "type": "Feature",
      "properties": {
        "@id": "node/7561370196",
        "amenity": "restaurant",
        "cuisine": "chinese;buffet",
        "name": "Kedai Makanan dan Minuman Chai Key",
        "name:zh": "财钜美食坊",
        "old_name:zh": "财钜经济餐馆",
        "old_source": "https://www.mapillary.com/app/?pKey=_O-pggt6XwEse4HnWcDG1Q&focus=photo",
        "source": "https://www.mapillary.com/app/?pKey=urNYVhKwEoAn5E8aeL0tsI&focus=photo"
      },
      "geometry": {
        "type": "Point",
        "coordinates": [
          100.4724485,
          5.3482094
        ]
      },
      "id": "node/7561370196"
    },
    {
      "type": "Feature",
      "properties": {
        "@id": "node/7561441603",
        "amenity": "restaurant",
        "cuisine": "chinese",
        "name": "2007饮食中心",
        "source": "https://www.mapillary.com/app/?pKey=KoORuVAHC3ZWZ6z7JSj7l1&focus=photo"
      },
      "geometry": {
        "type": "Point",
        "coordinates": [
          100.4463577,
          5.3480474
        ]
      },
      "id": "node/7561441603"
    },
    {
      "type": "Feature",
      "properties": {
        "@id": "node/7561646781",
        "amenity": "restaurant",
        "cuisine": "japanese",
        "name": "Hakata Ichiran",
        "name:zh": "傅多一兰",
        "source": "https://www.mapillary.com/app/?pKey=5ePcEq3JSqt4jLlJEzEw4y&focus=photo"
      },
      "geometry": {
        "type": "Point",
        "coordinates": [
          100.4358375,
          5.3429721
        ]
      },
      "id": "node/7561646781"
    },
    {
      "type": "Feature",
      "properties": {
        "@id": "node/7561669785",
        "amenity": "restaurant",
        "cuisine": "sushi",
        "name": "Sushi Tsujin",
        "source": "https://www.mapillary.com/app/?pKey=eBdCZhmdO2Ji2sX2C51w4u&focus=photo"
      },
      "geometry": {
        "type": "Point",
        "coordinates": [
          100.4356727,
          5.342794
        ]
      },
      "id": "node/7561669785"
    },
    {
      "type": "Feature",
      "properties": {
        "@id": "node/7561669790",
        "amenity": "restaurant",
        "cuisine": "chinese",
        "name": "阿嫲刀麻切",
        "name:en": "AhMa PanMee",
        "name:zh": "阿嫲刀麻切",
        "source": "https://www.mapillary.com/app/?pKey=5j9hqUIc7s1ozq68Y5S6M7&focus=photo"
      },
      "geometry": {
        "type": "Point",
        "coordinates": [
          100.4357761,
          5.3431731
        ]
      },
      "id": "node/7561669790"
    },
    {
      "type": "Feature",
      "properties": {
        "@id": "node/7561669794",
        "amenity": "restaurant",
        "name": "Ryuzen",
        "source": "https://openstreetcam.org/details/2161262/1478"
      },
      "geometry": {
        "type": "Point",
        "coordinates": [
          100.4356696,
          5.3429252
        ]
      },
      "id": "node/7561669794"
    },
    {
      "type": "Feature",
      "properties": {
        "@id": "node/7568167813",
        "amenity": "restaurant",
        "cuisine": "thai;bbq;steamboat",
        "name": "the pink elephant",
        "source": "https://www.mapillary.com/app/?pKey=bich9j0K2Q3yOnxL6xRPG4&focus=photo"
      },
      "geometry": {
        "type": "Point",
        "coordinates": [
          100.3311891,
          5.3995653
        ]
      },
      "id": "node/7568167813"
    },
    {
      "type": "Feature",
      "properties": {
        "@id": "node/7568174398",
        "amenity": "restaurant",
        "cuisine": "seafood",
        "name": "Paper Lobster",
        "name:en": "Paper Lobster",
        "source": "https://www.mapillary.com/app/?pKey=1J3WwYI2YNSERqhXoFXATB&focus=photo"
      },
      "geometry": {
        "type": "Point",
        "coordinates": [
          100.3296435,
          5.3980208
        ]
      },
      "id": "node/7568174398"
    },
    {
      "type": "Feature",
      "properties": {
        "@id": "node/7574899208",
        "air_conditioning": "yes",
        "amenity": "restaurant",
        "brand": "Hard Rock Cafe",
        "brand:wikidata": "Q918151",
        "brand:wikipedia": "en:Hard Rock Cafe",
        "cuisine": "american",
        "diet:halal": "yes",
        "name": "Hard Rock Cafe",
        "opening_hours": "PH,Su-Th 12:00-23:00, Fr,Sa 12:00-01:00",
        "smoking": "outside"
      },
      "geometry": {
        "type": "Point",
        "coordinates": [
          100.2417656,
          5.4674497
        ]
      },
      "id": "node/7574899208"
    },
    {
      "type": "Feature",
      "properties": {
        "@id": "node/7575273342",
        "amenity": "restaurant",
        "name": "Dapur Pak Din",
        "source": "https://openstreetcam.org/details/2309174/4909/track-info"
      },
      "geometry": {
        "type": "Point",
        "coordinates": [
          100.4421169,
          5.3117199
        ]
      },
      "id": "node/7575273342"
    },
    {
      "type": "Feature",
      "properties": {
        "@id": "node/7618121024",
        "amenity": "restaurant",
        "brand": "XiaoLongKan",
        "brand:en": "XiaoLongKan",
        "brand:wikidata": "Q108212427",
        "brand:zh": "小龙坎火锅",
        "cuisine": "chinese;hot_pot",
        "name": "XiaoLongKan",
        "name:en": "XiaoLongKan",
        "name:zh": "小龙坎火锅"
      },
      "geometry": {
        "type": "Point",
        "coordinates": [
          100.3081942,
          5.4398726
        ]
      },
      "id": "node/7618121024"
    },
    {
      "type": "Feature",
      "properties": {
        "@id": "node/7621867042",
        "amenity": "restaurant",
        "name": "Huang Pai Bak Kut Teh",
        "name:zh": "皇排肉骨茶"
      },
      "geometry": {
        "type": "Point",
        "coordinates": [
          100.3160761,
          5.433059
        ]
      },
      "id": "node/7621867042"
    },
    {
      "type": "Feature",
      "properties": {
        "@id": "node/7625589372",
        "addr:city": "George Town",
        "addr:postcode": "10400",
        "addr:street": "Lorong Selamat",
        "amenity": "restaurant",
        "name": "Kafe Heng Huat",
        "name:en": "Heng Huat Cafe",
        "name:ms": "Kafe Heng Huat",
        "name:zh": "兴发茶室",
        "name:zh-Hans": "兴发茶室",
        "name:zh-Hant": "興發茶室"
      },
      "geometry": {
        "type": "Point",
        "coordinates": [
          100.3246367,
          5.4170536
        ]
      },
      "id": "node/7625589372"
    },
    {
      "type": "Feature",
      "properties": {
        "@id": "node/7637418614",
        "amenity": "restaurant",
        "name": "Spicy Lemak"
      },
      "geometry": {
        "type": "Point",
        "coordinates": [
          100.3380392,
          5.4143449
        ]
      },
      "id": "node/7637418614"
    },
    {
      "type": "Feature",
      "properties": {
        "@id": "node/7640386161",
        "amenity": "restaurant",
        "cuisine": "japanese",
        "name": "Shunka",
        "name:zh": "旬香",
        "source": "https://www.mapillary.com/app/?pKey=70rMD0XLj5TAlGYPq3xtlt&focus=photo"
      },
      "geometry": {
        "type": "Point",
        "coordinates": [
          100.4765287,
          5.31769
        ]
      },
      "id": "node/7640386161"
    },
    {
      "type": "Feature",
      "properties": {
        "@id": "node/7640386162",
        "amenity": "restaurant",
        "cuisine": "chinese",
        "name": "Pin Xuan",
        "name:zh": "品轩私房菜",
        "source": "https://www.mapillary.com/app/?pKey=70rMD0XLj5TAlGYPq3xtlt&focus=photo"
      },
      "geometry": {
        "type": "Point",
        "coordinates": [
          100.4765152,
          5.3176334
        ]
      },
      "id": "node/7640386162"
    },
    {
      "type": "Feature",
      "properties": {
        "@id": "node/7640386163",
        "amenity": "restaurant",
        "cuisine": "chinese;bbq;steamboat",
        "name": "Restoran Eating Machine",
        "name:zh": "吃货自助火锅烧烤",
        "source": "https://www.mapillary.com/app/?pKey=nNtx4MUkq3Z1Bxxq3fUu3G&focus=photo"
      },
      "geometry": {
        "type": "Point",
        "coordinates": [
          100.4764984,
          5.3175317
        ]
      },
      "id": "node/7640386163"
    },
    {
      "type": "Feature",
      "properties": {
        "@id": "node/7640386165",
        "amenity": "restaurant",
        "cuisine": "thai",
        "name": "Restoran Sawatdee",
        "source": "https://www.mapillary.com/app/?pKey=24b3xCnIE9S6PaBoWl0DXF&focus=photo"
      },
      "geometry": {
        "type": "Point",
        "coordinates": [
          100.4764524,
          5.3173019
        ]
      },
      "id": "node/7640386165"
    },
    {
      "type": "Feature",
      "properties": {
        "@id": "node/7640386179",
        "amenity": "restaurant",
        "cuisine": "western",
        "name": "James Foo Wastern Food",
        "source": "https://www.mapillary.com/app/?pKey=YGcJnsf00mPpNZJYN5JA9E&focus=photo"
      },
      "geometry": {
        "type": "Point",
        "coordinates": [
          100.4783442,
          5.3160857
        ]
      },
      "id": "node/7640386179"
    },
    {
      "type": "Feature",
      "properties": {
        "@id": "node/7640386180",
        "amenity": "restaurant",
        "cuisine": "western",
        "name": "James Foo Wastern Food",
        "source": "https://openstreetcam.org/details/2319082/1913"
      },
      "geometry": {
        "type": "Point",
        "coordinates": [
          100.43435,
          5.3451236
        ]
      },
      "id": "node/7640386180"
    },
    {
      "type": "Feature",
      "properties": {
        "@id": "node/7643354197",
        "amenity": "restaurant",
        "cuisine": "chinese",
        "name": "Restoran Dua Satu Lapan",
        "name:zh": "218饮食中心",
        "source": "https://openstreetcam.org/details/2421034/7049/track-info"
      },
      "geometry": {
        "type": "Point",
        "coordinates": [
          100.497504,
          5.2009193
        ]
      },
      "id": "node/7643354197"
    },
    {
      "type": "Feature",
      "properties": {
        "@id": "node/7651911313",
        "amenity": "restaurant",
        "name": "Village Fish Head Bee Hoon",
        "name:en": "Village Fish Head Bee Hoon"
      },
      "geometry": {
        "type": "Point",
        "coordinates": [
          100.3369196,
          5.411374
        ]
      },
      "id": "node/7651911313"
    },
    {
      "type": "Feature",
      "properties": {
        "@id": "node/7653132492",
        "amenity": "restaurant",
        "name": "Jeruk Madu Pak Ali",
        "source": "https://openstreetcam.org/details/2710042/1541/track-info"
      },
      "geometry": {
        "type": "Point",
        "coordinates": [
          100.4314435,
          5.5159651
        ]
      },
      "id": "node/7653132492"
    },
    {
      "type": "Feature",
      "properties": {
        "@id": "node/7660404089",
        "amenity": "restaurant",
        "name": "Kafe 5126",
        "name:ms": "Kafe 5126"
      },
      "geometry": {
        "type": "Point",
        "coordinates": [
          100.238792,
          5.3546746
        ]
      },
      "id": "node/7660404089"
    },
    {
      "type": "Feature",
      "properties": {
        "@id": "node/7671172407",
        "amenity": "restaurant",
        "name": "Ahmad Lim black pancake",
        "source": "https://www.mapillary.com/app/?pKey=U1EYtJ80T7OtRSuQTRKRlG&focus=photo"
      },
      "geometry": {
        "type": "Point",
        "coordinates": [
          100.3995466,
          5.3994065
        ]
      },
      "id": "node/7671172407"
    },
    {
      "type": "Feature",
      "properties": {
        "@id": "node/7671299643",
        "addr:housenumber": "49",
        "addr:street": "Jalan Todak 2",
        "amenity": "restaurant",
        "cuisine": "malaysian;nasi_kandar",
        "name": "Nasi Kandar Beratur 786",
        "source": "https://openstreetcam.org/details/2097042/6"
      },
      "geometry": {
        "type": "Point",
        "coordinates": [
          100.398714,
          5.395811
        ]
      },
      "id": "node/7671299643"
    },
    {
      "type": "Feature",
      "properties": {
        "@id": "node/7671299652",
        "addr:city": "Seberang Jaya",
        "addr:housenumber": "38 (GF)",
        "addr:postcode": "13700",
        "addr:street": "Jalan Todak 2",
        "amenity": "restaurant",
        "branch": "Seberang Jaya",
        "cuisine": "chinese;pan_mee",
        "name": "Friends & Family Noodle Library",
        "source": "https://openstreetcam.org/details/2185658/109;ground truth"
      },
      "geometry": {
        "type": "Point",
        "coordinates": [
          100.3988174,
          5.3965193
        ]
      },
      "id": "node/7671299652"
    },
    {
      "type": "Feature",
      "properties": {
        "@id": "node/7671574161",
        "amenity": "restaurant",
        "cuisine": "malaysian;nasi_kandar",
        "name": "Nasi Kandar Hidayah",
        "source": "https://www.mapillary.com/app/?pKey=yVi1RQXn8trxMxkJpkRoHW&focus=photo"
      },
      "geometry": {
        "type": "Point",
        "coordinates": [
          100.3994169,
          5.3981663
        ]
      },
      "id": "node/7671574161"
    },
    {
      "type": "Feature",
      "properties": {
        "@id": "node/7671612828",
        "addr:city": "Seberang Jaya",
        "addr:housenumber": "14",
        "addr:postcode": "13700",
        "addr:street": "Jalan Todak 2",
        "amenity": "restaurant",
        "name": "Jaya",
        "opening_hours": "Mo-Su 08:00-20:00",
        "source": "https://www.mapillary.com/app/?pKey=XUMgBJ7i701Qms2e7wOrck&focus=photo"
      },
      "geometry": {
        "type": "Point",
        "coordinates": [
          100.399011,
          5.3982182
        ]
      },
      "id": "node/7671612828"
    },
    {
      "type": "Feature",
      "properties": {
        "@id": "node/7679809799",
        "amenity": "restaurant",
        "cuisine": "chinese",
        "name": "Kedai Makan dan Minum Taman Sri Bunga",
        "name:zh": "莉园美食中心",
        "source": "https://www.mapillary.com/app/?pKey=mn9cPIGOqPo4V5YXLGoQbD&focus=photo"
      },
      "geometry": {
        "type": "Point",
        "coordinates": [
          100.3133342,
          5.3960214
        ]
      },
      "id": "node/7679809799"
    },
    {
      "type": "Feature",
      "properties": {
        "@id": "node/7684192786",
        "amenity": "restaurant",
        "cuisine": "chinese",
        "diet:vegan": "yes",
        "diet:vegetarian": "yes",
        "name": "Coo Sweet Bun Vegan",
        "name:en": "Coo Sweet Bun Vegan",
        "name:zh": "虾面",
        "name:zh-Hans": "虾面",
        "name:zh-Hant": "蝦麵",
        "toilets:wheelchair": "no",
        "website": "https://www.coosweetbun.com/"
      },
      "geometry": {
        "type": "Point",
        "coordinates": [
          100.3275063,
          5.4188139
        ]
      },
      "id": "node/7684192786"
    },
    {
      "type": "Feature",
      "properties": {
        "@id": "node/7684324586",
        "amenity": "restaurant",
        "name": "Cendol zx",
        "name:en": "Cendol zx"
      },
      "geometry": {
        "type": "Point",
        "coordinates": [
          100.3306332,
          5.417171
        ]
      },
      "id": "node/7684324586"
    },
    {
      "type": "Feature",
      "properties": {
        "@id": "node/7684811285",
        "amenity": "restaurant",
        "name": "什么都有 zx",
        "name:zh": "什么都有 zx",
        "name:zh-Hans": "什么都有 zx",
        "name:zh-Hant": "什麼都有 zx"
      },
      "geometry": {
        "type": "Point",
        "coordinates": [
          100.33255,
          5.4190472
        ]
      },
      "id": "node/7684811285"
    },
    {
      "type": "Feature",
      "properties": {
        "@id": "node/7684811385",
        "amenity": "restaurant",
        "name": "卖粥达人 zx",
        "name:zh": "卖粥达人 zx",
        "name:zh-Hans": "卖粥达人 zx",
        "name:zh-Hant": "賣粥達人 zx"
      },
      "geometry": {
        "type": "Point",
        "coordinates": [
          100.3325593,
          5.4190631
        ]
      },
      "id": "node/7684811385"
    },
    {
      "type": "Feature",
      "properties": {
        "@id": "node/7704371885",
        "amenity": "restaurant",
        "name": "818 串串"
      },
      "geometry": {
        "type": "Point",
        "coordinates": [
          100.4736424,
          5.3526372
        ]
      },
      "id": "node/7704371885"
    },
    {
      "type": "Feature",
      "properties": {
        "@id": "node/7708995386",
        "amenity": "restaurant",
        "cuisine": "italian;italian_pizza",
        "internet_access": "wlan",
        "name": "Gustoso",
        "name:en": "Gustoso",
        "name:ms": "Gustoso"
      },
      "geometry": {
        "type": "Point",
        "coordinates": [
          100.2462878,
          5.4727556
        ]
      },
      "id": "node/7708995386"
    },
    {
      "type": "Feature",
      "properties": {
        "@id": "node/7708995485",
        "amenity": "restaurant",
        "cuisine": "asian",
        "name": "Cinnamon",
        "name:en": "Cinnamon",
        "name:ms": "Cinnamon"
      },
      "geometry": {
        "type": "Point",
        "coordinates": [
          100.2455879,
          5.4720495
        ]
      },
      "id": "node/7708995485"
    },
    {
      "type": "Feature",
      "properties": {
        "@id": "node/7728624328",
        "amenity": "restaurant",
        "cuisine": "chinese;pan_mee",
        "name": "I Mum Mum noodle library",
        "source": "https://www.mapillary.com/app/?pKey=yfj23JrYU52C2MRLn5UszQ&focus=photo"
      },
      "geometry": {
        "type": "Point",
        "coordinates": [
          100.4766056,
          5.3190911
        ]
      },
      "id": "node/7728624328"
    },
    {
      "type": "Feature",
      "properties": {
        "@id": "node/7728909493",
        "amenity": "restaurant",
        "cuisine": "chinese",
        "name": "Restoran Gamelan 99",
        "source": "https://openstreetcam.org/details/2707086/415"
      },
      "geometry": {
        "type": "Point",
        "coordinates": [
          100.4931537,
          5.2309959
        ]
      },
      "id": "node/7728909493"
    },
    {
      "type": "Feature",
      "properties": {
        "@id": "node/7728909593",
        "addr:city": "Bukit Mertajam",
        "addr:housenumber": "3334",
        "addr:postcode": "14000",
        "addr:street": "Jalan Perniagaan",
        "amenity": "restaurant",
        "cuisine": "nasi_kandar",
        "diet:halal": "yes",
        "name": "Restoran Nasi Kancah Mamu",
        "source": "https://www.mapillary.com/app/?pKey=V1xmWjKJDAbJ5G531Fe6on&focus=photo"
      },
      "geometry": {
        "type": "Point",
        "coordinates": [
          100.4813821,
          5.3338003
        ]
      },
      "id": "node/7728909593"
    },
    {
      "type": "Feature",
      "properties": {
        "@id": "node/7735071671",
        "addr:housenumber": "S22",
        "amenity": "restaurant",
        "level": "2",
        "name": "XiXiang Kaya Kopitiam",
        "name:zh": "系香叙聚堂"
      },
      "geometry": {
        "type": "Point",
        "coordinates": [
          100.4777965,
          5.3207941
        ]
      },
      "id": "node/7735071671"
    },
    {
      "type": "Feature",
      "properties": {
        "@id": "node/7735071672",
        "addr:housenumber": "S21",
        "amenity": "restaurant",
        "cuisine": "sushi",
        "level": "2",
        "name": "Sushi King"
      },
      "geometry": {
        "type": "Point",
        "coordinates": [
          100.4777514,
          5.3207236
        ]
      },
      "id": "node/7735071672"
    },
    {
      "type": "Feature",
      "properties": {
        "@id": "node/7735071677",
        "addr:housenumber": "S06",
        "amenity": "restaurant",
        "level": "2"
      },
      "geometry": {
        "type": "Point",
        "coordinates": [
          100.4779116,
          5.320009
        ]
      },
      "id": "node/7735071677"
    },
    {
      "type": "Feature",
      "properties": {
        "@id": "node/7735071678",
        "addr:housenumber": "S05",
        "amenity": "restaurant",
        "cuisine": "korean",
        "level": "2",
        "name": "Che Go",
        "name:zh": "韩食家"
      },
      "geometry": {
        "type": "Point",
        "coordinates": [
          100.4780084,
          5.3200037
        ]
      },
      "id": "node/7735071678"
    },
    {
      "type": "Feature",
      "properties": {
        "@id": "node/7735071681",
        "addr:housenumber": "S07",
        "amenity": "restaurant",
        "cuisine": "ramen",
        "level": "2",
        "name": "Ichiban Ramen"
      },
      "geometry": {
        "type": "Point",
        "coordinates": [
          100.4780393,
          5.3200948
        ]
      },
      "id": "node/7735071681"
    },
    {
      "type": "Feature",
      "properties": {
        "@id": "node/7737756029",
        "addr:housenumber": "G05;G05A",
        "amenity": "restaurant",
        "branch": "AEON Mall Alma",
        "level": "0",
        "name": "Winter Warmers",
        "website": "https://winterwarmers.my/contact.php"
      },
      "geometry": {
        "type": "Point",
        "coordinates": [
          100.4779514,
          5.3201129
        ]
      },
      "id": "node/7737756029"
    },
    {
      "type": "Feature",
      "properties": {
        "@id": "node/7737756033",
        "addr:housenumber": "G09",
        "amenity": "restaurant",
        "level": "0",
        "name": "Kenny Rogers Roasters"
      },
      "geometry": {
        "type": "Point",
        "coordinates": [
          100.4780393,
          5.3202856
        ]
      },
      "id": "node/7737756033"
    },
    {
      "type": "Feature",
      "properties": {
        "@id": "node/7737756035",
        "addr:housenumber": "G11",
        "amenity": "restaurant",
        "brand": "Nando's",
        "brand:wikidata": "Q3472954",
        "brand:wikipedia": "en:Nando's",
        "cuisine": "chicken;portuguese",
        "level": "0",
        "name": "Nando's"
      },
      "geometry": {
        "type": "Point",
        "coordinates": [
          100.4780939,
          5.3200998
        ]
      },
      "id": "node/7737756035"
    },
    {
      "type": "Feature",
      "properties": {
        "@id": "node/7737756039",
        "addr:housenumber": "G16",
        "amenity": "restaurant",
        "cuisine": "sushi",
        "level": "0",
        "name": "Empire Sushi"
      },
      "geometry": {
        "type": "Point",
        "coordinates": [
          100.4782039,
          5.3200779
        ]
      },
      "id": "node/7737756039"
    },
    {
      "type": "Feature",
      "properties": {
        "@id": "node/7764110485",
        "amenity": "restaurant",
        "name": "Pak Mid"
      },
      "geometry": {
        "type": "Point",
        "coordinates": [
          100.2164858,
          5.3330442
        ]
      },
      "id": "node/7764110485"
    },
    {
      "type": "Feature",
      "properties": {
        "@id": "node/7771712797",
        "amenity": "restaurant",
        "name": "Kak Ani Mee Udang",
        "name:ms": "Kak Ani Mee Udang"
      },
      "geometry": {
        "type": "Point",
        "coordinates": [
          100.1965066,
          5.3390169
        ]
      },
      "id": "node/7771712797"
    },
    {
      "type": "Feature",
      "properties": {
        "@id": "node/7780008685",
        "amenity": "restaurant",
        "name": "Kim Kim Restaurant",
        "name:en": "Kim Kim (Balik Pulau)"
      },
      "geometry": {
        "type": "Point",
        "coordinates": [
          100.2273171,
          5.3429111
        ]
      },
      "id": "node/7780008685"
    },
    {
      "type": "Feature",
      "properties": {
        "@id": "node/7781900166",
        "addr:city": "Kepala Batas",
        "addr:housenumber": "1421",
        "addr:postcode": "13200",
        "addr:street": "Guar Kepah",
        "amenity": "restaurant",
        "cuisine": "Durian",
        "name": "Durian Wenny Kg. Guar Kepah",
        "opening_hours": "Mo-Su 10:00-23:00",
        "phone": "60183694529"
      },
      "geometry": {
        "type": "Point",
        "coordinates": [
          100.4200565,
          5.5587182
        ]
      },
      "id": "node/7781900166"
    },
    {
      "type": "Feature",
      "properties": {
        "@id": "node/7795201285",
        "addr:housenumber": "2680",
        "addr:postcode": "13600",
        "addr:street": "Jalan Chain Ferry",
        "amenity": "restaurant",
        "cuisine": "indian",
        "email": "madampriyashoc@gmail.com",
        "name": "Madam Priya's House of Curries",
        "opening_hours": "Mo-Su 11:00-22:30",
        "phone": "+60 4-398 0805"
      },
      "geometry": {
        "type": "Point",
        "coordinates": [
          100.3881692,
          5.3880871
        ]
      },
      "id": "node/7795201285"
    },
    {
      "type": "Feature",
      "properties": {
        "@id": "node/7798432985",
        "amenity": "restaurant",
        "name": "Akmal Curry"
      },
      "geometry": {
        "type": "Point",
        "coordinates": [
          100.2096374,
          5.3930645
        ]
      },
      "id": "node/7798432985"
    },
    {
      "type": "Feature",
      "properties": {
        "@id": "node/7816962085",
        "amenity": "restaurant",
        "name": "Warung Bendang"
      },
      "geometry": {
        "type": "Point",
        "coordinates": [
          100.2097407,
          5.3346903
        ]
      },
      "id": "node/7816962085"
    },
    {
      "type": "Feature",
      "properties": {
        "@id": "node/7824891785",
        "amenity": "restaurant",
        "name": "Maksu Ayam Penyet"
      },
      "geometry": {
        "type": "Point",
        "coordinates": [
          100.2079697,
          5.3425771
        ]
      },
      "id": "node/7824891785"
    },
    {
      "type": "Feature",
      "properties": {
        "@id": "node/7824947085",
        "amenity": "restaurant",
        "name": "Warung Mee",
        "name:en": "Warung Mee Mydin"
      },
      "geometry": {
        "type": "Point",
        "coordinates": [
          100.2073534,
          5.3390824
        ]
      },
      "id": "node/7824947085"
    },
    {
      "type": "Feature",
      "properties": {
        "@id": "node/7831235085",
        "amenity": "restaurant",
        "name": "Kedai Potok",
        "name:en": "Kedai Pokok Pelam sg Burung"
      },
      "geometry": {
        "type": "Point",
        "coordinates": [
          100.206903,
          5.3365758
        ]
      },
      "id": "node/7831235085"
    },
    {
      "type": "Feature",
      "properties": {
        "@id": "node/7862000785",
        "addr:housenumber": "46",
        "addr:postcode": "13400",
        "addr:street": "Lorong Teras Jaya 9",
        "amenity": "restaurant",
        "name": "Hsin Kwang Tung Restaurant",
        "opening_hours": "Tu-Su 11:00-15:00, 18:00-21:30",
        "phone": "+60 4-313 3893"
      },
      "geometry": {
        "type": "Point",
        "coordinates": [
          100.3888988,
          5.4338718
        ]
      },
      "id": "node/7862000785"
    },
    {
      "type": "Feature",
      "properties": {
        "@id": "node/7883026085",
        "amenity": "restaurant",
        "name": "Yeh Lin",
        "name:en": "Yeh Lin Restaurant"
      },
      "geometry": {
        "type": "Point",
        "coordinates": [
          100.2212438,
          5.3647488
        ]
      },
      "id": "node/7883026085"
    },
    {
      "type": "Feature",
      "properties": {
        "@id": "node/7883026086",
        "amenity": "restaurant",
        "name": "Yeh Lin Restaurant"
      },
      "geometry": {
        "type": "Point",
        "coordinates": [
          100.2221684,
          5.3640193
        ]
      },
      "id": "node/7883026086"
    },
    {
      "type": "Feature",
      "properties": {
        "@id": "node/7907502086",
        "amenity": "restaurant",
        "name": "Kedai Kopi",
        "name:en": "Kedai Kopi Hup Huat 90"
      },
      "geometry": {
        "type": "Point",
        "coordinates": [
          100.1987848,
          5.3537128
        ]
      },
      "id": "node/7907502086"
    },
    {
      "type": "Feature",
      "properties": {
        "@id": "node/7911623886",
        "amenity": "restaurant",
        "name": "Gerai Roti Canai",
        "name:en": "Gerai Roti Canai Abah"
      },
      "geometry": {
        "type": "Point",
        "coordinates": [
          100.2144001,
          5.3776175
        ]
      },
      "id": "node/7911623886"
    },
    {
      "type": "Feature",
      "properties": {
        "@id": "node/7975513585",
        "amenity": "restaurant",
        "name": "Wong Durian House"
      },
      "geometry": {
        "type": "Point",
        "coordinates": [
          100.2142132,
          5.4006832
        ]
      },
      "id": "node/7975513585"
    },
    {
      "type": "Feature",
      "properties": {
        "@id": "node/8058100085",
        "amenity": "restaurant",
        "name": "Pak Wan Kari Sembilang Kuala Jalan Bharu",
        "name:ms": "Pak Wan Kari Sembilang Kuala Jalan Bharu"
      },
      "geometry": {
        "type": "Point",
        "coordinates": [
          100.1959003,
          5.3535438
        ]
      },
      "id": "node/8058100085"
    },
    {
      "type": "Feature",
      "properties": {
        "@id": "node/8067582185",
        "amenity": "restaurant",
        "name": "Anaqi Cafe"
      },
      "geometry": {
        "type": "Point",
        "coordinates": [
          100.2307483,
          5.3465857
        ]
      },
      "id": "node/8067582185"
    },
    {
      "type": "Feature",
      "properties": {
        "@id": "node/8124291097",
        "amenity": "restaurant",
        "cuisine": "sushi",
        "name": "Azuma Sushi",
        "source": "https://openstreetcam.org/details/2310846/3812"
      },
      "geometry": {
        "type": "Point",
        "coordinates": [
          100.281009,
          5.3255399
        ]
      },
      "id": "node/8124291097"
    },
    {
      "type": "Feature",
      "properties": {
        "@id": "node/8124291099",
        "amenity": "restaurant",
        "cuisine": "japanese",
        "name": "鹤屋",
        "source": "https://openstreetcam.org/details/2310846/3821"
      },
      "geometry": {
        "type": "Point",
        "coordinates": [
          100.2800459,
          5.3257571
        ]
      },
      "id": "node/8124291099"
    },
    {
      "type": "Feature",
      "properties": {
        "@id": "node/8258291697",
        "addr:city": "Bukit Mertajam",
        "addr:housenumber": "47",
        "addr:postcode": "14000",
        "addr:street": "Jalan Icon City",
        "amenity": "restaurant",
        "cuisine": "korean",
        "name": "Daorae Korean BBQ",
        "source": "https://openstreetcam.org/details/2319082/1960"
      },
      "geometry": {
        "type": "Point",
        "coordinates": [
          100.4335764,
          5.3434094
        ]
      },
      "id": "node/8258291697"
    },
    {
      "type": "Feature",
      "properties": {
        "@id": "node/8258291698",
        "addr:city": "Bukit Mertajam",
        "addr:housenumber": "40",
        "addr:postcode": "14000",
        "addr:street": "Jalan Icon City",
        "amenity": "restaurant",
        "cuisine": "chinese;steamboat;chongqing",
        "name": "家乡重庆火锅馆",
        "name:en": "Gia Xiang Steamboat",
        "operator": "Gia Xiang Restaurant (BM) Sdn Bhd",
        "source": "https://openstreetcam.org/details/2310914/2174"
      },
      "geometry": {
        "type": "Point",
        "coordinates": [
          100.4337841,
          5.3430849
        ]
      },
      "id": "node/8258291698"
    },
    {
      "type": "Feature",
      "properties": {
        "@id": "node/8259381917",
        "amenity": "restaurant",
        "name": "338 Cafe",
        "name:en": "338 Cafe"
      },
      "geometry": {
        "type": "Point",
        "coordinates": [
          100.2389207,
          5.3550285
        ]
      },
      "id": "node/8259381917"
    },
    {
      "type": "Feature",
      "properties": {
        "@id": "node/8259383617",
        "amenity": "restaurant",
        "name": "Bukit Penara",
        "name:ms": "Bukit Penara"
      },
      "geometry": {
        "type": "Point",
        "coordinates": [
          100.2387686,
          5.3545994
        ]
      },
      "id": "node/8259383617"
    },
    {
      "type": "Feature",
      "properties": {
        "@id": "node/8262433871",
        "amenity": "restaurant",
        "cuisine": "sushi",
        "name": "Sushi Ya",
        "source": "https://www.mapillary.com/app/?pKey=CUGjhUrSRi4NympkjrGrHa&focus=photo"
      },
      "geometry": {
        "type": "Point",
        "coordinates": [
          100.4394025,
          5.3511516
        ]
      },
      "id": "node/8262433871"
    },
    {
      "type": "Feature",
      "properties": {
        "@id": "node/8491845050",
        "addr:city": "Nibong Tebal",
        "addr:housenumber": "224",
        "addr:postcode": "14300",
        "addr:street": "taman ilmu",
        "amenity": "restaurant",
        "cuisine": "regional",
        "diet:halal": "yes",
        "name": "bihun sup utara daging secekak masjid putih",
        "opening_hours": "Mo-Su 10:00-22:00",
        "phone": "0196865479"
      },
      "geometry": {
        "type": "Point",
        "coordinates": [
          100.486923,
          5.1480489
        ]
      },
      "id": "node/8491845050"
    },
    {
      "type": "Feature",
      "properties": {
        "@id": "node/8512572823",
        "amenity": "restaurant",
        "name": "Mickey Thai Enterprise"
      },
      "geometry": {
        "type": "Point",
        "coordinates": [
          100.2995511,
          5.3954941
        ]
      },
      "id": "node/8512572823"
    },
    {
      "type": "Feature",
      "properties": {
        "@id": "node/8556770437",
        "addr:city": "Bayan Lepas",
        "addr:country": "MY",
        "addr:housenumber": "29-1-33",
        "addr:postcode": "11900",
        "addr:street": "Jalan Dato Ismail Hashim",
        "air_conditioning": "yes",
        "amenity": "restaurant",
        "cuisine": "pizza;italian;western;pasta;sandwich;dessert;fried_food;yogurt;ice_cream",
        "delivery": "yes",
        "internet_access": "wlan",
        "name": "Mame Pizza Cafe @ Golden Triangle",
        "name:ms": "Mame Pizza Cafe",
        "opening_hours": "Mo-Su 11:00-22:00",
        "phone": "+60103709466",
        "takeaway": "yes"
      },
      "geometry": {
        "type": "Point",
        "coordinates": [
          100.2764955,
          5.3306117
        ]
      },
      "id": "node/8556770437"
    },
    {
      "type": "Feature",
      "properties": {
        "@id": "node/8566266921",
        "addr:city": "Penang",
        "addr:housenumber": "294-G-4 & SA-4",
        "addr:postcode": "11500",
        "addr:street": "Jalan Thean Teik",
        "amenity": "restaurant",
        "cuisine": "chinese",
        "diet:meat": "yes",
        "diet:non-vegetarian": "yes",
        "diet:vegetarian": "yes",
        "name": "K Food Restaurant"
      },
      "geometry": {
        "type": "Point",
        "coordinates": [
          100.2864736,
          5.396046
        ]
      },
      "id": "node/8566266921"
    },
    {
      "type": "Feature",
      "properties": {
        "@id": "node/8629136819",
        "amenity": "restaurant",
        "name": "Hai Boey Seafood Restaurant",
        "name:en": "Hai Boey Seafood Restaurant"
      },
      "geometry": {
        "type": "Point",
        "coordinates": [
          100.2175089,
          5.2824564
        ]
      },
      "id": "node/8629136819"
    },
    {
      "type": "Feature",
      "properties": {
        "@id": "node/9065683786",
        "amenity": "restaurant",
        "cuisine": "chinese",
        "name": "CRC Restaurant",
        "name:en": "CRC Restaurant",
        "name:zh": "槟城中华体育会食堂",
        "name:zh-Hans": "槟城中华体育会食堂",
        "name:zh-Hant": "檳城中華體育會食堂",
        "short_name": "CRC食堂",
        "short_name:zh": "CRC食堂",
        "short_name:zh-Hans": "CRC食堂",
        "short_name:zh-Hant": "CRC食堂"
      },
      "geometry": {
        "type": "Point",
        "coordinates": [
          100.3184757,
          5.4240978
        ]
      },
      "id": "node/9065683786"
    },
    {
      "type": "Feature",
      "properties": {
        "@id": "node/9072897208",
        "amenity": "restaurant",
        "name": "Asia Cafe"
      },
      "geometry": {
        "type": "Point",
        "coordinates": [
          100.33834,
          5.4179868
        ]
      },
      "id": "node/9072897208"
    },
    {
      "type": "Feature",
      "properties": {
        "@id": "node/9093165630",
        "amenity": "restaurant",
        "cuisine": "korean",
        "name": "Kim's BBQ",
        "name:en": "Kim's BBQ"
      },
      "geometry": {
        "type": "Point",
        "coordinates": [
          100.3173445,
          5.39524
        ]
      },
      "id": "node/9093165630"
    },
    {
      "type": "Feature",
      "properties": {
        "@id": "node/9106562983",
        "amenity": "restaurant",
        "cuisine": "chinese",
        "name": "一品香肉骨茶",
        "name:zh": "一品香肉骨茶",
        "name:zh-Hans": "一品香肉骨茶",
        "name:zh-Hant": "一品香肉骨茶"
      },
      "geometry": {
        "type": "Point",
        "coordinates": [
          100.3195525,
          5.3971254
        ]
      },
      "id": "node/9106562983"
    },
    {
      "type": "Feature",
      "properties": {
        "@id": "node/9106680697",
        "amenity": "restaurant",
        "cuisine": "chinese",
        "name": "New Lane Beef Ball Soup",
        "name:en": "New Lane Beef Ball Soup"
      },
      "geometry": {
        "type": "Point",
        "coordinates": [
          100.3264512,
          5.4149535
        ]
      },
      "id": "node/9106680697"
    },
    {
      "type": "Feature",
      "properties": {
        "@id": "node/9106680716",
        "amenity": "restaurant",
        "cuisine": "coffee_shop;chinese",
        "name": "New Lane San Cafe",
        "name:en": "New Lane San Cafe"
      },
      "geometry": {
        "type": "Point",
        "coordinates": [
          100.326519,
          5.4146715
        ]
      },
      "id": "node/9106680716"
    },
    {
      "type": "Feature",
      "properties": {
        "@id": "node/9106692517",
        "amenity": "restaurant",
        "cuisine": "coffee_shop;chinese",
        "name": "Kedai Kopi Goh Chew",
        "name:en": "Goh Chew Coffee Shop",
        "name:ms": "Kedai Kopi Goh Chew"
      },
      "geometry": {
        "type": "Point",
        "coordinates": [
          100.3262513,
          5.414677
        ]
      },
      "id": "node/9106692517"
    },
    {
      "type": "Feature",
      "properties": {
        "@id": "node/9106692524",
        "amenity": "restaurant",
        "cuisine": "chinese",
        "name": "Hong Xiang Bak Kut Teh",
        "name:en": "Hong Xiang Bak Kut Teh",
        "name:ms": "Hong Xiang Bak Kut Teh"
      },
      "geometry": {
        "type": "Point",
        "coordinates": [
          100.3267104,
          5.4151787
        ]
      },
      "id": "node/9106692524"
    },
    {
      "type": "Feature",
      "properties": {
        "@id": "node/9106692662",
        "amenity": "restaurant",
        "cuisine": "chinese",
        "diet:chicken": "yes",
        "name": "Hill Park Roasted Chicken Rice",
        "name:en": "Hill Park Roasted Chicken Rice",
        "name:zh": "山城烧腊鸡饭",
        "name:zh-Hans": "山城烧腊鸡饭",
        "name:zh-Hant": "山城燒臘雞飯"
      },
      "geometry": {
        "type": "Point",
        "coordinates": [
          100.325842,
          5.4155913
        ]
      },
      "id": "node/9106692662"
    },
    {
      "type": "Feature",
      "properties": {
        "@id": "node/9106692663",
        "amenity": "restaurant",
        "cuisine": "coffee_shop;chinese",
        "name": "Ju Ke Kopitiam",
        "name:en": "Ju Ke Kopitiam",
        "name:ms": "Ju Ke Kopitiam",
        "name:zh": "聚客茶餐室",
        "name:zh-Hans": "聚客茶餐室",
        "name:zh-Hant": "聚客茶餐室"
      },
      "geometry": {
        "type": "Point",
        "coordinates": [
          100.325818,
          5.4156143
        ]
      },
      "id": "node/9106692663"
    },
    {
      "type": "Feature",
      "properties": {
        "@id": "node/9106692664",
        "amenity": "restaurant",
        "cuisine": "coffee_shop;chinese",
        "name": "Ying Her Kopitian",
        "name:en": "Ying Her Kopitian",
        "name:zh": "银河茶室",
        "name:zh-Hans": "银河茶室",
        "name:zh-Hant": "銀河茶室"
      },
      "geometry": {
        "type": "Point",
        "coordinates": [
          100.3259,
          5.4155358
        ]
      },
      "id": "node/9106692664"
    },
    {
      "type": "Feature",
      "properties": {
        "@id": "node/9107114723",
        "amenity": "restaurant",
        "name": "New Recipe Restaurant"
      },
      "geometry": {
        "type": "Point",
        "coordinates": [
          100.3155069,
          5.4128385
        ]
      },
      "id": "node/9107114723"
    },
    {
      "type": "Feature",
      "properties": {
        "@id": "node/9107114724",
        "amenity": "restaurant",
        "name": "Paal Sangam Cafe"
      },
      "geometry": {
        "type": "Point",
        "coordinates": [
          100.3153527,
          5.4128921
        ]
      },
      "id": "node/9107114724"
    },
    {
      "type": "Feature",
      "properties": {
        "@id": "node/9110072664",
        "amenity": "restaurant",
        "cuisine": "regional;coffee_shop;chinese;local",
        "name": "Yee Hai Kopitiam"
      },
      "geometry": {
        "type": "Point",
        "coordinates": [
          100.3157087,
          5.4037026
        ]
      },
      "id": "node/9110072664"
    },
    {
      "type": "Feature",
      "properties": {
        "@id": "node/9112371079",
        "amenity": "restaurant",
        "cuisine": "coffee_shop;chinese;regional;local",
        "name": "Jelutong Sunshine Kopitiam"
      },
      "geometry": {
        "type": "Point",
        "coordinates": [
          100.3144996,
          5.3939526
        ]
      },
      "id": "node/9112371079"
    },
    {
      "type": "Feature",
      "properties": {
        "@id": "node/9115985082",
        "addr:city": "Georgetown",
        "addr:housenumber": "4A",
        "addr:street": "Lorong Selamat",
        "amenity": "restaurant",
        "capacity": "50",
        "contact:facebook": "https://www.facebook.com/coyavegetariancuisine/",
        "diet:vegetarian": "yes",
        "name": "Coya Healthy Cuisine",
        "name:en": "Coya Healthy Cuisine",
        "name:zh": "古雅素食料理",
        "name:zh-Hans": "古雅素食料理",
        "name:zh-Hant": "古雅素食料理",
        "opening_hours": "11:00-15:00,17:30-22:00",
        "phone": "+60 4-226 2357;+60 17-261 2357",
        "smoking": "outside"
      },
      "geometry": {
        "type": "Point",
        "coordinates": [
          100.3260668,
          5.4191495
        ]
      },
      "id": "node/9115985082"
    },
    {
      "type": "Feature",
      "properties": {
        "@id": "node/9121526718",
        "amenity": "restaurant",
        "cuisine": "coffee_shop;local;chinese;regional",
        "name": "HK Cafe",
        "name:en": "HK Cafe",
        "name:zh": "丰记咖啡室",
        "name:zh-Hans": "丰记咖啡室",
        "name:zh-Hant": "豐記咖啡室"
      },
      "geometry": {
        "type": "Point",
        "coordinates": [
          100.312649,
          5.3897814
        ]
      },
      "id": "node/9121526718"
    },
    {
      "type": "Feature",
      "properties": {
        "@id": "node/9121526719",
        "amenity": "restaurant",
        "cuisine": "coffee_shop;local;chinese;regional",
        "name": "Seng Hin Gerai Minuman",
        "name:ms": "Seng Hin Gerai Minuman"
      },
      "geometry": {
        "type": "Point",
        "coordinates": [
          100.3127195,
          5.3897591
        ]
      },
      "id": "node/9121526719"
    },
    {
      "type": "Feature",
      "properties": {
        "@id": "node/9121526730",
        "amenity": "restaurant",
        "cuisine": "coffee_shop;local;chinese;regional",
        "name": "Kim Hee Cafe",
        "name:en": "Kim Hee Cafe",
        "name:zh": "金禧美食中心",
        "name:zh-Hans": "金禧美食中心",
        "name:zh-Hant": "金禧美食中心"
      },
      "geometry": {
        "type": "Point",
        "coordinates": [
          100.3120543,
          5.3896436
        ]
      },
      "id": "node/9121526730"
    },
    {
      "type": "Feature",
      "properties": {
        "@id": "node/9121526731",
        "amenity": "restaurant",
        "cuisine": "coffee_shop;local;chinese;regional",
        "name": "Kedai Makanan Seong Huat",
        "name:ms": "Kedai Makanan Seong Huat"
      },
      "geometry": {
        "type": "Point",
        "coordinates": [
          100.3121823,
          5.3900122
        ]
      },
      "id": "node/9121526731"
    },
    {
      "type": "Feature",
      "properties": {
        "@id": "node/9134072166",
        "amenity": "restaurant",
        "cuisine": "chinese;local;regional;coffee_shop",
        "name": "Sri Nibong Cafe"
      },
      "geometry": {
        "type": "Point",
        "coordinates": [
          100.2985469,
          5.3369354
        ]
      },
      "id": "node/9134072166"
    },
    {
      "type": "Feature",
      "properties": {
        "@id": "node/9134072167",
        "amenity": "restaurant",
        "cuisine": "chinese;local;regional;coffee_shop",
        "name": "Wo Lai Yeh Cafe"
      },
      "geometry": {
        "type": "Point",
        "coordinates": [
          100.2987604,
          5.3368404
        ]
      },
      "id": "node/9134072167"
    },
    {
      "type": "Feature",
      "properties": {
        "@id": "node/9134295349",
        "amenity": "restaurant",
        "cuisine": "chinese",
        "name": "Restoran Goh Teo Kee",
        "name:zh-Hant": "吳潮記菜館"
      },
      "geometry": {
        "type": "Point",
        "coordinates": [
          100.2984878,
          5.3364311
        ]
      },
      "id": "node/9134295349"
    },
    {
      "type": "Feature",
      "properties": {
        "@id": "node/9134431953",
        "amenity": "restaurant",
        "cuisine": "chinese;local;regional;coffee_shop",
        "name": "Bao Li Kopitiam",
        "name:zh-Hans": "宝利咖啡店"
      },
      "geometry": {
        "type": "Point",
        "coordinates": [
          100.3038446,
          5.3405674
        ]
      },
      "id": "node/9134431953"
    },
    {
      "type": "Feature",
      "properties": {
        "@id": "node/9134431955",
        "amenity": "restaurant",
        "cuisine": "chinese;local;regional;coffee_shop",
        "name": "Kedai Kopi Sin Saw Keat",
        "name:zh-Hant": "新蘇吉茶室"
      },
      "geometry": {
        "type": "Point",
        "coordinates": [
          100.3039863,
          5.340487
        ]
      },
      "id": "node/9134431955"
    },
    {
      "type": "Feature",
      "properties": {
        "@id": "node/9134431956",
        "amenity": "restaurant",
        "cuisine": "chinese;fish",
        "name": "輝記（招牌魚爐）大排檔",
        "name:ms": "Kedai Makanan Hoei Kee",
        "name:zh-Latn-pinyin": "Huī jì (zhāopái yú lú) dà páidàng"
      },
      "geometry": {
        "type": "Point",
        "coordinates": [
          100.3037005,
          5.3406492
        ]
      },
      "id": "node/9134431956"
    },
    {
      "type": "Feature",
      "properties": {
        "@id": "node/9134431961",
        "amenity": "restaurant",
        "cuisine": "chinese;local;regional;coffee_shop",
        "name": "Great Taste Cafe",
        "name:zh-Hant": "好味來飲食店"
      },
      "geometry": {
        "type": "Point",
        "coordinates": [
          100.3036058,
          5.3407029
        ]
      },
      "id": "node/9134431961"
    },
    {
      "type": "Feature",
      "properties": {
        "@id": "node/9139380386",
        "addr:city": "Gelugor",
        "addr:housenumber": "3-D",
        "addr:postcode": "11700",
        "addr:street": "Lorong Delima 1",
        "amenity": "restaurant",
        "cuisine": "pizza",
        "name": "US Pizza"
      },
      "geometry": {
        "type": "Point",
        "coordinates": [
          100.3040893,
          5.3857201
        ]
      },
      "id": "node/9139380386"
    },
    {
      "type": "Feature",
      "properties": {
        "@id": "node/9139380387",
        "amenity": "restaurant",
        "cuisine": "coffee_shop;local;regional;chinese",
        "name": "O & N Kopitiam"
      },
      "geometry": {
        "type": "Point",
        "coordinates": [
          100.3040195,
          5.3858579
        ]
      },
      "id": "node/9139380387"
    },
    {
      "type": "Feature",
      "properties": {
        "@id": "node/9139380388",
        "amenity": "restaurant",
        "cuisine": "coffee_shop;local;regional;chinese",
        "name": "Kafe Hing Long",
        "name:zh-Hant": "興隆飲食中心"
      },
      "geometry": {
        "type": "Point",
        "coordinates": [
          100.3039452,
          5.3860017
        ]
      },
      "id": "node/9139380388"
    },
    {
      "type": "Feature",
      "properties": {
        "@id": "node/9139409576",
        "amenity": "restaurant",
        "cuisine": "chinese;coffee_shop;local;regional",
        "name": "Ming Le 88 Cafe",
        "name:zh": "民乐咖啡室"
      },
      "geometry": {
        "type": "Point",
        "coordinates": [
          100.3015413,
          5.395119
        ]
      },
      "id": "node/9139409576"
    },
    {
      "type": "Feature",
      "properties": {
        "@id": "node/9139453383",
        "addr:postcode": "11700",
        "addr:street": "Lorong Delima 3",
        "amenity": "restaurant",
        "cuisine": "chinese;coffee_shop;local;regional",
        "name": "Genting Cafe",
        "name:ms": "Kedai Kopi Genting",
        "name:zh": "云顶餐室",
        "name:zh-Hant": "雲頂餐室",
        "opening_hours": "Mo-Tu, Th-Su 08:30-16:00",
        "reservation": "no",
        "self_service": "partially",
        "takeaway": "yes",
        "toilets": "yes",
        "website": "https://hawkerjason.blogspot.com/2011/10/genting-cafe-jalan-delima-penang.html?m=1",
        "wheelchair": "limited"
      },
      "geometry": {
        "type": "Point",
        "coordinates": [
          100.3039527,
          5.3829547
        ]
      },
      "id": "node/9139453383"
    },
    {
      "type": "Feature",
      "properties": {
        "@id": "node/9139453384",
        "amenity": "restaurant",
        "cuisine": "coffee_shop",
        "name": "Kedai Kopi Seng Hin",
        "name:zh": "成兴茶餐室",
        "name:zh-Hant": "成興茶餐室"
      },
      "geometry": {
        "type": "Point",
        "coordinates": [
          100.3040915,
          5.3823269
        ]
      },
      "id": "node/9139453384"
    },
    {
      "type": "Feature",
      "properties": {
        "@id": "node/9139453387",
        "amenity": "restaurant",
        "cuisine": "chinese;regional;duck;chicken;rice",
        "name": "Sin Nam Huat Roasted Chicken & Duck Rice",
        "name:zh": "新南发烧腊鸡鸭饭店",
        "name:zh-Hant": "新南發燒臘雞鴨飯店"
      },
      "geometry": {
        "type": "Point",
        "coordinates": [
          100.3041037,
          5.382273
        ]
      },
      "id": "node/9139453387"
    },
    {
      "type": "Feature",
      "properties": {
        "@id": "node/9139453390",
        "amenity": "restaurant",
        "cuisine": "coffee_shop;chinese;local;regional",
        "name": "Heng Lee Cafe",
        "name:ms": "Kafe Heng Lee",
        "name:zh": "兴利茶室",
        "name:zh-Hant": "興利茶室"
      },
      "geometry": {
        "type": "Point",
        "coordinates": [
          100.3040405,
          5.3825504
        ]
      },
      "id": "node/9139453390"
    },
    {
      "type": "Feature",
      "properties": {
        "@id": "node/9139453394",
        "amenity": "restaurant",
        "cuisine": "coffee_shop;chinese;local;regional",
        "name": "Kedai Kopi Dan Makanan Island Glades",
        "name:zh": "爱莲宝茶室",
        "name:zh-Hant": "愛蓮寶茶室"
      },
      "geometry": {
        "type": "Point",
        "coordinates": [
          100.3040017,
          5.3827211
        ]
      },
      "id": "node/9139453394"
    },
    {
      "type": "Feature",
      "properties": {
        "@id": "node/9139453396",
        "amenity": "restaurant",
        "cuisine": "coffee_shop;chinese;local;regional",
        "name": "Shuang Hee Cafe",
        "name:ms": "Kedai Kopi Heng Lee",
        "name:zh": "双囍茶室",
        "name:zh-Hant": "雙囍茶室"
      },
      "geometry": {
        "type": "Point",
        "coordinates": [
          100.3039762,
          5.3828328
        ]
      },
      "id": "node/9139453396"
    },
    {
      "type": "Feature",
      "properties": {
        "@id": "node/9139453399",
        "addr:city": "Gelugor",
        "addr:housenumber": "1N",
        "addr:postcode": "11700",
        "addr:street": "Lorong Delima 5",
        "amenity": "restaurant",
        "contact:facebook": "https://www.facebook.com/@mandarincafe001/?hr=1",
        "cuisine": "chinese;coffee_shop;local;regional",
        "delivery": "no",
        "name": "Mandarin Cafe",
        "name:ms": "Kafe Genting",
        "name:zh": "文华饮食中心",
        "name:zh-Hant": "文華飲食中心",
        "opening_hours": "Mo-Su 06:00-23:00",
        "outdoor_seating": "yes",
        "payment:cash": "yes",
        "payment:ewallet": "yes",
        "payment:nfc_mobile_payments": "yes",
        "phone": "04-657 3903",
        "reservation": "no",
        "takeaway": "yes",
        "toilets": "yes",
        "website": "https://www.facebook.com/@mandarincafe001/?hr=1",
        "website:menu": "https://www.facebook.com/@mandarincafe001/?hr=1",
        "wheelchair": "limited"
      },
      "geometry": {
        "type": "Point",
        "coordinates": [
          100.3042357,
          5.3829882
        ]
      },
      "id": "node/9139453399"
    },
    {
      "type": "Feature",
      "properties": {
        "@id": "node/9139453404",
        "amenity": "restaurant",
        "cuisine": "coffee_shop;chinese;local;regional",
        "name": "Mutiara Selera",
        "name:en": "Pearl Restaurant",
        "name:zh": "珍珠茶室",
        "name:zh-Hans": "珍珠茶室"
      },
      "geometry": {
        "type": "Point",
        "coordinates": [
          100.3044065,
          5.3821056
        ]
      },
      "id": "node/9139453404"
    },
    {
      "type": "Feature",
      "properties": {
        "@id": "node/9140921757",
        "amenity": "restaurant",
        "cuisine": "chinese;noodle;pan_mee",
        "name": "I Mum Mum Noodle Library",
        "name:en": "I Mum Mum Noodle Library"
      },
      "geometry": {
        "type": "Point",
        "coordinates": [
          100.3335377,
          5.4072644
        ]
      },
      "id": "node/9140921757"
    },
    {
      "type": "Feature",
      "properties": {
        "@id": "node/9140930837",
        "amenity": "restaurant",
        "cuisine": "local;regional;chinese;coffee_shop",
        "name": "Hans Food Centre",
        "name:ms": "Kedai Makanan Hans Food Centre",
        "name:zh-Hans": "汉食品中心"
      },
      "geometry": {
        "type": "Point",
        "coordinates": [
          100.3063357,
          5.3928629
        ]
      },
      "id": "node/9140930837"
    },
    {
      "type": "Feature",
      "properties": {
        "@id": "node/9143441147",
        "amenity": "restaurant",
        "cuisine": "local;regional;coffee_shop;chinese",
        "name": "Island Park Kopitiam",
        "name:zh": "爱莲园咖啡店",
        "name:zh-Hant": "愛蓮園咖啡店"
      },
      "geometry": {
        "type": "Point",
        "coordinates": [
          100.3004016,
          5.3913358
        ]
      },
      "id": "node/9143441147"
    },
    {
      "type": "Feature",
      "properties": {
        "@id": "node/9143441150",
        "amenity": "restaurant",
        "cuisine": "chinese",
        "name": "Restoran Gold Coast",
        "name:zh": "金海岸餐馆",
        "name:zh-Hans": "金海岸餐馆"
      },
      "geometry": {
        "type": "Point",
        "coordinates": [
          100.3009464,
          5.391258
        ]
      },
      "id": "node/9143441150"
    },
    {
      "type": "Feature",
      "properties": {
        "@id": "node/9147194886",
        "amenity": "restaurant",
        "cuisine": "chinese;local;regional;coffee_shop",
        "name": "Sin Yong Wah Coffee Shop",
        "name:ms": "Sin Yong Wah Coffee Shop",
        "name:zh": "新荣华饮食中心",
        "name:zh-Hans": "新荣华饮食中心",
        "name:zh-Hant": "新榮華飲食中心"
      },
      "geometry": {
        "type": "Point",
        "coordinates": [
          100.2774732,
          5.4013606
        ]
      },
      "id": "node/9147194886"
    },
    {
      "type": "Feature",
      "properties": {
        "@id": "node/9153590637",
        "amenity": "restaurant",
        "cuisine": "western;coffee;pasta;cake;pastry",
        "name": "Bumble Dee's @ 1938"
      },
      "geometry": {
        "type": "Point",
        "coordinates": [
          100.3069508,
          5.3620665
        ]
      },
      "id": "node/9153590637"
    },
    {
      "type": "Feature",
      "properties": {
        "@id": "node/9459869387",
        "amenity": "restaurant",
        "name": "Nasi Kandar Sajahan Ibrahim"
      },
      "geometry": {
        "type": "Point",
        "coordinates": [
          100.3126674,
          5.3886607
        ]
      },
      "id": "node/9459869387"
    },
    {
      "type": "Feature",
      "properties": {
        "@id": "node/9459869392",
        "amenity": "restaurant",
        "name": "Nasi Kandar Shah Maju"
      },
      "geometry": {
        "type": "Point",
        "coordinates": [
          100.312932,
          5.3882454
        ]
      },
      "id": "node/9459869392"
    },
    {
      "type": "Feature",
      "properties": {
        "@id": "node/9463614061",
        "amenity": "restaurant",
        "cuisine": "indian",
        "name": "Sri Ananda Bahwan",
        "name:ms": "Sri Ananda Bahwan"
      },
      "geometry": {
        "type": "Point",
        "coordinates": [
          100.3041126,
          5.4212695
        ]
      },
      "id": "node/9463614061"
    },
    {
      "type": "Feature",
      "properties": {
        "@id": "node/9469019385",
        "amenity": "restaurant",
        "cuisine": "chinese",
        "name": "Ah Ma Laksa",
        "name:zh": "啊嫲叻沙"
      },
      "geometry": {
        "type": "Point",
        "coordinates": [
          100.4727483,
          5.351644
        ]
      },
      "id": "node/9469019385"
    },
    {
      "type": "Feature",
      "properties": {
        "@id": "node/9469039021",
        "amenity": "restaurant",
        "cuisine": "chinese",
        "name": "888中泰火锅店"
      },
      "geometry": {
        "type": "Point",
        "coordinates": [
          100.5049685,
          5.3416036
        ]
      },
      "id": "node/9469039021"
    },
    {
      "type": "Feature",
      "properties": {
        "@id": "node/9470566816",
        "amenity": "restaurant",
        "cuisine": "chinese",
        "name": "Sky7Hutong",
        "name:zh": "7号胡同休闲馆"
      },
      "geometry": {
        "type": "Point",
        "coordinates": [
          100.4813101,
          5.3350519
        ]
      },
      "id": "node/9470566816"
    },
    {
      "type": "Feature",
      "properties": {
        "@id": "node/9470753279",
        "amenity": "restaurant",
        "branch": "Seberang Jaya",
        "name": "Uncle Don's",
        "source": "local knowledge"
      },
      "geometry": {
        "type": "Point",
        "coordinates": [
          100.3993206,
          5.3976086
        ]
      },
      "id": "node/9470753279"
    },
    {
      "type": "Feature",
      "properties": {
        "@id": "node/9470800418",
        "amenity": "restaurant",
        "brand": "Nando's",
        "brand:wikidata": "Q3472954",
        "brand:wikipedia": "en:Nando's",
        "cuisine": "chicken;portuguese",
        "level": "-1",
        "name": "Nando's"
      },
      "geometry": {
        "type": "Point",
        "coordinates": [
          100.3982137,
          5.3987775
        ]
      },
      "id": "node/9470800418"
    },
    {
      "type": "Feature",
      "properties": {
        "@id": "node/9472075245",
        "amenity": "restaurant",
        "cuisine": "japanese;sushi",
        "name": "Miyasaka",
        "name:ja": "宮坂"
      },
      "geometry": {
        "type": "Point",
        "coordinates": [
          100.3111567,
          5.4317465
        ]
      },
      "id": "node/9472075245"
    },
    {
      "type": "Feature",
      "properties": {
        "@id": "node/9472075255",
        "amenity": "restaurant",
        "cuisine": "chinese;local;regional",
        "name": "Restoran Hup Kee",
        "name:en": "Hup Kee Restaurant"
      },
      "geometry": {
        "type": "Point",
        "coordinates": [
          100.3106688,
          5.4325528
        ]
      },
      "id": "node/9472075255"
    },
    {
      "type": "Feature",
      "properties": {
        "@id": "node/9472075289",
        "amenity": "restaurant",
        "name": "Spade's Burger"
      },
      "geometry": {
        "type": "Point",
        "coordinates": [
          100.3114688,
          5.4321182
        ]
      },
      "id": "node/9472075289"
    },
    {
      "type": "Feature",
      "properties": {
        "@id": "node/9474376988",
        "amenity": "restaurant",
        "cuisine": "chinese",
        "name": "Restoran Hock Lian",
        "name:zh": "福联茶餐室"
      },
      "geometry": {
        "type": "Point",
        "coordinates": [
          100.5249485,
          5.5108762
        ]
      },
      "id": "node/9474376988"
    },
    {
      "type": "Feature",
      "properties": {
        "@id": "node/9480698260",
        "amenity": "restaurant",
        "cuisine": "chinese;pan_mee",
        "name": "I Mum Mum noodle library"
      },
      "geometry": {
        "type": "Point",
        "coordinates": [
          100.4390965,
          5.3513554
        ]
      },
      "id": "node/9480698260"
    },
    {
      "type": "Feature",
      "properties": {
        "@id": "node/9572703831",
        "amenity": "restaurant",
        "diet:halal": "yes",
        "name": "Lee Char Koay Teow",
        "name:en": "Lee Char Koay Teow"
      },
      "geometry": {
        "type": "Point",
        "coordinates": [
          100.4420719,
          5.367978
        ]
      },
      "id": "node/9572703831"
    },
    {
      "type": "Feature",
      "properties": {
        "@id": "node/9572707456",
        "addr:city": "Bayan Lepas",
        "addr:housenumber": "576",
        "addr:postcode": "11900",
        "addr:street": "Jalan Sultan Azlan Shah",
        "amenity": "restaurant",
        "cuisine": "chinese",
        "name": "Chia Yean Cafe",
        "name:zh": "佳园茶餐室"
      },
      "geometry": {
        "type": "Point",
        "coordinates": [
          100.3011652,
          5.3420514
        ]
      },
      "id": "node/9572707456"
    },
    {
      "type": "Feature",
      "properties": {
        "@id": "node/9572823085",
        "amenity": "restaurant",
        "brand": "Ippudo",
        "brand:en": "Ippudo",
        "brand:ja": "一風堂",
        "brand:wikidata": "Q6065417",
        "cuisine": "ramen",
        "name": "Ippudo",
        "name:en": "Ippudo",
        "name:ja": "一風堂"
      },
      "geometry": {
        "type": "Point",
        "coordinates": [
          100.3102107,
          5.4380117
        ]
      },
      "id": "node/9572823085"
    },
    {
      "type": "Feature",
      "properties": {
        "@id": "node/9572823088",
        "amenity": "restaurant",
        "branch": "Gurney Paragon",
        "brand": "Haidilao Hot Pot",
        "brand:en": "Haidilao Hot Pot",
        "brand:wikidata": "Q5638920",
        "brand:wikipedia": "zh:海底捞",
        "brand:zh": "海底捞火锅",
        "cuisine": "chinese;hot_pot",
        "level": "3",
        "level:ref": "L4",
        "name": "Haidilao Hot Pot",
        "name:en": "Haidilao Hot Pot",
        "name:zh": "海底捞火锅",
        "name:zh-Hans": "海底捞火锅",
        "name:zh-Hant": "海底撈火鍋"
      },
      "geometry": {
        "type": "Point",
        "coordinates": [
          100.3105704,
          5.4351017
        ]
      },
      "id": "node/9572823088"
    },
    {
      "type": "Feature",
      "properties": {
        "@id": "node/9637508716",
        "amenity": "restaurant",
        "branch": "Queensbay Mall",
        "brand": "Haidilao Hot Pot",
        "brand:en": "Haidilao Hot Pot",
        "brand:wikidata": "Q5638920",
        "brand:wikipedia": "zh:海底捞",
        "brand:zh": "海底捞火锅",
        "cuisine": "chinese;hot_pot",
        "level": "3",
        "name": "Haidilao Hot Pot",
        "name:en": "Haidilao Hot Pot",
        "name:zh": "海底捞火锅",
        "name:zh-Hans": "海底捞火锅",
        "name:zh-Hant": "海底撈火鍋"
      },
      "geometry": {
        "type": "Point",
        "coordinates": [
          100.3068763,
          5.3323591
        ]
      },
      "id": "node/9637508716"
    },
    {
      "type": "Feature",
      "properties": {
        "@id": "node/9680131959",
        "addr:city": "pulau pinang",
        "addr:housenumber": "18",
        "addr:postcode": "14000",
        "addr:street": "medan seri impian 3,pusat perniagaan seri impian",
        "amenity": "restaurant",
        "cuisine": "thai;mookata",
        "name": "Thai Sabai Mookata Restaurant",
        "opening_hours": "Tu-Su 18:00-24:00",
        "phone": "+601124370038"
      },
      "geometry": {
        "type": "Point",
        "coordinates": [
          100.4610558,
          5.3367512
        ]
      },
      "id": "node/9680131959"
    },
    {
      "type": "Feature",
      "properties": {
        "@id": "node/9717085528",
        "amenity": "restaurant",
        "name": "Nasi Kandar Astana"
      },
      "geometry": {
        "type": "Point",
        "coordinates": [
          100.2495133,
          5.2896551
        ]
      },
      "id": "node/9717085528"
    },
    {
      "type": "Feature",
      "properties": {
        "@id": "node/9717135787",
        "addr:housenumber": "223B",
        "addr:postcode": "10050",
        "addr:street": "Jalan Burma",
        "amenity": "restaurant",
        "name": "Duck Blood Curry Mee",
        "name:en": "Duck Blood Curry Mee",
        "opening_hours": "Fr-We 12:00-22:00",
        "phone": "+60124382149"
      },
      "geometry": {
        "type": "Point",
        "coordinates": [
          100.3209941,
          5.423757
        ]
      },
      "id": "node/9717135787"
    },
    {
      "type": "Feature",
      "properties": {
        "@id": "node/9717149565",
        "amenity": "restaurant",
        "cuisine": "thai",
        "name": "Chok Dee Thai",
        "name:en": "Chok Dee Thai"
      },
      "geometry": {
        "type": "Point",
        "coordinates": [
          100.3196525,
          5.4245155
        ]
      },
      "id": "node/9717149565"
    },
    {
      "type": "Feature",
      "properties": {
        "@id": "node/9717149572",
        "amenity": "restaurant",
        "cuisine": "taiwanese",
        "name": "Taiwan KoChaBi",
        "name:en": "Taiwan KoChaBi"
      },
      "geometry": {
        "type": "Point",
        "coordinates": [
          100.3202032,
          5.4241608
        ]
      },
      "id": "node/9717149572"
    },
    {
      "type": "Feature",
      "properties": {
        "@id": "node/9717149587",
        "amenity": "restaurant",
        "name": "Burma Food Paradise",
        "name:en": "Burma Food Paradise"
      },
      "geometry": {
        "type": "Point",
        "coordinates": [
          100.3212836,
          5.4235558
        ]
      },
      "id": "node/9717149587"
    },
    {
      "type": "Feature",
      "properties": {
        "@id": "node/9717186309",
        "amenity": "restaurant",
        "name": "Nasi Kandar Heritage"
      },
      "geometry": {
        "type": "Point",
        "coordinates": [
          100.2316342,
          5.2930476
        ]
      },
      "id": "node/9717186309"
    },
    {
      "type": "Feature",
      "properties": {
        "@id": "node/9719614622",
        "addr:city": "Seberang Jaya",
        "addr:housenumber": "40 (GF)",
        "addr:postcode": "13700",
        "addr:street": "Jalan Todak 4",
        "amenity": "restaurant",
        "branch": "Seberang Jaya",
        "cuisine": "chicken",
        "name": "Kedai Ayamas",
        "opening_hours": "Mo-Su 09:00-20:30",
        "takeaway": "yes",
        "website": "https://www.kedaiayamas.my/"
      },
      "geometry": {
        "type": "Point",
        "coordinates": [
          100.3994208,
          5.3982504
        ]
      },
      "id": "node/9719614622"
    },
    {
      "type": "Feature",
      "properties": {
        "@id": "node/9719622398",
        "addr:city": "Bukit Mertajam",
        "addr:housenumber": "3185-G",
        "addr:postcode": "14000",
        "addr:street": "Jalan Maju",
        "amenity": "restaurant",
        "cuisine": "western",
        "name": "Dchef Fusion Delight"
      },
      "geometry": {
        "type": "Point",
        "coordinates": [
          100.4710516,
          5.3520153
        ]
      },
      "id": "node/9719622398"
    },
    {
      "type": "Feature",
      "properties": {
        "@id": "node/9719622399",
        "addr:city": "Bukit Mertajam",
        "addr:housenumber": "3193-A",
        "addr:postcode": "14000",
        "addr:street": "Lorong Maju Utama 1",
        "amenity": "restaurant",
        "cuisine": "japanese",
        "name": "Shunka",
        "name:zh-Hans": "旬香日本料理",
        "opening_hours": "Mo-Su 11:30-21:30"
      },
      "geometry": {
        "type": "Point",
        "coordinates": [
          100.4716889,
          5.3521605
        ]
      },
      "id": "node/9719622399"
    },
    {
      "type": "Feature",
      "properties": {
        "@id": "node/9719700403",
        "amenity": "restaurant",
        "cuisine": "chinese;noodle",
        "name": "Kedai Kopi 009",
        "name:zh-Hans": "零零玖饮食中心"
      },
      "geometry": {
        "type": "Point",
        "coordinates": [
          100.4728805,
          5.352324
        ]
      },
      "id": "node/9719700403"
    },
    {
      "type": "Feature",
      "properties": {
        "@id": "node/9719724794",
        "addr:city": "Bukit Mertajam",
        "addr:housenumber": "5",
        "addr:postcode": "14000",
        "addr:street": "Lorong Maju Utama 2",
        "amenity": "restaurant",
        "cuisine": "pizza;chinese;korean;asian",
        "name": "MedLey Signature",
        "opening_hours": "Mo-Su 11:00-22:00"
      },
      "geometry": {
        "type": "Point",
        "coordinates": [
          100.4725797,
          5.351894
        ]
      },
      "id": "node/9719724794"
    },
    {
      "type": "Feature",
      "properties": {
        "@id": "node/9719725978",
        "addr:city": "Bukit Mertajam",
        "addr:housenumber": "2",
        "addr:postcode": "14000",
        "addr:street": "Lorong Kampung Baru 1",
        "amenity": "restaurant",
        "cuisine": "chinese;noodle",
        "name": "Restoran Nature Garden",
        "name:zh-Hans": "桃园饮食中心"
      },
      "geometry": {
        "type": "Point",
        "coordinates": [
          100.4730137,
          5.3522748
        ]
      },
      "id": "node/9719725978"
    },
    {
      "type": "Feature",
      "properties": {
        "@id": "node/9719736171",
        "amenity": "restaurant",
        "cuisine": "coffee_shop;chinese;noodle",
        "name": "Kaa Fei Cheng",
        "name:en": "Kaa Fei Cheng",
        "name:ms": "Kaa Fei Cheng",
        "name:zh": "哥伦咖啡店",
        "name:zh-Hans": "哥伦咖啡店",
        "name:zh-Hant": "哥倫布咖啡店"
      },
      "geometry": {
        "type": "Point",
        "coordinates": [
          100.4732416,
          5.3493406
        ]
      },
      "id": "node/9719736171"
    },
    {
      "type": "Feature",
      "properties": {
        "@id": "node/9719737037",
        "addr:city": "Bukit Mertajam",
        "addr:housenumber": "17",
        "addr:postcode": "14000",
        "addr:street": "Lorong Tampoi 8",
        "amenity": "restaurant",
        "cuisine": "coffee_shop;chinese;noodle",
        "name": "Restoran Peng Kee",
        "name:ms": "Restoran Peng Kee",
        "name:zh": "平记饮食中心",
        "name:zh-Hans": "平记饮食中心",
        "name:zh-Hant": "平記飲食中心"
      },
      "geometry": {
        "type": "Point",
        "coordinates": [
          100.4738958,
          5.3491763
        ]
      },
      "id": "node/9719737037"
    },
    {
      "type": "Feature",
      "properties": {
        "@id": "node/9719741175",
        "addr:city": "Bukit Mertajam",
        "addr:housenumber": "2826",
        "addr:postcode": "14000",
        "addr:street": "Jalan Kampung Baru",
        "amenity": "restaurant",
        "cuisine": "coffee_shop;chinese;noodle",
        "name": "RestoranWen Siang",
        "name:zh": "温香饮食中心"
      },
      "geometry": {
        "type": "Point",
        "coordinates": [
          100.4733129,
          5.3512234
        ]
      },
      "id": "node/9719741175"
    },
    {
      "type": "Feature",
      "properties": {
        "@id": "node/9719779548",
        "addr:city": "Bukit Mertajam",
        "addr:housenumber": "1665",
        "addr:postcode": "14000",
        "addr:street": "Jalan Kampung Baru",
        "amenity": "restaurant",
        "name": "Kedai Kopi Teik Heng",
        "name:zh": "德兴茶餐室"
      },
      "geometry": {
        "type": "Point",
        "coordinates": [
          100.4705316,
          5.3442318
        ]
      },
      "id": "node/9719779548"
    },
    {
      "type": "Feature",
      "properties": {
        "@id": "node/9719823230",
        "amenity": "restaurant",
        "cuisine": "chinese",
        "diet:halal": "yes",
        "name": "Pak Liew Chinese Muslim Restaurant"
      },
      "geometry": {
        "type": "Point",
        "coordinates": [
          100.4702634,
          5.3445133
        ]
      },
      "id": "node/9719823230"
    },
    {
      "type": "Feature",
      "properties": {
        "@id": "node/9719906233",
        "addr:city": "Bukit Mertajam",
        "addr:housenumber": "G-3349",
        "addr:postcode": "14000",
        "addr:street": "Jalan Rozhan",
        "amenity": "restaurant",
        "cuisine": "chinese",
        "name": "Restoran Park Mah",
        "name:zh": "北马海鲜饭店"
      },
      "geometry": {
        "type": "Point",
        "coordinates": [
          100.4837683,
          5.3369563
        ]
      },
      "id": "node/9719906233"
    },
    {
      "type": "Feature",
      "properties": {
        "@id": "node/9720855773",
        "amenity": "restaurant",
        "name": "Aun Cafe",
        "name:en": "Aun Cafe"
      },
      "geometry": {
        "type": "Point",
        "coordinates": [
          100.2764421,
          5.4017947
        ]
      },
      "id": "node/9720855773"
    },
    {
      "type": "Feature",
      "properties": {
        "@id": "node/9720856005",
        "amenity": "restaurant",
        "name": "Hee Lok Kopitiam",
        "name:en": "Hee Lok Kopitiam",
        "name:ms": "Hee Lok Kopitiam"
      },
      "geometry": {
        "type": "Point",
        "coordinates": [
          100.2779187,
          5.4000092
        ]
      },
      "id": "node/9720856005"
    },
    {
      "type": "Feature",
      "properties": {
        "@id": "node/9720856008",
        "amenity": "restaurant",
        "name": "Kopitiam Gu Chu",
        "name:en": "Kopitiam Gu Chu",
        "name:ms": "Kopitiam Gu Chu"
      },
      "geometry": {
        "type": "Point",
        "coordinates": [
          100.2782407,
          5.4002413
        ]
      },
      "id": "node/9720856008"
    },
    {
      "type": "Feature",
      "properties": {
        "@id": "node/9792653927",
        "amenity": "restaurant"
      },
      "geometry": {
        "type": "Point",
        "coordinates": [
          100.3395474,
          5.4130825
        ]
      },
      "id": "node/9792653927"
    },
    {
      "type": "Feature",
      "properties": {
        "@id": "node/9794841131",
        "amenity": "restaurant",
        "name": "G.E. Tan Property Consultants",
        "office": "consulting",
        "website": "https://www.getan.com.my/"
      },
      "geometry": {
        "type": "Point",
        "coordinates": [
          100.3122383,
          5.4301889
        ]
      },
      "id": "node/9794841131"
    },
    {
      "type": "Feature",
      "properties": {
        "@id": "node/9794841136",
        "amenity": "restaurant",
        "cuisine": "breakfast",
        "name": "Breakfast From The Barn"
      },
      "geometry": {
        "type": "Point",
        "coordinates": [
          100.3121378,
          5.4316483
        ]
      },
      "id": "node/9794841136"
    },
    {
      "type": "Feature",
      "properties": {
        "@id": "node/9794974989",
        "amenity": "restaurant",
        "name": "Nasi kandar Imigresen"
      },
      "geometry": {
        "type": "Point",
        "coordinates": [
          100.3383134,
          5.4179511
        ]
      },
      "id": "node/9794974989"
    },
    {
      "type": "Feature",
      "properties": {
        "@id": "node/9801582913",
        "amenity": "restaurant",
        "name": "Shin Boon Kee Rosted Chicken and Duck Rice"
      },
      "geometry": {
        "type": "Point",
        "coordinates": [
          100.3096585,
          5.4323186
        ]
      },
      "id": "node/9801582913"
    },
    {
      "type": "Feature",
      "properties": {
        "@id": "node/9801595052",
        "amenity": "restaurant",
        "name": "Nasi Kandar Astana"
      },
      "geometry": {
        "type": "Point",
        "coordinates": [
          100.3113848,
          5.4317852
        ]
      },
      "id": "node/9801595052"
    },
    {
      "type": "Feature",
      "properties": {
        "@id": "node/9801595056",
        "amenity": "restaurant",
        "cuisine": "indian",
        "name": "Sri Suriya Sdn. Bhd."
      },
      "geometry": {
        "type": "Point",
        "coordinates": [
          100.3115629,
          5.431678
        ]
      },
      "id": "node/9801595056"
    },
    {
      "type": "Feature",
      "properties": {
        "@id": "node/9817672891",
        "amenity": "restaurant",
        "cuisine": "chinese",
        "diet:vegetarian": "yes",
        "name": "Restoran Sayur-Sayuran Evergreen",
        "name:en": "Evergreen Vegetarian House"
      },
      "geometry": {
        "type": "Point",
        "coordinates": [
          100.3120837,
          5.4325575
        ]
      },
      "id": "node/9817672891"
    },
    {
      "type": "Feature",
      "properties": {
        "@id": "node/9817672892",
        "amenity": "restaurant",
        "cuisine": "noodle",
        "name": "7 Village Noodle House"
      },
      "geometry": {
        "type": "Point",
        "coordinates": [
          100.3118737,
          5.4321502
        ]
      },
      "id": "node/9817672892"
    },
    {
      "type": "Feature",
      "properties": {
        "@id": "node/9817672893",
        "amenity": "restaurant",
        "cuisine": "chinese",
        "name": "Sister Cook"
      },
      "geometry": {
        "type": "Point",
        "coordinates": [
          100.3119604,
          5.4323273
        ]
      },
      "id": "node/9817672893"
    },
    {
      "type": "Feature",
      "properties": {
        "@id": "node/9843832038",
        "amenity": "restaurant",
        "cuisine": "chinese;malaysian",
        "diet:seafood": "yes",
        "name": "Jio Ba Restaurant",
        "name:zh": "酒八海鲜煮炒"
      },
      "geometry": {
        "type": "Point",
        "coordinates": [
          100.3280584,
          5.4118319
        ]
      },
      "id": "node/9843832038"
    },
    {
      "type": "Feature",
      "properties": {
        "@id": "node/9843832039",
        "addr:city": "George Town",
        "addr:housenumber": "125",
        "addr:postcode": "10150",
        "addr:street": "Jalan Timah",
        "air_conditioning": "yes",
        "amenity": "restaurant",
        "bar": "yes",
        "contact:phone": "+60 12-428 9594",
        "cuisine": "fine_dining",
        "dress_code": "smart",
        "name": "Restaurant Au Jardin",
        "name:en": "Restaurant Au Jardin",
        "opening_hours": "Th-Su 11:30-14:30,17:00-22:00",
        "reservation": "recommended",
        "smoking": "no",
        "toilets": "yes",
        "website": "https://www.restaurant-aujardin.com/"
      },
      "geometry": {
        "type": "Point",
        "coordinates": [
          100.3275472,
          5.4119979
        ]
      },
      "id": "node/9843832039"
    },
    {
      "type": "Feature",
      "properties": {
        "@id": "node/9843832042",
        "amenity": "restaurant",
        "cuisine": "burger;pasta;grill",
        "name": "Rumah Kacha",
        "name:ms": "Rumah Kacha",
        "opening_hours": "Tu-Su 12:00-21:30",
        "phone": "+60 14-248 5334",
        "website": "https://www.instagram.com/rumahkacha/"
      },
      "geometry": {
        "type": "Point",
        "coordinates": [
          100.3277188,
          5.4120099
        ]
      },
      "id": "node/9843832042"
    },
    {
      "type": "Feature",
      "properties": {
        "@id": "node/9843832043",
        "amenity": "restaurant",
        "diet:seafood": "yes",
        "name": "How Shy",
        "name:zh-Hant": "好曬",
        "opening_hours": "Th,Fr 16:00-00:00; Sa,Su 11:30-00:00",
        "outdoor_seating": "yes",
        "website": "https://www.instagram.com/howshypg/"
      },
      "geometry": {
        "type": "Point",
        "coordinates": [
          100.3277865,
          5.4117972
        ]
      },
      "id": "node/9843832043"
    },
    {
      "type": "Feature",
      "properties": {
        "@id": "node/9843832044",
        "addr:housenumber": "59",
        "amenity": "restaurant",
        "cuisine": "taiwanese",
        "name": "Osmanthus Alley Restaurant"
      },
      "geometry": {
        "type": "Point",
        "coordinates": [
          100.3280709,
          5.4119538
        ]
      },
      "id": "node/9843832044"
    },
    {
      "type": "Feature",
      "properties": {
        "@id": "node/9848448654",
        "amenity": "restaurant",
        "name": "Boon Seng Cafe",
        "name:ms": "Kafe Boon Seng",
        "name:zh": "文成茶室"
      },
      "geometry": {
        "type": "Point",
        "coordinates": [
          100.3085366,
          5.4051089
        ]
      },
      "id": "node/9848448654"
    },
    {
      "type": "Feature",
      "properties": {
        "@id": "node/9848448664",
        "amenity": "restaurant",
        "name": "Meika Cafe",
        "name:zh": "美佳咖啡店"
      },
      "geometry": {
        "type": "Point",
        "coordinates": [
          100.3083928,
          5.4047859
        ]
      },
      "id": "node/9848448664"
    },
    {
      "type": "Feature",
      "properties": {
        "@id": "node/9848448668",
        "amenity": "restaurant",
        "diet:chicken": "yes",
        "level": "0",
        "name": "Fatty Fatty Chicken Rice Shop",
        "name:zh-Hans": "肥肥烧腊鸡鸭专卖店",
        "name:zh-Hant": "肥肥燒臘雞鴨專賣店"
      },
      "geometry": {
        "type": "Point",
        "coordinates": [
          100.3086399,
          5.4038482
        ]
      },
      "id": "node/9848448668"
    },
    {
      "type": "Feature",
      "properties": {
        "@id": "node/9848448669",
        "amenity": "restaurant",
        "level": "0",
        "name": "Kedai Kopi Pulau Pinang"
      },
      "geometry": {
        "type": "Point",
        "coordinates": [
          100.3086199,
          5.4039621
        ]
      },
      "id": "node/9848448669"
    },
    {
      "type": "Feature",
      "properties": {
        "@id": "node/9848448681",
        "amenity": "restaurant",
        "name": "Yee Hai Da Fei Char Hor Fun",
        "name:zh": "意海大肥炒河粉",
        "phone": "+60 16-444 4418"
      },
      "geometry": {
        "type": "Point",
        "coordinates": [
          100.3085927,
          5.4040204
        ]
      },
      "id": "node/9848448681"
    },
    {
      "type": "Feature",
      "properties": {
        "@id": "node/9848448764",
        "addr:street": "Jalan Terengganu",
        "amenity": "restaurant",
        "cuisine": "noodle",
        "name": "Terengganu Road Wan Than Mee"
      },
      "geometry": {
        "type": "Point",
        "coordinates": [
          100.308509,
          5.4056171
        ]
      },
      "id": "node/9848448764"
    },
    {
      "type": "Feature",
      "properties": {
        "@id": "node/9848448773",
        "amenity": "restaurant",
        "name": "Teoh's Chinese Seafood"
      },
      "geometry": {
        "type": "Point",
        "coordinates": [
          100.309234,
          5.406597
        ]
      },
      "id": "node/9848448773"
    },
    {
      "type": "Feature",
      "properties": {
        "@id": "node/9848448787",
        "amenity": "restaurant",
        "name": "Chiak Ong Bak Kut Teh",
        "name:zh": "食王肉骨茶"
      },
      "geometry": {
        "type": "Point",
        "coordinates": [
          100.3090479,
          5.4071225
        ]
      },
      "id": "node/9848448787"
    },
    {
      "type": "Feature",
      "properties": {
        "@id": "node/9848448942",
        "amenity": "restaurant",
        "name": "Ee Hai Coffee Shop & Restaurant"
      },
      "geometry": {
        "type": "Point",
        "coordinates": [
          100.311195,
          5.4025635
        ]
      },
      "id": "node/9848448942"
    },
    {
      "type": "Feature",
      "properties": {
        "@id": "node/9850964951",
        "addr:housenumber": "73",
        "addr:street": "Lorong Love",
        "amenity": "restaurant",
        "name": "Blacksheep",
        "name:en": "Blacksheep"
      },
      "geometry": {
        "type": "Point",
        "coordinates": [
          100.3364853,
          5.4186467
        ]
      },
      "id": "node/9850964951"
    },
    {
      "type": "Feature",
      "properties": {
        "@id": "node/9879462755",
        "amenity": "restaurant",
        "name": "Guan Guan Restaurant",
        "name:en": "Guan Guan Restaurant"
      },
      "geometry": {
        "type": "Point",
        "coordinates": [
          100.2454246,
          5.4707424
        ]
      },
      "id": "node/9879462755"
    },
    {
      "type": "Feature",
      "properties": {
        "@id": "node/9882485417",
        "amenity": "restaurant",
        "name": "3888 Fried Oyster",
        "name:en": "3888 Fried Oyster",
        "name:zh": "3888 蚝煎",
        "name:zh-Hans": "3888 蚝煎",
        "name:zh-Hant": "3888 蠔煎"
      },
      "geometry": {
        "type": "Point",
        "coordinates": [
          100.3306521,
          5.4111501
        ]
      },
      "id": "node/9882485417"
    },
    {
      "type": "Feature",
      "properties": {
        "@id": "node/9882485498",
        "addr:city": "George Town",
        "addr:housenumber": "68",
        "addr:postcode": "10300",
        "addr:street": "Lebuh Presgrave",
        "air_conditioning": "yes",
        "amenity": "restaurant",
        "cuisine": "modern_malaysian",
        "delivery": "yes",
        "email": "gen.penang@gmail.com",
        "name": "Communal Table by gēn 根",
        "opening_hours": "We-Su 14:00-23:00",
        "phone": "+60 12-5783 323",
        "reservation": "recommended",
        "takeaway": "yes",
        "website": "https://www.gencommunaltable.com/"
      },
      "geometry": {
        "type": "Point",
        "coordinates": [
          100.3304078,
          5.4109968
        ]
      },
      "id": "node/9882485498"
    },
    {
      "type": "Feature",
      "properties": {
        "@id": "node/9882830329",
        "addr:city": "George Town",
        "addr:housenumber": "2G",
        "addr:postcode": "10300",
        "addr:street": "Jalan Gurdwara",
        "amenity": "restaurant",
        "contact:facebook": "kirinjapanese",
        "cuisine": "sushi;japanese",
        "internet_access": "wlan",
        "name": "Kyrin Sushi",
        "opening_hours": "Mo-Fr 11:30-14:15,18:00-22:00; Sa,Su 11:30-22:00",
        "phone": "04-226 3315",
        "website:menu": "https://m.facebook.com/kirinjapanese/"
      },
      "geometry": {
        "type": "Point",
        "coordinates": [
          100.3286046,
          5.4137636
        ]
      },
      "id": "node/9882830329"
    },
    {
      "type": "Feature",
      "properties": {
        "@id": "node/9882830337",
        "amenity": "restaurant",
        "cuisine": "malaysian;local",
        "name": "Kassim Nasi Kandar"
      },
      "geometry": {
        "type": "Point",
        "coordinates": [
          100.3291622,
          5.4136678
        ]
      },
      "id": "node/9882830337"
    },
    {
      "type": "Feature",
      "properties": {
        "@id": "node/9887818559",
        "addr:city": "George Town",
        "addr:housename": "People's Court",
        "addr:postcode": "10100",
        "addr:street": "Lebuh Cintra",
        "addr:unit": "C6",
        "amenity": "restaurant",
        "cuisine": "chinese;cantonese",
        "level": "0",
        "name": "Boey Chong Kee",
        "name:en": "Boey Chong Kee",
        "name:zh": "梅忠记",
        "name:zh-Hans": "梅忠记",
        "name:zh-Hant": "梅忠記",
        "opening_hours": "Mo-Fr 17:00-21:00"
      },
      "geometry": {
        "type": "Point",
        "coordinates": [
          100.333906,
          5.4173044
        ]
      },
      "id": "node/9887818559"
    },
    {
      "type": "Feature",
      "properties": {
        "@id": "node/9891411301",
        "amenity": "restaurant",
        "name": "Laksa Bintang"
      },
      "geometry": {
        "type": "Point",
        "coordinates": [
          100.3291044,
          5.4126052
        ]
      },
      "id": "node/9891411301"
    },
    {
      "type": "Feature",
      "properties": {
        "@id": "node/9893464298",
        "amenity": "restaurant",
        "name": "Tiger Char Koay Teow",
        "name:en": "Tiger Char Koay Teow",
        "name:zh": "老虎炒果条",
        "name:zh-Hans": "老虎炒果条",
        "name:zh-Hant": "老虎炒果條"
      },
      "geometry": {
        "type": "Point",
        "coordinates": [
          100.3341294,
          5.4145804
        ]
      },
      "id": "node/9893464298"
    },
    {
      "type": "Feature",
      "properties": {
        "@id": "node/9897456229",
        "amenity": "restaurant",
        "cuisine": "thai;barbecue",
        "name": "Siam Lóh",
        "name:zh": "小泰锅"
      },
      "geometry": {
        "type": "Point",
        "coordinates": [
          100.3127532,
          5.3865616
        ]
      },
      "id": "node/9897456229"
    },
    {
      "type": "Feature",
      "properties": {
        "@id": "node/9901867661",
        "amenity": "restaurant",
        "name": "Uncle Lim's Recipe"
      },
      "geometry": {
        "type": "Point",
        "coordinates": [
          100.2810163,
          5.2881302
        ]
      },
      "id": "node/9901867661"
    },
    {
      "type": "Feature",
      "properties": {
        "@id": "node/9901867662",
        "addr:city": "Batu Maung",
        "addr:housenumber": "12",
        "addr:postcode": "11960",
        "addr:street": "Lintang Batu Maung 4",
        "air_conditioning": "yes",
        "amenity": "restaurant",
        "diet:halal": "yes",
        "name": "garamgula",
        "opening_hours": "Mo-Su 11:00-23:00"
      },
      "geometry": {
        "type": "Point",
        "coordinates": [
          100.2809597,
          5.2880403
        ]
      },
      "id": "node/9901867662"
    },
    {
      "type": "Feature",
      "properties": {
        "@id": "node/9905676156",
        "addr:city": "Bayan Lepas",
        "addr:housenumber": "29-1-26",
        "addr:place": "The Golden Triangle",
        "addr:postcode": "11900",
        "addr:street": "Jalan Paya Terubong",
        "air_conditioning": "yes",
        "amenity": "restaurant",
        "changing_table": "no",
        "changing_table:fee": "no",
        "cuisine": "japanese",
        "internet_access": "wlan",
        "internet_access:fee": "no",
        "internet_access:password": "Harajuku9889",
        "internet_access:ssid": "Harajuku;Harajuku-5GHz",
        "level": "0",
        "mobile": "+60 1155826003",
        "name": "Harujuku Japanese Restaurant",
        "opening_hours": "Mo-Su 11:00-22:00",
        "outdoor_seating": "no",
        "smoking": "no",
        "takeaway": "yes",
        "toilets": "yes",
        "wheelchair": "limited"
      },
      "geometry": {
        "type": "Point",
        "coordinates": [
          100.2764609,
          5.330897
        ]
      },
      "id": "node/9905676156"
    },
    {
      "type": "Feature",
      "properties": {
        "@id": "node/9906840312",
        "addr:city": "Batu Maung",
        "addr:housenumber": "1",
        "addr:postcode": "11960",
        "addr:street": "Lintang Batu Maung",
        "air_conditioning": "no",
        "amenity": "restaurant",
        "changing_table:fee": "no",
        "cuisine": "chicken;chinese",
        "diet:chicken": "yes",
        "level": "0",
        "name": "Lam Huat Roasted Chicken Rice",
        "name:zh": "南發烧腊鸡饭",
        "opening_hours": "Mo-Su 07:00-15:00",
        "phone": "+6012 425 9815",
        "takeaway": "yes",
        "wheelchair": "yes"
      },
      "geometry": {
        "type": "Point",
        "coordinates": [
          100.2806146,
          5.2865167
        ]
      },
      "id": "node/9906840312"
    },
    {
      "type": "Feature",
      "properties": {
        "@id": "node/9907432728",
        "air_conditioning": "yes",
        "amenity": "restaurant",
        "cuisine": "chinese;malaysian;noodle",
        "level": "0",
        "name": "I Mum Mum",
        "opening_hours": "Mo-Su 10:00-22:00",
        "takeaway": "yes",
        "wheelchair": "limited"
      },
      "geometry": {
        "type": "Point",
        "coordinates": [
          100.2760325,
          5.3324888
        ]
      },
      "id": "node/9907432728"
    },
    {
      "type": "Feature",
      "properties": {
        "@id": "node/9909485598",
        "amenity": "restaurant",
        "cuisine": "chinese;seafood",
        "level": "0",
        "name": "Chia Seafood",
        "outdoor_seating": "yes",
        "takeaway": "yes",
        "wheelchair": "limited"
      },
      "geometry": {
        "type": "Point",
        "coordinates": [
          100.2887761,
          5.2844448
        ]
      },
      "id": "node/9909485598"
    },
    {
      "type": "Feature",
      "properties": {
        "@id": "node/9909497250",
        "amenity": "restaurant",
        "brand": "Pizza Hut",
        "brand:wikidata": "Q191615",
        "cuisine": "pizza",
        "name": "Pizza Hut",
        "takeaway": "yes",
        "wheelchair": "yes"
      },
      "geometry": {
        "type": "Point",
        "coordinates": [
          100.2841946,
          5.3210494
        ]
      },
      "id": "node/9909497250"
    },
    {
      "type": "Feature",
      "properties": {
        "@id": "node/9909500183",
        "amenity": "restaurant",
        "changing_table:fee": "no",
        "cuisine": "korean",
        "level": "1",
        "name": "HANMALU",
        "takeaway": "yes",
        "toilets": "yes",
        "toilets:access": "customers",
        "toilets:wheelchair": "no",
        "wheelchair": "limited"
      },
      "geometry": {
        "type": "Point",
        "coordinates": [
          100.3079993,
          5.4570226
        ]
      },
      "id": "node/9909500183"
    },
    {
      "type": "Feature",
      "properties": {
        "@id": "node/9911441638",
        "amenity": "restaurant",
        "cuisine": "malaysian;chicken",
        "level": "0",
        "name": "Nasi Kandar Ayam Bawang",
        "opening_hours": "Mo-Sa 10:30-14:30",
        "outdoor_seating": "yes",
        "takeaway": "yes",
        "wheelchair": "limited"
      },
      "geometry": {
        "type": "Point",
        "coordinates": [
          100.2860716,
          5.3184825
        ]
      },
      "id": "node/9911441638"
    },
    {
      "type": "Feature",
      "properties": {
        "@id": "node/9916240165",
        "amenity": "restaurant",
        "cuisine": "chinese;coffee_shop",
        "name": "Jimmy Corner Fast Food",
        "name:zh": "聚米快餐"
      },
      "geometry": {
        "type": "Point",
        "coordinates": [
          100.2811892,
          5.2976479
        ]
      },
      "id": "node/9916240165"
    },
    {
      "type": "Feature",
      "properties": {
        "@id": "node/9916272766",
        "addr:city": "Bayan Lepas",
        "addr:housenumber": "389",
        "addr:postcode": "11900",
        "addr:street": "Jalan Batu Maung",
        "amenity": "restaurant",
        "cuisine": "chinese;seafood",
        "name": "Sin Hwa Lam Seafood Restaurant",
        "name:zh": "新华南海鲜饭店",
        "phone": "+6016 412 3535",
        "website": "https://www.facebook.com/sinhwalam1618/"
      },
      "geometry": {
        "type": "Point",
        "coordinates": [
          100.284407,
          5.2865176
        ]
      },
      "id": "node/9916272766"
    },
    {
      "type": "Feature",
      "properties": {
        "@id": "node/9918513425",
        "addr:block": "D'Piazza Mall",
        "addr:city": "Bayan Baru",
        "addr:housenumber": "70-1-27",
        "addr:postcode": "11900",
        "addr:street": "Jalan Mahsuri",
        "air_conditioning": "yes",
        "amenity": "restaurant",
        "brand": "一品香肉骨茶",
        "cuisine": "chinese;malaysian",
        "level": "0",
        "name": "Yi Pin Xiang Bak Kut Teh",
        "name:zh": "一品香肉骨茶",
        "phone": "+6014 796 6106",
        "website": "https://www.yipinxiang.com.my/"
      },
      "geometry": {
        "type": "Point",
        "coordinates": [
          100.2836432,
          5.3267082
        ]
      },
      "id": "node/9918513425"
    },
    {
      "type": "Feature",
      "properties": {
        "@id": "node/9918513427",
        "air_conditioning": "yes",
        "amenity": "restaurant",
        "cuisine": "chinese",
        "diet:halal": "yes",
        "name": "CMR 3.0 China Muslim Restaurant",
        "name:zh": "中式清真美食馆",
        "website": "https://www.chinamuslimrestaurant.com/"
      },
      "geometry": {
        "type": "Point",
        "coordinates": [
          100.2827451,
          5.3267407
        ]
      },
      "id": "node/9918513427"
    },
    {
      "type": "Feature",
      "properties": {
        "@id": "node/9918890366",
        "amenity": "restaurant",
        "brand": "Pizza Hut",
        "brand:wikidata": "Q191615",
        "cuisine": "pizza",
        "delivery": "yes",
        "level": "0",
        "name": "Pizza Hut"
      },
      "geometry": {
        "type": "Point",
        "coordinates": [
          100.2939543,
          5.3324119
        ]
      },
      "id": "node/9918890366"
    },
    {
      "type": "Feature",
      "properties": {
        "@id": "node/9922554217",
        "amenity": "restaurant",
        "internet_access": "wlan",
        "opening_hours": "24/7"
      },
      "geometry": {
        "type": "Point",
        "coordinates": [
          100.333913,
          5.4143304
        ]
      },
      "id": "node/9922554217"
    },
    {
      "type": "Feature",
      "properties": {
        "@id": "node/9922864918",
        "amenity": "restaurant"
      },
      "geometry": {
        "type": "Point",
        "coordinates": [
          100.3122435,
          5.4302313
        ]
      },
      "id": "node/9922864918"
    },
    {
      "type": "Feature",
      "properties": {
        "@id": "node/9929513114",
        "addr:city": "Batu Maung",
        "addr:housenumber": "A-G-03",
        "addr:postcode": "11960",
        "addr:street": "Lintang Batu Maung 4",
        "amenity": "restaurant",
        "cuisine": "western",
        "level": "0",
        "name": "B&B Western Food",
        "opening_hours": "Mo-Sa 17:00-22:00",
        "phone": "+60 10-280 3113",
        "toilets:wheelchair": "limited",
        "website": "https://www.facebook.com/bbwestern/"
      },
      "geometry": {
        "type": "Point",
        "coordinates": [
          100.2805578,
          5.2872022
        ]
      },
      "id": "node/9929513114"
    },
    {
      "type": "Feature",
      "properties": {
        "@id": "node/9952438957",
        "amenity": "restaurant",
        "cuisine": "chinese",
        "name": "Sin Hai Beng Cafe",
        "takeaway": "yes",
        "wheelchair": "limited"
      },
      "geometry": {
        "type": "Point",
        "coordinates": [
          100.2805404,
          5.287159
        ]
      },
      "id": "node/9952438957"
    },
    {
      "type": "Feature",
      "properties": {
        "@id": "node/9952438958",
        "amenity": "restaurant",
        "cuisine": "seafood;chinese",
        "level": "0",
        "name": "Restauran Sin Kim Han",
        "takeaway": "yes",
        "toilets": "yes",
        "wheelchair": "limited"
      },
      "geometry": {
        "type": "Point",
        "coordinates": [
          100.2801775,
          5.2872237
        ]
      },
      "id": "node/9952438958"
    },
    {
      "type": "Feature",
      "properties": {
        "@id": "node/9953839771",
        "amenity": "restaurant",
        "cuisine": "malaysian;noodle",
        "name": "88 Pan Mee",
        "outdoor_seating": "yes",
        "takeaway": "yes",
        "wheelchair": "limited"
      },
      "geometry": {
        "type": "Point",
        "coordinates": [
          100.2805902,
          5.2885549
        ]
      },
      "id": "node/9953839771"
    },
    {
      "type": "Feature",
      "properties": {
        "@id": "node/9960066351",
        "amenity": "restaurant",
        "name": "Nasi Kandar Pelita"
      },
      "geometry": {
        "type": "Point",
        "coordinates": [
          100.4313907,
          5.3377785
        ]
      },
      "id": "node/9960066351"
    },
    {
      "type": "Feature",
      "properties": {
        "@id": "node/9967475817",
        "amenity": "restaurant",
        "name": "Yeng Keng Hainantown Nyonya",
        "name:en": "Yeng Keng Hainantown Nyonya"
      },
      "geometry": {
        "type": "Point",
        "coordinates": [
          100.3354961,
          5.4188366
        ]
      },
      "id": "node/9967475817"
    },
    {
      "type": "Feature",
      "properties": {
        "@id": "node/9968011433",
        "amenity": "restaurant",
        "name": "呱呱小铺"
      },
      "geometry": {
        "type": "Point",
        "coordinates": [
          100.5077212,
          5.3356822
        ]
      },
      "id": "node/9968011433"
    },
    {
      "type": "Feature",
      "properties": {
        "@id": "node/9975202747",
        "amenity": "restaurant",
        "name": "Restoran Rin Tha Non Mookata"
      },
      "geometry": {
        "type": "Point",
        "coordinates": [
          100.3293723,
          5.4183714
        ]
      },
      "id": "node/9975202747"
    },
    {
      "type": "Feature",
      "properties": {
        "@id": "node/9975202749",
        "amenity": "restaurant",
        "name": "The White by Catch"
      },
      "geometry": {
        "type": "Point",
        "coordinates": [
          100.3293538,
          5.4177125
        ]
      },
      "id": "node/9975202749"
    },
    {
      "type": "Feature",
      "properties": {
        "@id": "node/9983158165",
        "air_conditioning": "yes",
        "amenity": "restaurant",
        "bar": "no",
        "cuisine": "malaysian",
        "internet_access": "wlan",
        "internet_access:fee": "yes",
        "internet_access:password": "Teszta7070",
        "internet_access:ssid": "Teszta Resto; Teszta Resto_5G",
        "level": "0",
        "name": "KAPITAN Signature",
        "outdoor_seating": "yes",
        "takeaway": "yes",
        "wheelchair": "limited"
      },
      "geometry": {
        "type": "Point",
        "coordinates": [
          100.2661824,
          5.3006998
        ]
      },
      "id": "node/9983158165"
    },
    {
      "type": "Feature",
      "properties": {
        "@id": "node/9983158167",
        "addr:city": "Bayan Lepas",
        "addr:housenumber": "2-G-11",
        "addr:place": "Solaria Square",
        "addr:postcode": "11900",
        "addr:street": "Medan Rajawali",
        "air_conditioning": "yes",
        "amenity": "restaurant",
        "bar": "no",
        "cuisine": "noodle",
        "internet_access": "wlan",
        "internet_access:fee": "no",
        "internet_access:password": "dnsolaria",
        "internet_access:ssid": "DragonNoodle-2.4Ghz-TIME2.4GHz;DragonNoodle-2.4Ghz-TIME5GHz",
        "name": "Dragon Noodle",
        "outdoor_seating": "no",
        "takeaway": "yes",
        "wheelchair": "limited"
      },
      "geometry": {
        "type": "Point",
        "coordinates": [
          100.2661806,
          5.3005299
        ]
      },
      "id": "node/9983158167"
    },
    {
      "type": "Feature",
      "properties": {
        "@id": "node/9983158173",
        "amenity": "restaurant",
        "cuisine": "japanese",
        "level": "0",
        "name": "Sushi Ya",
        "takeaway": "yes",
        "toilets": "yes",
        "wheelchair": "limited"
      },
      "geometry": {
        "type": "Point",
        "coordinates": [
          100.2656942,
          5.3007117
        ]
      },
      "id": "node/9983158173"
    },
    {
      "type": "Feature",
      "properties": {
        "@id": "node/9984403704",
        "addr:city": "Georgetown",
        "addr:housename": "Fort Cornwallis",
        "addr:postcode": "10200",
        "addr:street": "Jalan Tun Syed Sheh Barakbah",
        "amenity": "restaurant",
        "cuisine": "thai;western",
        "name": "Chateau Beer Garden",
        "name:en": "Chateau Beer Garden",
        "opening_hours": "We-Mo 18:00-25:00",
        "phone": "+60 16-411 0000",
        "reservation": "yes",
        "website": "https://www.facebook.com/chateau.beergarden"
      },
      "geometry": {
        "type": "Point",
        "coordinates": [
          100.3437722,
          5.420846
        ]
      },
      "id": "node/9984403704"
    },
    {
      "type": "Feature",
      "properties": {
        "@id": "node/9985396789",
        "addr:city": "George Town",
        "addr:housenumber": "8",
        "addr:postcode": "10300",
        "addr:street": "Gat Lebuh Gereja",
        "amenity": "restaurant",
        "cuisine": "modern_malaysian;fine_dining",
        "name": "gēn 根",
        "name:zh": "gēn 根",
        "name:zh-Hans": "gēn 根",
        "name:zh-Hant": "gēn 根",
        "opening_hours": "We-Su 12:00-22:00; Mo, Tu off",
        "phone": "+60 12-511 3323",
        "reservation": "required",
        "website": "https://www.genpenang.com/"
      },
      "geometry": {
        "type": "Point",
        "coordinates": [
          100.3431157,
          5.4160968
        ]
      },
      "id": "node/9985396789"
    },
    {
      "type": "Feature",
      "properties": {
        "@id": "node/9986409184",
        "amenity": "restaurant",
        "cuisine": "malaysian",
        "name": "Restauran Nasi kandar Dinas",
        "opening_hours": "24/7"
      },
      "geometry": {
        "type": "Point",
        "coordinates": [
          100.2819167,
          5.288091
        ]
      },
      "id": "node/9986409184"
    },
    {
      "type": "Feature",
      "properties": {
        "@id": "node/9986409187",
        "amenity": "restaurant",
        "cuisine": "malaysian",
        "name": "Nasi Kandar Makbul",
        "opening_hours": "24/7"
      },
      "geometry": {
        "type": "Point",
        "coordinates": [
          100.2821963,
          5.2879399
        ]
      },
      "id": "node/9986409187"
    },
    {
      "type": "Feature",
      "properties": {
        "@id": "node/9988648490",
        "addr:city": "George Town",
        "addr:housenumber": "49",
        "addr:postcode": "10200",
        "addr:street": "Lebuh Bishop",
        "amenity": "restaurant",
        "bar": "yes",
        "name": "The Pickles",
        "website": "https://www.facebook.com/The-Pickles-102686705330438/"
      },
      "geometry": {
        "type": "Point",
        "coordinates": [
          100.3415285,
          5.4185829
        ]
      },
      "id": "node/9988648490"
    },
    {
      "type": "Feature",
      "properties": {
        "@id": "node/9988648492",
        "addr:city": "George Town",
        "addr:housenumber": "36",
        "addr:postcode": "10200",
        "addr:street": "Lebuh Gereja",
        "amenity": "restaurant",
        "bar": "yes",
        "cuisine": "western_fusion",
        "name": "The Forest - Heritage",
        "name:en": "The Forest - Heritage",
        "opening_hours": "Mo-Su 11:00-00:00",
        "phone": "+60 10-925 1028",
        "website": "https://www.facebook.com/theforestheritage"
      },
      "geometry": {
        "type": "Point",
        "coordinates": [
          100.3412954,
          5.4180542
        ]
      },
      "id": "node/9988648492"
    },
    {
      "type": "Feature",
      "properties": {
        "@id": "node/9988648494",
        "addr:city": "George Town",
        "addr:housenumber": "51",
        "addr:postcode": "10200",
        "addr:street": "Lebuh Bishop",
        "amenity": "restaurant",
        "cuisine": "indian",
        "name": "Sappudhutha Mukkiyam",
        "opening_hours": "We-Mo 11:00-21:00; Tu off",
        "takeaway": "yes",
        "website": "https://sappudhutha-mukkiyam.malaybites.my/"
      },
      "geometry": {
        "type": "Point",
        "coordinates": [
          100.341496,
          5.4186108
        ]
      },
      "id": "node/9988648494"
    },
    {
      "type": "Feature",
      "properties": {
        "@id": "node/9988648495",
        "addr:city": "George Town",
        "addr:housenumber": "5",
        "addr:postcode": "10200",
        "addr:street": "Lebuh Penang",
        "air_conditioning": "yes",
        "amenity": "restaurant",
        "contact:facebook": "https://www.facebook.com/TheLeafHealthyHouse/",
        "diet:healthy": "yes",
        "diet:vegetarian": "yes",
        "internet_access": "wlan",
        "name": "The Leaf Healthy House",
        "opening_hours": "Th-Tu 12:00-14:45, 18:00-20:30; We off",
        "phone": "+60 12-498 8491"
      },
      "geometry": {
        "type": "Point",
        "coordinates": [
          100.3411306,
          5.4185612
        ]
      },
      "id": "node/9988648495"
    },
    {
      "type": "Feature",
      "properties": {
        "@id": "node/9990637550",
        "addr:city": "Penang",
        "addr:housename": "The Prestige",
        "addr:postcode": "10300",
        "addr:street": "Gat Lebuh Gereja",
        "amenity": "restaurant",
        "name": "The Glasshouse",
        "name:en": "The Glasshouse",
        "opening_hours": "Mo-Su 06:30-23:00"
      },
      "geometry": {
        "type": "Point",
        "coordinates": [
          100.3427632,
          5.4165193
        ]
      },
      "id": "node/9990637550"
    },
    {
      "type": "Feature",
      "properties": {
        "@id": "node/9991169726",
        "amenity": "restaurant",
        "cuisine": "noodle;chinese",
        "name": "Restauran Lye Lee",
        "phone": "+60 12 439 7355"
      },
      "geometry": {
        "type": "Point",
        "coordinates": [
          100.2842985,
          5.327786
        ]
      },
      "id": "node/9991169726"
    },
    {
      "type": "Feature",
      "properties": {
        "@id": "node/9999507853",
        "addr:city": "Pulau Tikus",
        "addr:housenumber": "31",
        "addr:postcode": "10350",
        "addr:street": "Lorong Aman",
        "air_conditioning": "yes",
        "amenity": "restaurant",
        "cuisine": "western",
        "name": "VL Western House",
        "opening_hours": "Mo-Su 10:00-22:00",
        "phone": "+60 16 437 7797",
        "website": "https://www.facebook.com/VL-Western-House-109541427974755/"
      },
      "geometry": {
        "type": "Point",
        "coordinates": [
          100.3104438,
          5.4311375
        ]
      },
      "id": "node/9999507853"
    },
    {
      "type": "Feature",
      "properties": {
        "@id": "node/10031303249",
        "amenity": "restaurant",
        "brand": "Pizza Hut",
        "brand:wikidata": "Q191615",
        "cuisine": "pizza",
        "name": "Pizza Hut",
        "source": "https://www.mapillary.com/app/?pKey=470522357557883&focus=photo"
      },
      "geometry": {
        "type": "Point",
        "coordinates": [
          100.2608047,
          5.302411
        ]
      },
      "id": "node/10031303249"
    },
    {
      "type": "Feature",
      "properties": {
        "@id": "node/10031791062",
        "addr:housenumber": "8",
        "addr:street": "Jalan Borealis 2",
        "amenity": "restaurant",
        "cuisine": "korean",
        "name": "Dotori Korean BBQ"
      },
      "geometry": {
        "type": "Point",
        "coordinates": [
          100.4437638,
          5.2368871
        ]
      },
      "id": "node/10031791062"
    },
    {
      "type": "Feature",
      "properties": {
        "@id": "node/10039761000",
        "amenity": "restaurant",
        "name": "Kenny Rogers Roaster"
      },
      "geometry": {
        "type": "Point",
        "coordinates": [
          100.3094052,
          5.3318838
        ]
      },
      "id": "node/10039761000"
    },
    {
      "type": "Feature",
      "properties": {
        "@id": "node/10044662503",
        "amenity": "restaurant",
        "branch": "Sunway Carnival",
        "brand": "Haidilao Hot Pot",
        "brand:en": "Haidilao Hot Pot",
        "brand:wikidata": "Q5638920",
        "brand:zh": "海底捞火锅",
        "cuisine": "chinese;hot_pot",
        "level": "1",
        "name": "Haidilao Hot Pot",
        "name:en": "Haidilao Hot Pot",
        "name:zh": "海底捞火锅"
      },
      "geometry": {
        "type": "Point",
        "coordinates": [
          100.3980139,
          5.3999483
        ]
      },
      "id": "node/10044662503"
    },
    {
      "type": "Feature",
      "properties": {
        "@id": "node/10075412968",
        "amenity": "restaurant",
        "cuisine": "chinese;seafood",
        "name": "How Kee Seafood Village",
        "name:en": "How Kee Seafood Village",
        "name:zh": "豪记海鲜村",
        "name:zh-Hans": "豪记海鲜村",
        "name:zh-Hant": "豪記海鮮村"
      },
      "geometry": {
        "type": "Point",
        "coordinates": [
          100.450479,
          5.2725476
        ]
      },
      "id": "node/10075412968"
    },
    {
      "type": "Feature",
      "properties": {
        "@id": "node/10167072817",
        "amenity": "restaurant",
        "name": "Yen Keng Hainantown",
        "name:en": "Yen Keng Hainantown"
      },
      "geometry": {
        "type": "Point",
        "coordinates": [
          100.3350117,
          5.4189807
        ]
      },
      "id": "node/10167072817"
    },
    {
      "type": "Feature",
      "properties": {
        "@id": "node/10167072818",
        "amenity": "restaurant",
        "name": "Prawn Fritters & Loh Bak @ Tan Jetty",
        "name:en": "Prawn Fritters & Loh Bak @ Tan Jetty"
      },
      "geometry": {
        "type": "Point",
        "coordinates": [
          100.3382716,
          5.4120334
        ]
      },
      "id": "node/10167072818"
    },
    {
      "type": "Feature",
      "properties": {
        "@id": "node/10169098817",
        "amenity": "restaurant",
        "name": "Holy Crab Penang",
        "name:en": "Holy Crab Penang"
      },
      "geometry": {
        "type": "Point",
        "coordinates": [
          100.3301864,
          5.4103665
        ]
      },
      "id": "node/10169098817"
    },
    {
      "type": "Feature",
      "properties": {
        "@id": "node/10169602017",
        "amenity": "restaurant",
        "name": "Yong Pin Dim Sum",
        "name:en": "Yong Pin Dim Sum"
      },
      "geometry": {
        "type": "Point",
        "coordinates": [
          100.3331809,
          5.4159738
        ]
      },
      "id": "node/10169602017"
    },
    {
      "type": "Feature",
      "properties": {
        "@id": "node/10169666218",
        "amenity": "restaurant",
        "name": "Chulia Night Market",
        "name:en": "Chulia Night Market",
        "name:zh": "大门楼夜市",
        "name:zh-Hans": "大门楼夜市",
        "name:zh-Hant": "大門樓夜市"
      },
      "geometry": {
        "type": "Point",
        "coordinates": [
          100.3363043,
          5.4181093
        ]
      },
      "id": "node/10169666218"
    },
    {
      "type": "Feature",
      "properties": {
        "@id": "node/10169916617",
        "amenity": "restaurant",
        "cuisine": "chinese",
        "name": "KTG Cafe",
        "name:en": "KTG Cafe",
        "name:zh": "刘荣和茶餐室",
        "name:zh-Hans": "刘荣和茶餐室",
        "name:zh-Hant": "劉榮和茶餐室",
        "source": "https://kartaview.org/details/2392246/437"
      },
      "geometry": {
        "type": "Point",
        "coordinates": [
          100.3248957,
          5.4172498
        ]
      },
      "id": "node/10169916617"
    },
    {
      "type": "Feature",
      "properties": {
        "@id": "node/10170704717",
        "amenity": "restaurant",
        "name": "Hai Wei Seafood Restaurant"
      },
      "geometry": {
        "type": "Point",
        "coordinates": [
          100.3020615,
          5.4322519
        ]
      },
      "id": "node/10170704717"
    },
    {
      "type": "Feature",
      "properties": {
        "@id": "node/10172919339",
        "amenity": "restaurant",
        "name": "Hudson's Deli"
      },
      "geometry": {
        "type": "Point",
        "coordinates": [
          100.2801705,
          5.4644106
        ]
      },
      "id": "node/10172919339"
    },
    {
      "type": "Feature",
      "properties": {
        "@id": "node/10220698817",
        "addr:housenumber": "144 i",
        "addr:postcode": "10500",
        "addr:street": "Jalan Burma",
        "amenity": "restaurant",
        "cuisine": "malaysian",
        "name": "Quallys Nusantara Kitchen",
        "name:en": "Quallys Nusantara Kitchen",
        "opening_hours": "Mo-Th 09:00-15:00, 18:00-21:00; Fr-Sa 09:00-16:00"
      },
      "geometry": {
        "type": "Point",
        "coordinates": [
          100.3217148,
          5.4235384
        ]
      },
      "id": "node/10220698817"
    },
    {
      "type": "Feature",
      "properties": {
        "@id": "node/10220702817",
        "addr:postcode": "10450",
        "amenity": "restaurant",
        "name": "Chulia Street Night Hawker Stalls",
        "name:en": "Chulia Street Night Hawker Stalls",
        "name:zh": "大门楼夜市档口",
        "name:zh-Hans": "大门楼夜市档口",
        "name:zh-Hant": "大門樓夜市檔口",
        "opening_hours": "Tu-Su 18:00-00:00"
      },
      "geometry": {
        "type": "Point",
        "coordinates": [
          100.336404,
          5.418224
        ]
      },
      "id": "node/10220702817"
    },
    {
      "type": "Feature",
      "properties": {
        "@id": "node/10230189777",
        "addr:city": "Tanjong Tokong",
        "addr:postcode": "10470",
        "addr:street": "Jalan Tanjung Tokong",
        "amenity": "restaurant",
        "brand": "Pizza Hut",
        "brand:wikidata": "Q191615",
        "cuisine": "pizza",
        "name": "Pizza Hut"
      },
      "geometry": {
        "type": "Point",
        "coordinates": [
          100.3077573,
          5.4561684
        ]
      },
      "id": "node/10230189777"
    },
    {
      "type": "Feature",
      "properties": {
        "@id": "node/10236547262",
        "addr:city": "Balik Pulau",
        "addr:housenumber": "994",
        "addr:postcode": "11020",
        "addr:street": "Jalan Pondok Upih",
        "amenity": "restaurant",
        "phone": "+60 12-455 5519"
      },
      "geometry": {
        "type": "Point",
        "coordinates": [
          100.2364806,
          5.3491296
        ]
      },
      "id": "node/10236547262"
    },
    {
      "type": "Feature",
      "properties": {
        "@id": "node/10264578687",
        "amenity": "restaurant",
        "name": "D'rancak Tomyam",
        "name:en": "D'rancak Tomyam",
        "opening_hours": "Mo, We-Su 11:00-23:00",
        "phone": "+60 17-661 6410"
      },
      "geometry": {
        "type": "Point",
        "coordinates": [
          100.3330464,
          5.4189822
        ]
      },
      "id": "node/10264578687"
    },
    {
      "type": "Feature",
      "properties": {
        "@id": "node/10298516565",
        "amenity": "restaurant",
        "cuisine": "malaysian;noodle",
        "level": "-1",
        "name": "Uncle Kin Chili Pan Mee"
      },
      "geometry": {
        "type": "Point",
        "coordinates": [
          100.3983117,
          5.3995763
        ]
      },
      "id": "node/10298516565"
    },
    {
      "type": "Feature",
      "properties": {
        "@id": "node/10298516568",
        "amenity": "restaurant",
        "cuisine": "sushi",
        "level": "-1",
        "name": "Sushi Zanmai"
      },
      "geometry": {
        "type": "Point",
        "coordinates": [
          100.3985619,
          5.3999771
        ]
      },
      "id": "node/10298516568"
    },
    {
      "type": "Feature",
      "properties": {
        "@id": "node/10298516569",
        "amenity": "restaurant",
        "cuisine": "noodle;japanese",
        "level": "-1",
        "name": "Sukiya Tokyo Bowls & Noodles"
      },
      "geometry": {
        "type": "Point",
        "coordinates": [
          100.3984531,
          5.3992879
        ]
      },
      "id": "node/10298516569"
    },
    {
      "type": "Feature",
      "properties": {
        "@id": "node/10298516572",
        "amenity": "restaurant",
        "cuisine": "korean",
        "level": "-1",
        "name": "Seoul Garden"
      },
      "geometry": {
        "type": "Point",
        "coordinates": [
          100.3978302,
          5.3992703
        ]
      },
      "id": "node/10298516572"
    },
    {
      "type": "Feature",
      "properties": {
        "@id": "node/10298516574",
        "amenity": "restaurant",
        "brand": "Pizza Hut",
        "brand:wikidata": "Q191615",
        "cuisine": "pizza",
        "level": "-1",
        "name": "Pizza Hut"
      },
      "geometry": {
        "type": "Point",
        "coordinates": [
          100.3980478,
          5.3987909
        ]
      },
      "id": "node/10298516574"
    },
    {
      "type": "Feature",
      "properties": {
        "@id": "node/10298516593",
        "amenity": "restaurant",
        "cuisine": "chicken",
        "level": "-1",
        "name": "Kenny Rogers Roasters"
      },
      "geometry": {
        "type": "Point",
        "coordinates": [
          100.397939,
          5.3987002
        ]
      },
      "id": "node/10298516593"
    },
    {
      "type": "Feature",
      "properties": {
        "@id": "node/10298516596",
        "amenity": "restaurant",
        "cuisine": "thai",
        "level": "-1",
        "name": "Johnny's Steamboat"
      },
      "geometry": {
        "type": "Point",
        "coordinates": [
          100.398532,
          5.3996643
        ]
      },
      "id": "node/10298516596"
    },
    {
      "type": "Feature",
      "properties": {
        "@id": "node/10298516599",
        "amenity": "restaurant",
        "cuisine": "noodle;japanese",
        "level": "-1",
        "name": "Ichiban Ramen"
      },
      "geometry": {
        "type": "Point",
        "coordinates": [
          100.3984926,
          5.399361
        ]
      },
      "id": "node/10298516599"
    },
    {
      "type": "Feature",
      "properties": {
        "@id": "node/10298516602",
        "amenity": "restaurant",
        "cuisine": "asian;hong_kong",
        "level": "-1",
        "name": "Hong Kong Kim Gary Restaurant"
      },
      "geometry": {
        "type": "Point",
        "coordinates": [
          100.3985334,
          5.4001843
        ]
      },
      "id": "node/10298516602"
    },
    {
      "type": "Feature",
      "properties": {
        "@id": "node/10298533809",
        "amenity": "restaurant",
        "cuisine": "western;asian",
        "level": "-1",
        "name": "Fusion Savory"
      },
      "geometry": {
        "type": "Point",
        "coordinates": [
          100.3983552,
          5.3987557
        ]
      },
      "id": "node/10298533809"
    },
    {
      "type": "Feature",
      "properties": {
        "@id": "node/10298533812",
        "amenity": "restaurant",
        "cuisine": "western",
        "level": "-1",
        "name": "Dave's Deli"
      },
      "geometry": {
        "type": "Point",
        "coordinates": [
          100.3977867,
          5.3991579
        ]
      },
      "id": "node/10298533812"
    },
    {
      "type": "Feature",
      "properties": {
        "@id": "node/10298533813",
        "amenity": "restaurant",
        "cuisine": "malaysian",
        "level": "-1",
        "name": "Dapur Penyek"
      },
      "geometry": {
        "type": "Point",
        "coordinates": [
          100.3982818,
          5.3987679
        ]
      },
      "id": "node/10298533813"
    },
    {
      "type": "Feature",
      "properties": {
        "@id": "node/10298533817",
        "amenity": "restaurant",
        "brand": "Chili's",
        "brand:wikidata": "Q1072948",
        "cuisine": "tex-mex",
        "level": "-1",
        "name": "Chili's",
        "official_name": "Chili's Grill & Bar"
      },
      "geometry": {
        "type": "Point",
        "coordinates": [
          100.3985007,
          5.3994477
        ]
      },
      "id": "node/10298533817"
    },
    {
      "type": "Feature",
      "properties": {
        "@id": "node/10298533823",
        "amenity": "restaurant",
        "cuisine": "thai",
        "level": "-1",
        "name": "Black Canyon"
      },
      "geometry": {
        "type": "Point",
        "coordinates": [
          100.398532,
          5.39973
        ]
      },
      "id": "node/10298533823"
    },
    {
      "type": "Feature",
      "properties": {
        "@id": "node/10304536809",
        "addr:street": "Lebuh Kimberley",
        "amenity": "restaurant",
        "name": "Char Koah Kek",
        "name:en": "Kimberly Street Char Koay Kek",
        "name:ms": "Char Koah Kek",
        "name:zh": "炒粿角",
        "name:zh-Hans": "炒粿角",
        "name:zh-Hant": "炒粿角",
        "opening_hours": "Mo-Su 07:00-11:00"
      },
      "geometry": {
        "type": "Point",
        "coordinates": [
          100.3325204,
          5.4165093
        ]
      },
      "id": "node/10304536809"
    },
    {
      "type": "Feature",
      "properties": {
        "@id": "node/10305184189",
        "amenity": "restaurant",
        "brand": "Sushi King",
        "brand:wikidata": "Q121089223",
        "cuisine": "japanese",
        "level": "0",
        "name": "Sushi King"
      },
      "geometry": {
        "type": "Point",
        "coordinates": [
          100.3978374,
          5.3981348
        ]
      },
      "id": "node/10305184189"
    },
    {
      "type": "Feature",
      "properties": {
        "@id": "node/10311491848",
        "amenity": "restaurant",
        "cuisine": "malaysian",
        "level": "2",
        "name": "XiXiang Kaya Kopitiam"
      },
      "geometry": {
        "type": "Point",
        "coordinates": [
          100.3982008,
          5.3985007
        ]
      },
      "id": "node/10311491848"
    },
    {
      "type": "Feature",
      "properties": {
        "@id": "node/10311491860",
        "amenity": "restaurant",
        "cuisine": "vietnamese",
        "level": "2",
        "name": "Pho Vietz"
      },
      "geometry": {
        "type": "Point",
        "coordinates": [
          100.3980311,
          5.399877
        ]
      },
      "id": "node/10311491860"
    },
    {
      "type": "Feature",
      "properties": {
        "@id": "node/10311491897",
        "amenity": "restaurant",
        "cuisine": "korean",
        "level": "2",
        "name": "Daseo"
      },
      "geometry": {
        "type": "Point",
        "coordinates": [
          100.3980251,
          5.3993243
        ]
      },
      "id": "node/10311491897"
    },
    {
      "type": "Feature",
      "properties": {
        "@id": "node/10311491904",
        "amenity": "restaurant",
        "cuisine": "noodle;thai",
        "level": "2",
        "name": "Boat Noodle"
      },
      "geometry": {
        "type": "Point",
        "coordinates": [
          100.3981596,
          5.3997061
        ]
      },
      "id": "node/10311491904"
    },
    {
      "type": "Feature",
      "properties": {
        "@id": "node/10547747109",
        "amenity": "restaurant",
        "name": "Roti Bakar",
        "name:ms": "Roti Bakar"
      },
      "geometry": {
        "type": "Point",
        "coordinates": [
          100.3304764,
          5.4174512
        ]
      },
      "id": "node/10547747109"
    },
    {
      "type": "Feature",
      "properties": {
        "@id": "node/10548056009",
        "amenity": "restaurant",
        "name": "Sincerley Crafted Cuisine",
        "name:en": "Sincerley Crafted Cuisine"
      },
      "geometry": {
        "type": "Point",
        "coordinates": [
          100.3213927,
          5.425302
        ]
      },
      "id": "node/10548056009"
    },
    {
      "type": "Feature",
      "properties": {
        "@id": "node/10580926641",
        "amenity": "restaurant",
        "cuisine": "indian",
        "diet:vegetarian": "yes",
        "name": "Kulfi Kade",
        "name:en": "Kulfi Kade"
      },
      "geometry": {
        "type": "Point",
        "coordinates": [
          100.3400479,
          5.4176607
        ]
      },
      "id": "node/10580926641"
    },
    {
      "type": "Feature",
      "properties": {
        "@id": "node/10629640709",
        "amenity": "restaurant"
      },
      "geometry": {
        "type": "Point",
        "coordinates": [
          100.418008,
          5.3878931
        ]
      },
      "id": "node/10629640709"
    },
    {
      "type": "Feature",
      "properties": {
        "@id": "node/10698603734",
        "air_conditioning": "yes",
        "amenity": "restaurant",
        "branch": "Golden Triangle 2 (Relau)",
        "cuisine": "noodle;chinese",
        "name": "Dragon Noodle",
        "name:zh-Hant": "龍鬚麵",
        "website": "https://www.facebook.com/dragonnoodlemy/"
      },
      "geometry": {
        "type": "Point",
        "coordinates": [
          100.2755361,
          5.3298338
        ]
      },
      "id": "node/10698603734"
    },
    {
      "type": "Feature",
      "properties": {
        "@id": "node/10698603736",
        "amenity": "restaurant",
        "cuisine": "sushi",
        "name": "Senzushi",
        "name:zh": "千寿司",
        "opening_hours": "Mo-Su 11:30-20:30",
        "website": "https://www.facebook.com/profile.php?id=100082965897365"
      },
      "geometry": {
        "type": "Point",
        "coordinates": [
          100.2755258,
          5.3303797
        ]
      },
      "id": "node/10698603736"
    },
    {
      "type": "Feature",
      "properties": {
        "@id": "node/10698603739",
        "amenity": "restaurant",
        "cuisine": "chinese",
        "diet:rice": "yes",
        "name": "Tauke Boon Cafe"
      },
      "geometry": {
        "type": "Point",
        "coordinates": [
          100.2746176,
          5.3298038
        ]
      },
      "id": "node/10698603739"
    },
    {
      "type": "Feature",
      "properties": {
        "@id": "node/10698603740",
        "amenity": "restaurant",
        "diet:vegetarian": "yes",
        "name": "Vegetarian 一棵树",
        "wheelchair": "limited"
      },
      "geometry": {
        "type": "Point",
        "coordinates": [
          100.2753766,
          5.332073
        ]
      },
      "id": "node/10698603740"
    },
    {
      "type": "Feature",
      "properties": {
        "@id": "node/10698603741",
        "amenity": "restaurant",
        "name": "Lao Mu Zi Kitchen"
      },
      "geometry": {
        "type": "Point",
        "coordinates": [
          100.2756806,
          5.3311559
        ]
      },
      "id": "node/10698603741"
    },
    {
      "type": "Feature",
      "properties": {
        "@id": "node/10698603748",
        "amenity": "restaurant",
        "cuisine": "korean",
        "diet:chicken": "yes",
        "name": "Sam Gye Bab",
        "name:ko": "삼계밥"
      },
      "geometry": {
        "type": "Point",
        "coordinates": [
          100.2761383,
          5.3322206
        ]
      },
      "id": "node/10698603748"
    },
    {
      "type": "Feature",
      "properties": {
        "@id": "node/10701004607",
        "amenity": "restaurant",
        "name": "Vegan Falafel",
        "name:en": "Vegan Falafel"
      },
      "geometry": {
        "type": "Point",
        "coordinates": [
          100.3360154,
          5.4183953
        ]
      },
      "id": "node/10701004607"
    },
    {
      "type": "Feature",
      "properties": {
        "@id": "node/10703193495",
        "addr:city": "George Town",
        "addr:housenumber": "10",
        "addr:postcode": "10450",
        "addr:street": "Lebuh Farquhar",
        "amenity": "restaurant",
        "cuisine": "buffet;dim_sum;international_cuisine;seafood;chinese;asian;sushi;malaysian;dessert;salad",
        "diet:halal": "yes",
        "email": "fbcentral.resv@eohotels.com",
        "highchair": "yes",
        "name": "Sarkies",
        "name:en": "Sarkies",
        "phone": "+604-2222 151",
        "reservation": "required",
        "website": "https://www.eohotels.com/dining/sarkies/"
      },
      "geometry": {
        "type": "Point",
        "coordinates": [
          100.3350095,
          5.4235232
        ]
      },
      "id": "node/10703193495"
    },
    {
      "type": "Feature",
      "properties": {
        "@id": "node/10703193496",
        "addr:city": "George Town",
        "addr:housenumber": "10",
        "addr:postcode": "10450",
        "addr:street": "Lebuh Farquhar",
        "amenity": "restaurant",
        "cuisine": "regional;malaysian;sandwich;chicken;indian;fish;salad;burger;seafood;asian;juice;dessert;afternoon_tea;english;western",
        "diet:halal": "yes",
        "name": "Palm Court",
        "name:en": "Palm Court",
        "opening_hours": "Mo-Su 11:00-23:00",
        "phone": "+604-2222151",
        "reservation": "recommended",
        "takeaway": "yes",
        "website": "https://www.eohotels.com/dining/palm-court/"
      },
      "geometry": {
        "type": "Point",
        "coordinates": [
          100.3356926,
          5.4233954
        ]
      },
      "id": "node/10703193496"
    },
    {
      "type": "Feature",
      "properties": {
        "@id": "node/10705801905",
        "amenity": "restaurant",
        "diet:vegan": "yes",
        "name": "Pinxin Vegan Cousin",
        "name:en": "Pinxin Vegan Cousin",
        "opening_hours": "Mo-Su 10:00-20:30"
      },
      "geometry": {
        "type": "Point",
        "coordinates": [
          100.3306536,
          5.4101073
        ]
      },
      "id": "node/10705801905"
    },
    {
      "type": "Feature",
      "properties": {
        "@id": "node/10744755879",
        "amenity": "restaurant",
        "name": "Nasi Kandar Nasmir"
      },
      "geometry": {
        "type": "Point",
        "coordinates": [
          100.4434017,
          5.2358313
        ]
      },
      "id": "node/10744755879"
    },
    {
      "type": "Feature",
      "properties": {
        "@id": "node/10744800503",
        "amenity": "restaurant",
        "cuisine": "asian;korean",
        "name": "KO.B.Q Korean BBQ Restaurant"
      },
      "geometry": {
        "type": "Point",
        "coordinates": [
          100.4431175,
          5.2370455
        ]
      },
      "id": "node/10744800503"
    },
    {
      "type": "Feature",
      "properties": {
        "@id": "node/10796205406",
        "addr:housenumber": "1",
        "addr:postcode": "10000",
        "addr:street": "Komtar Level 68, No 1, Komtar, Jln Penang, 10000 George Town, Pulau Pinang, Malaysia",
        "amenity": "restaurant",
        "internet_access": "wlan",
        "name": "Top View Restaurant",
        "opening_hours": "Su,We-Sa,Mo 12:00-22:00; Tu 09:00-18:00",
        "phone": "+60 4-375 9800",
        "website": "https://thetop.com.my/"
      },
      "geometry": {
        "type": "Point",
        "coordinates": [
          100.3298861,
          5.4145467
        ]
      },
      "id": "node/10796205406"
    },
    {
      "type": "Feature",
      "properties": {
        "@id": "node/10839694127",
        "amenity": "restaurant",
        "name": "Nasi Kandar Nasmir"
      },
      "geometry": {
        "type": "Point",
        "coordinates": [
          100.4288471,
          5.3399155
        ]
      },
      "id": "node/10839694127"
    },
    {
      "type": "Feature",
      "properties": {
        "@id": "node/10983283413",
        "amenity": "restaurant",
        "diet:vegetarian": "yes",
        "name": "Nasi Kandar Al Khaleel",
        "name:ms": "Nasi Kandar Al Khaleel"
      },
      "geometry": {
        "type": "Point",
        "coordinates": [
          100.2150905,
          5.4580825
        ]
      },
      "id": "node/10983283413"
    },
    {
      "type": "Feature",
      "properties": {
        "@id": "node/10983543205",
        "addr:city": "George Town",
        "addr:housenumber": "37",
        "addr:postcode": "10100",
        "addr:street": "Lebuh Campbell",
        "amenity": "restaurant",
        "cuisine": "chinese;malaysian",
        "facebook": "https://www.facebook.com/toktokmeefoodie/",
        "name": "Tok Tok Mee Bamboo Noodles",
        "name:en": "Tok Tok Mee Bamboo Noodles",
        "name:zh": "騳騳广式竹升面",
        "name:zh-Hans": "騳騳广式竹升面",
        "name:zh-Hant": "騳騳广式竹昇面",
        "opening_hours": "Fr-We 09:30-19:30",
        "phone": "+6042619875"
      },
      "geometry": {
        "type": "Point",
        "coordinates": [
          100.3352736,
          5.4171896
        ]
      },
      "id": "node/10983543205"
    },
    {
      "type": "Feature",
      "properties": {
        "@id": "node/10983548906",
        "amenity": "restaurant",
        "cuisine": "japanese",
        "name": "Kyodai Ramen",
        "name:en": "Kyodai Ramen"
      },
      "geometry": {
        "type": "Point",
        "coordinates": [
          100.3320666,
          5.4166741
        ]
      },
      "id": "node/10983548906"
    },
    {
      "type": "Feature",
      "properties": {
        "@id": "node/11009974965",
        "amenity": "restaurant",
        "name": "Addict"
      },
      "geometry": {
        "type": "Point",
        "coordinates": [
          100.4602296,
          5.3657249
        ]
      },
      "id": "node/11009974965"
    },
    {
      "type": "Feature",
      "properties": {
        "@id": "node/11015083777",
        "addr:housenumber": "31",
        "amenity": "restaurant",
        "name": "Yahaa Cafe",
        "name:en": "Yahaa Cafe",
        "name:zh": "亚合咖啡馆",
        "name:zh-Hans": "亚合咖啡馆",
        "name:zh-Hant": "亞合咖啡館"
      },
      "geometry": {
        "type": "Point",
        "coordinates": [
          100.4611692,
          5.3641396
        ]
      },
      "id": "node/11015083777"
    },
    {
      "type": "Feature",
      "properties": {
        "@id": "node/11015181301",
        "amenity": "restaurant",
        "name": "Rojak Orang Hitam Putih",
        "name:zh": "黑白人啰吔"
      },
      "geometry": {
        "type": "Point",
        "coordinates": [
          100.4608121,
          5.3626617
        ]
      },
      "id": "node/11015181301"
    },
    {
      "type": "Feature",
      "properties": {
        "@id": "node/11053102312",
        "amenity": "restaurant",
        "cuisine": "sushi",
        "name": "Sushi Ya"
      },
      "geometry": {
        "type": "Point",
        "coordinates": [
          100.2976195,
          5.3357382
        ]
      },
      "id": "node/11053102312"
    },
    {
      "type": "Feature",
      "properties": {
        "@id": "node/11102537744",
        "amenity": "restaurant",
        "cuisine": "chinese",
        "name": "7 Village",
        "name:zh": "七廊面家"
      },
      "geometry": {
        "type": "Point",
        "coordinates": [
          100.3041707,
          5.3871794
        ]
      },
      "id": "node/11102537744"
    },
    {
      "type": "Feature",
      "properties": {
        "@id": "node/11105680003",
        "amenity": "restaurant",
        "name": "Hock Seng Coffee Shop",
        "name:zh": "福成茶室"
      },
      "geometry": {
        "type": "Point",
        "coordinates": [
          100.318719,
          5.4015228
        ]
      },
      "id": "node/11105680003"
    },
    {
      "type": "Feature",
      "properties": {
        "@id": "node/11124929509",
        "amenity": "restaurant",
        "bar": "yes",
        "cuisine": "japanese",
        "name": "Natsu Bar and Dining"
      },
      "geometry": {
        "type": "Point",
        "coordinates": [
          100.247883,
          5.4746602
        ]
      },
      "id": "node/11124929509"
    },
    {
      "type": "Feature",
      "properties": {
        "@id": "node/11124929511",
        "amenity": "restaurant",
        "name": "Halaächef"
      },
      "geometry": {
        "type": "Point",
        "coordinates": [
          100.2480283,
          5.4745056
        ]
      },
      "id": "node/11124929511"
    },
    {
      "type": "Feature",
      "properties": {
        "@id": "node/11129505667",
        "amenity": "restaurant",
        "cuisine": "coffee_shop"
      },
      "geometry": {
        "type": "Point",
        "coordinates": [
          100.3131623,
          5.3898767
        ]
      },
      "id": "node/11129505667"
    },
    {
      "type": "Feature",
      "properties": {
        "@id": "node/11150681346",
        "amenity": "restaurant",
        "cuisine": "vietnamese",
        "name": "Saigon Sister Vietnamese Street Food"
      },
      "geometry": {
        "type": "Point",
        "coordinates": [
          100.2986295,
          5.4467742
        ]
      },
      "id": "node/11150681346"
    },
    {
      "type": "Feature",
      "properties": {
        "@id": "node/11150681537",
        "amenity": "restaurant",
        "cuisine": "local;malaysian",
        "name": "Bistro Halia Nasi Kandar"
      },
      "geometry": {
        "type": "Point",
        "coordinates": [
          100.2974524,
          5.4496678
        ]
      },
      "id": "node/11150681537"
    },
    {
      "type": "Feature",
      "properties": {
        "@id": "node/11150681546",
        "amenity": "restaurant",
        "name": "Food Town Cafe"
      },
      "geometry": {
        "type": "Point",
        "coordinates": [
          100.2983199,
          5.4495076
        ]
      },
      "id": "node/11150681546"
    },
    {
      "type": "Feature",
      "properties": {
        "@id": "node/11160701758",
        "amenity": "restaurant",
        "cuisine": "chinese",
        "name": "Happy Hello Cafe",
        "name:zh": "唱爽"
      },
      "geometry": {
        "type": "Point",
        "coordinates": [
          100.5088118,
          5.3361031
        ]
      },
      "id": "node/11160701758"
    },
    {
      "type": "Feature",
      "properties": {
        "@id": "node/11162223104",
        "amenity": "restaurant",
        "name": "Tian Tian Lai Veggie House 天天來素飯面馆"
      },
      "geometry": {
        "type": "Point",
        "coordinates": [
          100.235112,
          5.3519735
        ]
      },
      "id": "node/11162223104"
    },
    {
      "type": "Feature",
      "properties": {
        "@id": "node/11165398436",
        "amenity": "restaurant",
        "name": "Dynamic",
        "name:en": "Dynamic"
      },
      "geometry": {
        "type": "Point",
        "coordinates": [
          100.3321423,
          5.4147361
        ]
      },
      "id": "node/11165398436"
    },
    {
      "type": "Feature",
      "properties": {
        "@id": "node/11165398437",
        "amenity": "restaurant",
        "name": "Fun Tea Garden",
        "name:en": "Fun Tea Garden",
        "name:zh": "饭点心茶楼",
        "name:zh-Hans": "饭点心茶楼",
        "name:zh-Hant": "飯點心茶樓"
      },
      "geometry": {
        "type": "Point",
        "coordinates": [
          100.332171,
          5.4146941
        ]
      },
      "id": "node/11165398437"
    },
    {
      "type": "Feature",
      "properties": {
        "@id": "node/11165398438",
        "addr:housenumber": "154",
        "addr:street": "Jalan Doktor Lim Chwee Leong",
        "amenity": "restaurant",
        "name": "Amanda Adriell Cafe",
        "name:en": "Amanda Adriell Cafe"
      },
      "geometry": {
        "type": "Point",
        "coordinates": [
          100.3321144,
          5.4147727
        ]
      },
      "id": "node/11165398438"
    },
    {
      "type": "Feature",
      "properties": {
        "@id": "node/11197317422",
        "amenity": "restaurant",
        "cuisine": "thai",
        "name": "Khensom Der"
      },
      "geometry": {
        "type": "Point",
        "coordinates": [
          100.343848,
          5.4165035
        ]
      },
      "id": "node/11197317422"
    },
    {
      "type": "Feature",
      "properties": {
        "@id": "node/11197573518",
        "amenity": "restaurant",
        "name": "Chin’s Cuisin"
      },
      "geometry": {
        "type": "Point",
        "coordinates": [
          100.3436882,
          5.4162192
        ]
      },
      "id": "node/11197573518"
    },
    {
      "type": "Feature",
      "properties": {
        "@id": "node/11197617091",
        "addr:housenumber": "57",
        "addr:street": "Lebuh Pantai",
        "amenity": "restaurant",
        "name": "Jayam Fusion Centre",
        "name:en": "Jayam Fusion Centre"
      },
      "geometry": {
        "type": "Point",
        "coordinates": [
          100.340883,
          5.4161612
        ]
      },
      "id": "node/11197617091"
    },
    {
      "type": "Feature",
      "properties": {
        "@id": "node/11201848509",
        "amenity": "restaurant",
        "cuisine": "western",
        "name": "Pak Mat Western"
      },
      "geometry": {
        "type": "Point",
        "coordinates": [
          100.4509833,
          5.3231634
        ]
      },
      "id": "node/11201848509"
    },
    {
      "type": "Feature",
      "properties": {
        "@id": "node/11202111291",
        "addr:housenumber": "350",
        "addr:street": "Lebuh Chulia",
        "amenity": "restaurant",
        "name": "Haute At 350",
        "name:en": "Haute At 350"
      },
      "geometry": {
        "type": "Point",
        "coordinates": [
          100.3351935,
          5.4189212
        ]
      },
      "id": "node/11202111291"
    },
    {
      "type": "Feature",
      "properties": {
        "@id": "node/11204421770",
        "addr:city": "Tanjung Tokong",
        "addr:housenumber": "No 10-C-23",
        "addr:postcode": "10470",
        "addr:street": "Jalan Seri Tanjung Pinang",
        "amenity": "restaurant",
        "cuisine": "korean",
        "diet:meat": "yes",
        "name": "nice two Meat u Korean BBQ",
        "opening_hours": "Mo-Su 10:00-22:00",
        "phone": "01119962222",
        "website": "https://www.n2umalaysia.com/"
      },
      "geometry": {
        "type": "Point",
        "coordinates": [
          100.305741,
          5.4490403
        ]
      },
      "id": "node/11204421770"
    },
    {
      "type": "Feature",
      "properties": {
        "@id": "node/11235776637",
        "amenity": "restaurant"
      },
      "geometry": {
        "type": "Point",
        "coordinates": [
          100.4223892,
          5.1495678
        ]
      },
      "id": "node/11235776637"
    },
    {
      "type": "Feature",
      "properties": {
        "@id": "node/11266098190",
        "addr:city": "Simpang Ampat",
        "addr:housenumber": "23",
        "addr:postcode": "14110",
        "addr:street": "Jalan Vervea 5",
        "amenity": "restaurant",
        "cuisine": "japanese",
        "diet:non-vegetarian": "yes",
        "diet:vegan": "yes",
        "diet:vegetarian": "yes",
        "name": "Shunka Japanese Restaurant @ Batu Kawan",
        "name:en": "Shunka Japanese Restaurant @ Batu Kawan",
        "phone": "+60 4 588 0808",
        "website": "http://www.shunka.com.my/"
      },
      "geometry": {
        "type": "Point",
        "coordinates": [
          100.4407015,
          5.23801
        ]
      },
      "id": "node/11266098190"
    },
    {
      "type": "Feature",
      "properties": {
        "@id": "node/11266136573",
        "amenity": "restaurant"
      },
      "geometry": {
        "type": "Point",
        "coordinates": [
          100.4383017,
          5.2406373
        ]
      },
      "id": "node/11266136573"
    },
    {
      "type": "Feature",
      "properties": {
        "@id": "node/11295333306",
        "amenity": "restaurant",
        "check_date": "2023-10-28",
        "cuisine": "sushi",
        "level": "0",
        "name": "Sushi House",
        "name:en": "Sushi House"
      },
      "geometry": {
        "type": "Point",
        "coordinates": [
          100.3210453,
          5.4179697
        ]
      },
      "id": "node/11295333306"
    },
    {
      "type": "Feature",
      "properties": {
        "@id": "node/11395311732",
        "amenity": "restaurant",
        "cuisine": "chinese",
        "description": "Soup or dry noodles. Dumplings (fried or steamed). Very good online ratings.",
        "name": "Nian Wei China Dumpling",
        "name:en": "Nian Wei China Dumpling",
        "opening_hours": "07:00-14:30,17:00-21:00; Mo off"
      },
      "geometry": {
        "type": "Point",
        "coordinates": [
          100.331734,
          5.4168644
        ]
      },
      "id": "node/11395311732"
    },
    {
      "type": "Feature",
      "properties": {
        "@id": "node/11395318572",
        "amenity": "restaurant",
        "name": "Ekonomi Tomyam Astaka Stadium"
      },
      "geometry": {
        "type": "Point",
        "coordinates": [
          100.315834,
          5.411231
        ]
      },
      "id": "node/11395318572"
    },
    {
      "type": "Feature",
      "properties": {
        "@id": "node/11399549704",
        "amenity": "restaurant",
        "cuisine": "western",
        "name": "David Brown's Hilltop Garden Restaurant",
        "name:en": "David Brown's Hilltop Garden Restaurant",
        "opening_hours": "Mo-Su 11:00-22:00"
      },
      "geometry": {
        "type": "Point",
        "coordinates": [
          100.2693921,
          5.4242194
        ]
      },
      "id": "node/11399549704"
    },
    {
      "type": "Feature",
      "properties": {
        "@id": "node/11412484339",
        "amenity": "restaurant",
        "name": "Tim Choi Sam",
        "name:en": "Tim Choi Sam",
        "name:ms": "Tim Choi Sam"
      },
      "geometry": {
        "type": "Point",
        "coordinates": [
          100.3360016,
          5.4175052
        ]
      },
      "id": "node/11412484339"
    },
    {
      "type": "Feature",
      "properties": {
        "@id": "node/11442435905",
        "addr:city": "Tanjung Tokong",
        "addr:housenumber": "10-C-19",
        "addr:postcode": "10470",
        "addr:street": "Precinct 10, Jalan Tanjung Tokong Lama",
        "amenity": "restaurant",
        "cuisine": "chinese",
        "name": "Old Klang Street Bak Kut Teh 巴生老街肉骨茶",
        "opening_hours": "Mo-Su 10:00-21:00",
        "phone": "0174412008"
      },
      "geometry": {
        "type": "Point",
        "coordinates": [
          100.3060405,
          5.4492097
        ]
      },
      "id": "node/11442435905"
    },
    {
      "type": "Feature",
      "properties": {
        "@id": "node/11451864880",
        "addr:city": "Butterworth",
        "addr:housenumber": "7078",
        "addr:postcode": "12200",
        "addr:street": "Jalan Kampung Gajah",
        "amenity": "restaurant",
        "cuisine": "thai",
        "level": "0",
        "name": "Anachak Lanna Thai Cuisine",
        "phone": "+60 18-288 1198",
        "smoking": "no",
        "takeaway": "no"
      },
      "geometry": {
        "type": "Point",
        "coordinates": [
          100.3733592,
          5.4171096
        ]
      },
      "id": "node/11451864880"
    },
    {
      "type": "Feature",
      "properties": {
        "@id": "node/11477684569",
        "addr:housenumber": "72-1-29",
        "addr:postcode": "11950",
        "addr:street": "Jalan Mahsuri",
        "amenity": "restaurant",
        "contact:facebook": "plantaseedvegan",
        "diet:vegan": "yes",
        "internet_access": "wlan",
        "level": "1",
        "name": "Plant A Seed",
        "opening_hours": "Mo-Su 11:00-21:30",
        "phone": "018-400 2928",
        "self_service": "no",
        "website": "https://www.facebook.com/plantaseedvegan",
        "website:menu": "https://drive.google.com/file/d/18qup-vAQ4bjiduBSG4r6Lgs9toD5riIs/view?usp=drivesdk"
      },
      "geometry": {
        "type": "Point",
        "coordinates": [
          100.2811894,
          5.3261494
        ]
      },
      "id": "node/11477684569"
    },
    {
      "type": "Feature",
      "properties": {
        "@id": "node/11510356069",
        "addr:postcode": "10300",
        "amenity": "restaurant",
        "name": "Bombay Kitchen And Bar Penang",
        "name:en": "Bombay Kitchen And Bar Penang"
      },
      "geometry": {
        "type": "Point",
        "coordinates": [
          100.3386999,
          5.4146286
        ]
      },
      "id": "node/11510356069"
    },
    {
      "type": "Feature",
      "properties": {
        "@id": "node/11518523045",
        "amenity": "restaurant",
        "cuisine": "noodle",
        "name": "7 Village",
        "outdoor_seating": "yes"
      },
      "geometry": {
        "type": "Point",
        "coordinates": [
          100.4663183,
          5.2769006
        ]
      },
      "id": "node/11518523045"
    },
    {
      "type": "Feature",
      "properties": {
        "@id": "node/11518523046",
        "amenity": "restaurant",
        "cuisine": "malaysian",
        "outdoor_seating": "yes"
      },
      "geometry": {
        "type": "Point",
        "coordinates": [
          100.4654085,
          5.2770834
        ]
      },
      "id": "node/11518523046"
    },
    {
      "type": "Feature",
      "properties": {
        "@id": "node/11540508588",
        "amenity": "restaurant",
        "branch": "Farlim Square",
        "contact:facebook": "https://www.facebook.com/JamesFooFarlimSquare/",
        "cuisine": "western",
        "name": "James Foo Western Food"
      },
      "geometry": {
        "type": "Point",
        "coordinates": [
          100.2864804,
          5.3966325
        ]
      },
      "id": "node/11540508588"
    },
    {
      "type": "Feature",
      "properties": {
        "@id": "node/11540521154",
        "amenity": "restaurant",
        "name": "The Second Chili"
      },
      "geometry": {
        "type": "Point",
        "coordinates": [
          100.283996,
          5.4641993
        ]
      },
      "id": "node/11540521154"
    },
    {
      "type": "Feature",
      "properties": {
        "@id": "node/11541943216",
        "addr:city": "Butterworth",
        "addr:housenumber": "17",
        "addr:postcode": "12000",
        "addr:street": "Lorong Bagan Luar 3",
        "amenity": "restaurant",
        "contact:facebook": "https://www.facebook.com/p/Luan-Fong-Kopitiam-%E8%81%AF%E8%B1%90%E5%92%96%E5%95%A1%E5%BA%97-100041702936075/",
        "cuisine": "coffee_shop",
        "email": "luanfongkopitiam@gmail.com",
        "name": "Kedai Makanan dan Minuman Luan Fong",
        "name:zh-Hans": "联丰咖啡店",
        "name:zh-Hant": "聯豐咖啡店",
        "opening_hours": "Th-Tu 07:30-15:00; We closed",
        "outdoor_seating": "yes",
        "phone": "+60 12-413 1832",
        "start_date": "1959"
      },
      "geometry": {
        "type": "Point",
        "coordinates": [
          100.3700769,
          5.4104737
        ]
      },
      "id": "node/11541943216"
    },
    {
      "type": "Feature",
      "properties": {
        "@id": "node/11541943218",
        "addr:city": "Butterworth",
        "addr:housenumber": "11",
        "addr:postcode": "12000",
        "addr:street": "Lorong Bagan Luar 3",
        "amenity": "restaurant",
        "contact:facebook": "https://www.facebook.com/profile.php?id=61555218405808",
        "cuisine": "hainanese",
        "name": "Sin Bee Chew Restoran (Makanan Hailam)",
        "name:zh": "新美洲餐室",
        "opening_hours": "Mo-Sa 12:00-14:45,17:00-20:00; Su closed",
        "phone": "+60 4-333 2928"
      },
      "geometry": {
        "type": "Point",
        "coordinates": [
          100.3701769,
          5.4104401
        ]
      },
      "id": "node/11541943218"
    },
    {
      "type": "Feature",
      "properties": {
        "@id": "node/11603319330",
        "amenity": "restaurant",
        "facebook": "https://www.facebook.com/hbnoodlehouse/",
        "name": "HB Noodle House",
        "name:zh": "豐味面馆"
      },
      "geometry": {
        "type": "Point",
        "coordinates": [
          100.4278384,
          5.3375342
        ]
      },
      "id": "node/11603319330"
    },
    {
      "type": "Feature",
      "properties": {
        "@id": "node/11603319347",
        "addr:city": "Perai",
        "addr:housenumber": "Unit A, Plot 3",
        "addr:postcode": "13600",
        "amenity": "restaurant",
        "cuisine": "japanese",
        "name": "Iwa Kushiyaki 岩"
      },
      "geometry": {
        "type": "Point",
        "coordinates": [
          100.4282401,
          5.3370946
        ]
      },
      "id": "node/11603319347"
    },
    {
      "type": "Feature",
      "properties": {
        "@id": "node/11603319348",
        "amenity": "restaurant",
        "name": "The Brew House"
      },
      "geometry": {
        "type": "Point",
        "coordinates": [
          100.4286264,
          5.3371416
        ]
      },
      "id": "node/11603319348"
    },
    {
      "type": "Feature",
      "properties": {
        "@id": "node/11652121297",
        "addr:city": "Bukit Mertajam",
        "addr:housenumber": "45",
        "addr:postcode": "14000",
        "addr:street": "Jalan Icon City",
        "amenity": "restaurant",
        "name": "Chicken Claypot House",
        "name:zh": "鸡煲之家"
      },
      "geometry": {
        "type": "Point",
        "coordinates": [
          100.4336299,
          5.3435108
        ]
      },
      "id": "node/11652121297"
    },
    {
      "type": "Feature",
      "properties": {
        "@id": "node/11652121298",
        "addr:city": "Bukit Mertajam",
        "addr:housenumber": "43",
        "addr:postcode": "14000",
        "addr:street": "Jalan Icon City",
        "amenity": "restaurant",
        "name": "ITTAN Izakaya"
      },
      "geometry": {
        "type": "Point",
        "coordinates": [
          100.4336605,
          5.3435819
        ]
      },
      "id": "node/11652121298"
    },
    {
      "type": "Feature",
      "properties": {
        "@id": "node/11652121299",
        "addr:city": "Bukit Mertajam",
        "addr:housenumber": "36 & 38",
        "addr:postcode": "14000",
        "addr:street": "Jalan Icon City",
        "amenity": "restaurant",
        "name": "Syok BBQ"
      },
      "geometry": {
        "type": "Point",
        "coordinates": [
          100.4338431,
          5.343222
        ]
      },
      "id": "node/11652121299"
    },
    {
      "type": "Feature",
      "properties": {
        "@id": "node/11652129696",
        "addr:city": "Bukit Mertajam",
        "addr:housenumber": "37",
        "addr:postcode": "14000",
        "addr:street": "Jalan Icon City",
        "amenity": "restaurant",
        "name": "张记木桶鱼"
      },
      "geometry": {
        "type": "Point",
        "coordinates": [
          100.4338108,
          5.3439034
        ]
      },
      "id": "node/11652129696"
    },
    {
      "type": "Feature",
      "properties": {
        "@id": "node/11677379989",
        "amenity": "restaurant",
        "name": "MidNight Supper",
        "name:zh": "深夜食堂"
      },
      "geometry": {
        "type": "Point",
        "coordinates": [
          100.3282316,
          5.4128856
        ]
      },
      "id": "node/11677379989"
    },
    {
      "type": "Feature",
      "properties": {
        "@id": "node/11682221923",
        "amenity": "restaurant",
        "name": "Goggle Man Char Kuey Teow",
        "name:en": "Goggle Man Char Kuey Teow",
        "name:zh": "亚延炒粿条",
        "name:zh-Hans": "亚延炒粿条",
        "name:zh-Hant": "亞延炒粿条"
      },
      "geometry": {
        "type": "Point",
        "coordinates": [
          100.3248666,
          5.4171639
        ]
      },
      "id": "node/11682221923"
    },
    {
      "type": "Feature",
      "properties": {
        "@id": "node/11729906569",
        "amenity": "restaurant",
        "cuisine": "indian",
        "name": "Shobana's Kitchen"
      },
      "geometry": {
        "type": "Point",
        "coordinates": [
          100.3414712,
          5.4193179
        ]
      },
      "id": "node/11729906569"
    },
    {
      "type": "Feature",
      "properties": {
        "@id": "node/11733105870",
        "addr:city": "Bayan Lepas",
        "addr:housenumber": "70-1-19",
        "addr:postcode": "11900",
        "addr:street": "D'Piazza Mall, Jalan Mahsuri, Bandar Bayan Baru",
        "air_conditioning": "yes",
        "amenity": "restaurant",
        "bar": "no",
        "contact:facebook": "https://www.facebook.com/profile.php?id=100057520116994",
        "cuisine": "chinese",
        "diet:halal": "no",
        "internet_access:fee": "no",
        "internet_access:password": "jiemei678",
        "internet_access:ssid": "Mala Hotpot_2.4GHz@unifi;Mala Hotpot_5GHz@unifi",
        "level": "0;1",
        "mobile": "+60 187780002",
        "name": "Mala Hotpot",
        "name:zh": "姐妹饭馆",
        "outdoor_seating": "no",
        "payment:cash": "yes",
        "payment:contactless": "yes",
        "payment:credit_cards": "yes",
        "smoking": "no",
        "takeaway": "yes",
        "toilets": "yes",
        "wheelchair": "no"
      },
      "geometry": {
        "type": "Point",
        "coordinates": [
          100.2831889,
          5.3267159
        ]
      },
      "id": "node/11733105870"
    },
    {
      "type": "Feature",
      "properties": {
        "@id": "node/11734922891",
        "addr:city": "Bukit Mertajam",
        "addr:postcode": "14000",
        "amenity": "restaurant",
        "cuisine": "malaysian",
        "diet:halal": "yes",
        "name": "TomYam Jaya Gading",
        "phone": "+601164462410"
      },
      "geometry": {
        "type": "Point",
        "coordinates": [
          100.4759869,
          5.3308813
        ]
      },
      "id": "node/11734922891"
    },
    {
      "type": "Feature",
      "properties": {
        "@id": "node/11738055769",
        "addr:housenumber": "274",
        "addr:street": "Lebuh Chulia",
        "amenity": "restaurant",
        "contact:instagram": "teaseandtoss",
        "name": "TEASE & TOSS",
        "name:en": "TEASE & TOSS",
        "opening_hours": "Mo-Su 07:00-22:00"
      },
      "geometry": {
        "type": "Point",
        "coordinates": [
          100.3370023,
          5.4179681
        ]
      },
      "id": "node/11738055769"
    },
    {
      "type": "Feature",
      "properties": {
        "@id": "node/11738225617",
        "amenity": "restaurant",
        "cuisine": "japanese",
        "name": "Wako Sushi Omakase",
        "name:en": "Wako Sushi Omakase"
      },
      "geometry": {
        "type": "Point",
        "coordinates": [
          100.3379681,
          5.4129768
        ]
      },
      "id": "node/11738225617"
    },
    {
      "type": "Feature",
      "properties": {
        "@id": "node/11738225618",
        "amenity": "restaurant",
        "cuisine": "japanese",
        "diet:vegan": "yes",
        "diet:vegetarian": "yes",
        "name": "SUPE",
        "name:en": "SUPE"
      },
      "geometry": {
        "type": "Point",
        "coordinates": [
          100.3379377,
          5.4130408
        ]
      },
      "id": "node/11738225618"
    },
    {
      "type": "Feature",
      "properties": {
        "@id": "node/11748042869",
        "amenity": "restaurant",
        "name": "De Garden Tomyam",
        "name:en": "De Garden Tomyam"
      },
      "geometry": {
        "type": "Point",
        "coordinates": [
          100.3331972,
          5.4196302
        ]
      },
      "id": "node/11748042869"
    },
    {
      "type": "Feature",
      "properties": {
        "@id": "node/11752082281",
        "addr:city": "George Town",
        "addr:housenumber": "85",
        "addr:postcode": "10300",
        "addr:street": "Lebuh Katz",
        "air_conditioning": "yes",
        "amenity": "restaurant",
        "bar": "no",
        "cuisine": "thai",
        "level": "1",
        "name": "Mini Siam Cafe",
        "name:en": "Mini Siam Cafe",
        "outdoor_seating": "no",
        "wheelchair": "no"
      },
      "geometry": {
        "type": "Point",
        "coordinates": [
          100.3279717,
          5.4094331
        ]
      },
      "id": "node/11752082281"
    },
    {
      "type": "Feature",
      "properties": {
        "@id": "node/11757689697",
        "addr:city": "Bayan Lepas",
        "addr:housenumber": "3-G-07",
        "addr:place": "Queens Residences Q2",
        "addr:postcode": "11900",
        "addr:street": "Jalan Bayan Indah",
        "air_conditioning": "yes",
        "amenity": "restaurant",
        "brewery": "yes",
        "cuisine": "japanese",
        "internet_access": "wlan",
        "internet_access:fee": "no",
        "internet_access:password": "bestkarepg",
        "internet_access:ssid": "karesama-Guest",
        "level": "0",
        "name": "Kare Sama",
        "outdoor_seating": "no",
        "smoking": "no",
        "toilets": "no",
        "wheelchair": "yes"
      },
      "geometry": {
        "type": "Point",
        "coordinates": [
          100.3103822,
          5.3336864
        ]
      },
      "id": "node/11757689697"
    },
    {
      "type": "Feature",
      "properties": {
        "@id": "node/11768806485",
        "air_conditioning": "yes",
        "amenity": "restaurant",
        "cuisine": "chinese",
        "internet_access": "wlan",
        "internet_access:fee": "no",
        "internet_access:ssid": "Gia Xiang 2.4Ghz",
        "level": "0",
        "name": "Gia Xiang Steamboat",
        "name:zh": "家乡重庆火锅",
        "outdoor_seating": "no",
        "toilets": "yes"
      },
      "geometry": {
        "type": "Point",
        "coordinates": [
          100.2831324,
          5.3228922
        ]
      },
      "id": "node/11768806485"
    },
    {
      "type": "Feature",
      "properties": {
        "@id": "node/11816373139",
        "addr:city": "Bukit Mertajam",
        "addr:housenumber": "738",
        "addr:postcode": "14000",
        "addr:street": "Lorong Nenas",
        "air_conditioning": "yes",
        "amenity": "restaurant",
        "brewery": "yes",
        "cuisine": "japanese",
        "internet_access": "no",
        "level": "0",
        "name": "Izakaya Shako Sushi",
        "phone": "+60 163378782",
        "toilets": "yes"
      },
      "geometry": {
        "type": "Point",
        "coordinates": [
          100.4324589,
          5.3415936
        ]
      },
      "id": "node/11816373139"
    },
    {
      "type": "Feature",
      "properties": {
        "@id": "node/11824411216",
        "addr:city": "Bayan Lepas",
        "addr:housenumber": "3-G-18",
        "addr:place": "Queens Residences Q2",
        "addr:postcode": "11900",
        "addr:street": "Jalan Bayan Indah",
        "air_conditioning": "yes",
        "alt_name:zh": "小泰锅泰式烧烤火锅",
        "amenity": "restaurant",
        "cuisine": "thai",
        "internet_access": "wlan",
        "internet_access:fee": "no",
        "internet_access:password": "siamloh888",
        "internet_access:ssid": "Siamloh- customer",
        "level": "0",
        "name": "Siamloh Mookata",
        "outdoor_seating": "yes",
        "toilets": "no",
        "wheelchair": "limited"
      },
      "geometry": {
        "type": "Point",
        "coordinates": [
          100.3103742,
          5.3335038
        ]
      },
      "id": "node/11824411216"
    },
    {
      "type": "Feature",
      "properties": {
        "@id": "node/11826823141",
        "addr:city": "Batu Maung",
        "addr:housenumber": "1-1-8",
        "addr:place": "Southbay Plaza",
        "addr:postcode": "11960",
        "addr:street": "Cangkat Batu Maung 1",
        "air_conditioning": "yes",
        "amenity": "restaurant",
        "cuisine": "thai",
        "level": "0",
        "name": "Thai Tut Tut",
        "outdoor_seating": "yes",
        "toilets": "no"
      },
      "geometry": {
        "type": "Point",
        "coordinates": [
          100.2886311,
          5.2847457
        ]
      },
      "id": "node/11826823141"
    },
    {
      "type": "Feature",
      "properties": {
        "@id": "node/11828392409",
        "addr:city": "Bukit Mertajam",
        "addr:housenumber": "No. 29 & 30",
        "addr:postcode": "14000",
        "addr:street": "Jalan Datuk Ooh Chooi Cheng",
        "amenity": "restaurant",
        "cuisine": "chinese",
        "name": "Chang Leong Nanyang Coffee",
        "name:en": "Chang Leong Nanyang Coffee",
        "name:zh": "昌隆南洋咖啡馆",
        "name:zh-Hans": "昌隆南洋咖啡馆",
        "name:zh-Hant": "昌隆南洋咖啡館",
        "phone": "+60174896704"
      },
      "geometry": {
        "type": "Point",
        "coordinates": [
          100.4611539,
          5.3643019
        ]
      },
      "id": "node/11828392409"
    },
    {
      "type": "Feature",
      "properties": {
        "@id": "node/11844620021",
        "amenity": "restaurant",
        "cuisine": "indian",
        "name": "Suriyan’s",
        "name:en": "Suriyan’s"
      },
      "geometry": {
        "type": "Point",
        "coordinates": [
          100.339113,
          5.4157158
        ]
      },
      "id": "node/11844620021"
    },
    {
      "type": "Feature",
      "properties": {
        "@id": "node/11844620031",
        "amenity": "restaurant",
        "name": "Pasta Port",
        "name:en": "Pasta Port"
      },
      "geometry": {
        "type": "Point",
        "coordinates": [
          100.341107,
          5.413947
        ]
      },
      "id": "node/11844620031"
    },
    {
      "type": "Feature",
      "properties": {
        "@id": "node/11845914049",
        "amenity": "restaurant",
        "name": "W Cafe",
        "name:en": "W Cafe"
      },
      "geometry": {
        "type": "Point",
        "coordinates": [
          100.3422935,
          5.4171386
        ]
      },
      "id": "node/11845914049"
    },
    {
      "type": "Feature",
      "properties": {
        "@id": "node/11849122977",
        "air_conditioning": "yes",
        "amenity": "restaurant",
        "brewery": "yes",
        "cuisine": "asian",
        "internet_access": "wlan",
        "internet_access:fee": "no",
        "internet_access:password": "askmepasswordiloveauntyq",
        "internet_access:ssid": "Auntyq fans;Auntyq fans_5G",
        "level": "0",
        "name": "Aunty Q Kitchen & Bar Summerton",
        "outdoor_seating": "yes"
      },
      "geometry": {
        "type": "Point",
        "coordinates": [
          100.3088739,
          5.3391357
        ]
      },
      "id": "node/11849122977"
    },
    {
      "type": "Feature",
      "properties": {
        "@id": "node/11849977109",
        "amenity": "restaurant",
        "name": "Chateau De Canter",
        "name:en": "Chateau De Canter"
      },
      "geometry": {
        "type": "Point",
        "coordinates": [
          100.3430183,
          5.4170365
        ]
      },
      "id": "node/11849977109"
    },
    {
      "type": "Feature",
      "properties": {
        "@id": "node/11849977113",
        "amenity": "restaurant",
        "name": "Kaka Ramen Club",
        "name:en": "Kaka Ramen Club"
      },
      "geometry": {
        "type": "Point",
        "coordinates": [
          100.3428484,
          5.4172467
        ]
      },
      "id": "node/11849977113"
    },
    {
      "type": "Feature",
      "properties": {
        "@id": "node/11849977114",
        "addr:city": "Georgetown",
        "addr:housenumber": "23E",
        "addr:postcode": "10300",
        "addr:street": "Lebuh Pantai",
        "air_conditioning": "yes",
        "amenity": "restaurant",
        "contact:facebook": "woodenwagonpenang",
        "cuisine": "western",
        "internet_access": "wlan",
        "name": "Wooden Wagon",
        "name:en": "Wooden Wagon",
        "opening_hours": "We-Mo 11:00-14:30, 17:30-22:00",
        "payment:credit_cards": "yes",
        "payment:debit_cards": "yes",
        "payment:nfc_mobile_payments": "yes",
        "phone": "017-220 0480",
        "self_service": "no",
        "takeaway": "yes",
        "toilets": "yes",
        "website": "https://www.facebook.com/woodenwagonpenang/",
        "wheelchair": "yes"
      },
      "geometry": {
        "type": "Point",
        "coordinates": [
          100.3429484,
          5.4171278
        ]
      },
      "id": "node/11849977114"
    },
    {
      "type": "Feature",
      "properties": {
        "@id": "node/11849977115",
        "amenity": "restaurant",
        "name": "Oot-Oot Mookata",
        "name:en": "Oot-Oot Mookata"
      },
      "geometry": {
        "type": "Point",
        "coordinates": [
          100.3428917,
          5.4172022
        ]
      },
      "id": "node/11849977115"
    },
    {
      "type": "Feature",
      "properties": {
        "@id": "node/11849977117",
        "amenity": "restaurant",
        "name": "Open Minded",
        "name:en": "Open Minded"
      },
      "geometry": {
        "type": "Point",
        "coordinates": [
          100.3428275,
          5.416976
        ]
      },
      "id": "node/11849977117"
    },
    {
      "type": "Feature",
      "properties": {
        "@id": "node/11850194840",
        "amenity": "restaurant",
        "name": "English Hainan"
      },
      "geometry": {
        "type": "Point",
        "coordinates": [
          100.3419384,
          5.4183137
        ]
      },
      "id": "node/11850194840"
    },
    {
      "type": "Feature",
      "properties": {
        "@id": "node/11888158543",
        "air_conditioning": "yes",
        "amenity": "restaurant",
        "bar": "no",
        "cuisine": "taiwanese",
        "name": "Taiwanese Palace",
        "name:zh": "第一臺 懷念ㄟ所在",
        "outdoor_seating": "no",
        "toilets": "yes"
      },
      "geometry": {
        "type": "Point",
        "coordinates": [
          100.3078193,
          5.3355679
        ]
      },
      "id": "node/11888158543"
    },
    {
      "type": "Feature",
      "properties": {
        "@id": "node/11898100269",
        "amenity": "restaurant",
        "name": "Hokkien Pai Kut Lor Mee",
        "name:en": "Hokkien Pai Kut Lor Mee"
      },
      "geometry": {
        "type": "Point",
        "coordinates": [
          100.3264179,
          5.4149036
        ]
      },
      "id": "node/11898100269"
    },
    {
      "type": "Feature",
      "properties": {
        "@id": "node/11909746027",
        "addr:city": "Jelutong",
        "addr:housenumber": "350",
        "addr:postcode": "11600",
        "addr:street": "Jalan Perak",
        "air_conditioning": "no",
        "amenity": "restaurant",
        "cuisine": "thai",
        "level": "0",
        "microbrewery": "no",
        "mobile": "+60 1155882126",
        "name": "Mama Thai Best",
        "opening_hours": "Tu-Su 12:00-24:00",
        "outdoor_seating": "no",
        "website:menu": "https://feedme.cc/653fc34b0e1e6f001a8fc7a2"
      },
      "geometry": {
        "type": "Point",
        "coordinates": [
          100.3145997,
          5.397282
        ]
      },
      "id": "node/11909746027"
    },
    {
      "type": "Feature",
      "properties": {
        "@id": "node/11924596318",
        "addr:city": "Georgetown",
        "addr:housenumber": "69",
        "addr:postcode": "10100",
        "addr:street": "Jalan Magazine",
        "air_conditioning": "yes",
        "amenity": "restaurant",
        "cuisine": "japanese",
        "level": "0",
        "mobile": "+60 1156561337",
        "name": "Oishinabe Shabu & Kushiyaki",
        "name:en": "Oishinabe Shabu & Kushiyaki",
        "outdoor_seating": "no",
        "toilets": "yes",
        "website:menu": "https://online.anyflip.com/mqcqj/ovdh/mobile/index.html"
      },
      "geometry": {
        "type": "Point",
        "coordinates": [
          100.3319622,
          5.4123168
        ]
      },
      "id": "node/11924596318"
    },
    {
      "type": "Feature",
      "properties": {
        "@id": "node/11942062869",
        "addr:housenumber": "33",
        "addr:postcode": "10100",
        "addr:street": "Lorong Prangin",
        "amenity": "restaurant",
        "cuisine": "chinese",
        "name": "Ichi Tong",
        "name:en": "Ichi Tong"
      },
      "geometry": {
        "type": "Point",
        "coordinates": [
          100.3340289,
          5.4131721
        ]
      },
      "id": "node/11942062869"
    },
    {
      "type": "Feature",
      "properties": {
        "@id": "node/11944144869",
        "addr:postcode": "10200",
        "amenity": "restaurant",
        "check_date": "2024-08-10",
        "cuisine": "local;malaysian",
        "name": "Jason Nyonya House",
        "opening_hours": "11:00-14:30,18:00-21:00"
      },
      "geometry": {
        "type": "Point",
        "coordinates": [
          100.3419781,
          5.4183024
        ]
      },
      "id": "node/11944144869"
    },
    {
      "type": "Feature",
      "properties": {
        "@id": "node/11966036769",
        "addr:housenumber": "52A",
        "amenity": "restaurant",
        "name": "The Lighthouse Cafe",
        "name:en": "The Lighthouse Cafe"
      },
      "geometry": {
        "type": "Point",
        "coordinates": [
          100.3333887,
          5.4213708
        ]
      },
      "id": "node/11966036769"
    },
    {
      "type": "Feature",
      "properties": {
        "@id": "node/12002722871",
        "amenity": "restaurant",
        "name": "Enco"
      },
      "geometry": {
        "type": "Point",
        "coordinates": [
          100.2515095,
          5.4759434
        ]
      },
      "id": "node/12002722871"
    },
    {
      "type": "Feature",
      "properties": {
        "@id": "node/12003341769",
        "amenity": "restaurant",
        "name": "Knife & fork"
      },
      "geometry": {
        "type": "Point",
        "coordinates": [
          100.252274,
          5.475922
        ]
      },
      "id": "node/12003341769"
    },
    {
      "type": "Feature",
      "properties": {
        "@id": "node/12006330830",
        "addr:city": "Tanjung Bungah",
        "addr:housenumber": "542",
        "addr:postcode": "11200",
        "addr:street": "Jalan Tanjung Bungah",
        "amenity": "restaurant",
        "cuisine": "seafood",
        "diet:halal": "yes",
        "email": "mrboat1878@gmail.com",
        "name": "Mr Boat Steamboat & Grill",
        "opening_hours": "Mo-Su 17:00-23:00",
        "phone": "017-4822269"
      },
      "geometry": {
        "type": "Point",
        "coordinates": [
          100.283443,
          5.4651435
        ]
      },
      "id": "node/12006330830"
    },
    {
      "type": "Feature",
      "properties": {
        "@id": "node/12055234970",
        "amenity": "restaurant",
        "contact:instagram": "dsakra.pg",
        "cuisine": "indian",
        "name": "D'Sakra",
        "name:en": "D'Sakra",
        "opening_hours": "Mo-Th 11:00-22:00; Fr-Su 11:00-23:00"
      },
      "geometry": {
        "type": "Point",
        "coordinates": [
          100.3393525,
          5.4179808
        ]
      },
      "id": "node/12055234970"
    },
    {
      "type": "Feature",
      "properties": {
        "@id": "node/12058983722",
        "amenity": "restaurant",
        "name": "Kin Kao"
      },
      "geometry": {
        "type": "Point",
        "coordinates": [
          100.3416102,
          5.4154505
        ]
      },
      "id": "node/12058983722"
    },
    {
      "type": "Feature",
      "properties": {
        "@id": "node/12059550878",
        "addr:housenumber": "253",
        "addr:street": "Lebuh Victoria",
        "amenity": "restaurant",
        "name": "T-Rio"
      },
      "geometry": {
        "type": "Point",
        "coordinates": [
          100.3412234,
          5.415415
        ]
      },
      "id": "node/12059550878"
    },
    {
      "type": "Feature",
      "properties": {
        "@id": "node/12059550893",
        "addr:housenumber": "93",
        "addr:street": "Lebuh Pantai",
        "amenity": "restaurant",
        "name": "Tem Xim Charcoal Mookata",
        "name:en": "Tem Xim Charcoal Mookata"
      },
      "geometry": {
        "type": "Point",
        "coordinates": [
          100.3400292,
          5.4155752
        ]
      },
      "id": "node/12059550893"
    },
    {
      "type": "Feature",
      "properties": {
        "@id": "node/12060325602",
        "addr:city": "Seberang Jaya",
        "addr:housenumber": "47",
        "addr:postcode": "13700",
        "addr:street": "Jalan Todak 6",
        "amenity": "restaurant",
        "cuisine": "malaysian",
        "diet:halal": "yes",
        "name": "Nasi Kandar Panglima"
      },
      "geometry": {
        "type": "Point",
        "coordinates": [
          100.3998644,
          5.3966753
        ]
      },
      "id": "node/12060325602"
    },
    {
      "type": "Feature",
      "properties": {
        "@id": "node/12060378220",
        "amenity": "restaurant",
        "cuisine": "chinese",
        "diet:non-halal": "yes",
        "diet:non-vegetarian": "yes",
        "name": "Kedai Kopi Wing Siang",
        "name:zh": "温香茶餐室"
      },
      "geometry": {
        "type": "Point",
        "coordinates": [
          100.4795726,
          5.3378469
        ]
      },
      "id": "node/12060378220"
    },
    {
      "type": "Feature",
      "properties": {
        "@id": "node/12105930692",
        "amenity": "restaurant",
        "brand": "Pizza Hut",
        "brand:wikidata": "Q191615",
        "cuisine": "pizza",
        "name": "Pizza Hut"
      },
      "geometry": {
        "type": "Point",
        "coordinates": [
          100.2164935,
          5.3701012
        ]
      },
      "id": "node/12105930692"
    },
    {
      "type": "Feature",
      "properties": {
        "@id": "node/12105939582",
        "amenity": "restaurant",
        "check_date": "2024-08-12",
        "level": "1",
        "name": "Line Clear Nasi Kandar"
      },
      "geometry": {
        "type": "Point",
        "coordinates": [
          100.2656219,
          5.2929317
        ]
      },
      "id": "node/12105939582"
    },
    {
      "type": "Feature",
      "properties": {
        "@id": "node/12105939620",
        "amenity": "restaurant",
        "brand": "Hard Rock Cafe",
        "brand:wikidata": "Q918151",
        "cuisine": "american",
        "name": "Hard Rock Cafe Penang"
      },
      "geometry": {
        "type": "Point",
        "coordinates": [
          100.2418172,
          5.4669654
        ]
      },
      "id": "node/12105939620"
    },
    {
      "type": "Feature",
      "properties": {
        "@id": "node/12105939651",
        "amenity": "restaurant",
        "diet:halal": "yes",
        "name": "Maryam Restaurant"
      },
      "geometry": {
        "type": "Point",
        "coordinates": [
          100.2457944,
          5.4710246
        ]
      },
      "id": "node/12105939651"
    },
    {
      "type": "Feature",
      "properties": {
        "@id": "node/12105939905",
        "amenity": "restaurant",
        "check_date": "2024-08-10",
        "cuisine": "chinese",
        "name": "North East Chinese Cuisine",
        "name:en": "North East Chinese Cuisine"
      },
      "geometry": {
        "type": "Point",
        "coordinates": [
          100.3251375,
          5.4164388
        ]
      },
      "id": "node/12105939905"
    },
    {
      "type": "Feature",
      "properties": {
        "@id": "node/12105939925",
        "amenity": "restaurant",
        "check_date": "2024-08-09",
        "cuisine": "pizza",
        "name": "Otto Pizza"
      },
      "geometry": {
        "type": "Point",
        "coordinates": [
          100.3397968,
          5.414268
        ]
      },
      "id": "node/12105939925"
    },
    {
      "type": "Feature",
      "properties": {
        "@id": "node/12105939940",
        "amenity": "restaurant",
        "brand": "Hard Rock Cafe",
        "brand:wikidata": "Q918151",
        "check_date": "2024-08-10",
        "cuisine": "american",
        "name": "Hard Rock Cafe"
      },
      "geometry": {
        "type": "Point",
        "coordinates": [
          100.3319622,
          5.4194391
        ]
      },
      "id": "node/12105939940"
    },
    {
      "type": "Feature",
      "properties": {
        "@id": "node/12105939947",
        "amenity": "restaurant",
        "check_date": "2024-08-10",
        "name": "Chicken Claypot House",
        "name:en": "Chicken Claypot House"
      },
      "geometry": {
        "type": "Point",
        "coordinates": [
          100.3248342,
          5.4160825
        ]
      },
      "id": "node/12105939947"
    },
    {
      "type": "Feature",
      "properties": {
        "@id": "node/12105939951",
        "amenity": "restaurant",
        "check_date": "2024-08-10",
        "cuisine": "peranakan",
        "diet:halal": "yes",
        "name": "Ivy’s Nyonya Cuisine",
        "name:en": "Ivy’s Nyonya Cuisine",
        "opening_hours": "Mo off; Tu-Su 11:30-15:00,17:30-21:00",
        "payment:cash": "yes",
        "payment:credit_cards": "yes",
        "payment:debit_cards": "yes",
        "wheelchair": "limited"
      },
      "geometry": {
        "type": "Point",
        "coordinates": [
          100.3276324,
          5.4196419
        ]
      },
      "id": "node/12105939951"
    },
    {
      "type": "Feature",
      "properties": {
        "@id": "node/12117219160",
        "amenity": "restaurant",
        "name": "Nasi Kandar ICT"
      },
      "geometry": {
        "type": "Point",
        "coordinates": [
          100.3308493,
          5.4136979
        ]
      },
      "id": "node/12117219160"
    },
    {
      "type": "Feature",
      "properties": {
        "@id": "node/12135289702",
        "addr:city": "Bukit Mertajam",
        "addr:housenumber": "2461",
        "addr:postcode": "14000",
        "addr:street": "Jalan Kulim",
        "amenity": "restaurant",
        "cuisine": "coffee_shop;regional;asian;local",
        "diet:local": "yes",
        "diet:non-halal": "yes",
        "diet:non-vegetarian": "yes",
        "name": "HONG KEE KOPITIAM @ BM",
        "name:zh": "丰记咖啡店",
        "opening_hours": "Mo-Su 07:00-15:00",
        "phone": "+60164316273"
      },
      "geometry": {
        "type": "Point",
        "coordinates": [
          100.4714755,
          5.3534505
        ]
      },
      "id": "node/12135289702"
    },
    {
      "type": "Feature",
      "properties": {
        "@id": "node/12147765499",
        "addr:city": "Georgetown",
        "addr:housenumber": "41",
        "addr:postcode": "10200",
        "addr:street": "Lebuh Bishop",
        "air_conditioning": "yes",
        "amenity": "restaurant",
        "cuisine": "american",
        "internet_access": "wlan",
        "internet_access:fee": "no",
        "internet_access:password": "smokepapa123",
        "internet_access:ssid": "Smokepapa-2.4Ghz@unifi;smokepapa-5Ghz@unifi",
        "level": "0",
        "name": "SmokePapa BBQ",
        "outdoor_seating": "no",
        "toilets": "yes"
      },
      "geometry": {
        "type": "Point",
        "coordinates": [
          100.3416819,
          5.4184833
        ]
      },
      "id": "node/12147765499"
    },
    {
      "type": "Feature",
      "properties": {
        "@id": "node/12167369116",
        "addr:city": "Bukit Mertajam",
        "addr:housenumber": "1774",
        "addr:postcode": "14000",
        "addr:street": "Jalan Kulim",
        "amenity": "restaurant",
        "cuisine": "chinese",
        "name:zh": "成发茶餐室"
      },
      "geometry": {
        "type": "Point",
        "coordinates": [
          100.4735693,
          5.3523571
        ]
      },
      "id": "node/12167369116"
    },
    {
      "type": "Feature",
      "properties": {
        "@id": "node/12167369124",
        "amenity": "restaurant",
        "name": "Nasi Kandar Maima Maju"
      },
      "geometry": {
        "type": "Point",
        "coordinates": [
          100.4734838,
          5.3520692
        ]
      },
      "id": "node/12167369124"
    },
    {
      "type": "Feature",
      "properties": {
        "@id": "node/12168026343",
        "amenity": "restaurant",
        "brand": "Pizza Hut",
        "brand:wikidata": "Q191615",
        "cuisine": "pizza",
        "name": "Pizza Hut"
      },
      "geometry": {
        "type": "Point",
        "coordinates": [
          100.4985249,
          5.4916002
        ]
      },
      "id": "node/12168026343"
    },
    {
      "type": "Feature",
      "properties": {
        "@id": "node/12189691515",
        "addr:city": "George Town",
        "addr:housenumber": "77",
        "addr:postcode": "10400",
        "addr:street": "Jalan Rangoon",
        "air_conditioning": "yes",
        "amenity": "restaurant",
        "contact:facebook": "https://www.facebook.com/yuehongfood",
        "cuisine": "asian;coffee_shop;chinese",
        "diet:local": "yes",
        "diet:non-halal": "yes",
        "diet:non-vegetarian": "yes",
        "email": "gyangpg12000@gmail.com",
        "name": "Yuehong Fast Food",
        "name:en": "Yuehong Fast Food",
        "name:zh": "月红传统家乡菜肴",
        "name:zh-Hans": "月红传统家乡菜肴",
        "name:zh-Hant": "月紅傳統家鄉菜餚",
        "opening_hours": "08:00-22:00",
        "outdoor_seating": "yes",
        "payment:alipay": "yes",
        "payment:cash": "yes",
        "payment:contactless": "yes",
        "phone": "+60 12 3872712",
        "start_date": "1985-08-08",
        "website": "https://yuehong.com.my"
      },
      "geometry": {
        "type": "Point",
        "coordinates": [
          100.324097,
          5.4169075
        ]
      },
      "id": "node/12189691515"
    },
    {
      "type": "Feature",
      "properties": {
        "@id": "node/12215232894",
        "addr:city": "Kepala Batas",
        "addr:housenumber": "58",
        "addr:postcode": "13200",
        "addr:street": "Kompleks Makanan Bertam Indah",
        "amenity": "restaurant",
        "branch": "Bertam Indah",
        "cuisine": "ice_cream",
        "diet:halal": "yes",
        "name": "Aiskrim HafizLy (Caw. Bertam Indah)",
        "phone": "60166345297",
        "website": "https://www.facebook.com/AiskrimHafizlyBertamIndah"
      },
      "geometry": {
        "type": "Point",
        "coordinates": [
          100.4355554,
          5.5251415
        ]
      },
      "id": "node/12215232894"
    },
    {
      "type": "Feature",
      "properties": {
        "@id": "node/12217425217",
        "addr:city": "kepala Batas",
        "addr:housenumber": "No,3",
        "addr:postcode": "13100",
        "addr:street": "Gerai Perda Fasa 1",
        "amenity": "restaurant",
        "branch": "Penaga",
        "cuisine": "ice_cream",
        "diet:halal": "yes",
        "name": "Aiskim HafizLy Cawangan Penaga",
        "phone": "60166345297",
        "website": "https://www.facebook.com/aiskrimhafizly1"
      },
      "geometry": {
        "type": "Point",
        "coordinates": [
          100.3802004,
          5.5325195
        ]
      },
      "id": "node/12217425217"
    },
    {
      "type": "Feature",
      "properties": {
        "@id": "node/12250581567",
        "addr:city": "George Town",
        "addr:housenumber": "145",
        "addr:postcode": "10200",
        "addr:street": "Lebuh Muntri",
        "amenity": "restaurant",
        "contact:facebook": "https://www.facebook.com/dulang.penangmy",
        "cuisine": "malaysian",
        "diet:halal": "yes",
        "diet:local": "yes",
        "email": "dulang.penangmy@gmail.com",
        "name": "Dulang - Citarasa Melayu",
        "name:en": "Dulang - Citarasa Melayu",
        "phone": "+60174368101",
        "website": "https://www.instagram.com/dulang.penangmy/"
      },
      "geometry": {
        "type": "Point",
        "coordinates": [
          100.3343417,
          5.4202619
        ]
      },
      "id": "node/12250581567"
    },
    {
      "type": "Feature",
      "properties": {
        "@id": "node/12254115908",
        "addr:housenumber": "16",
        "addr:street": "Jalan Sri Bahari",
        "amenity": "restaurant",
        "name": "Xiang Peng Salted Chicken",
        "name:en": "Xiang Peng Salted Chicken"
      },
      "geometry": {
        "type": "Point",
        "coordinates": [
          100.3324848,
          5.4209418
        ]
      },
      "id": "node/12254115908"
    },
    {
      "type": "Feature",
      "properties": {
        "@id": "node/12254115910",
        "addr:housenumber": "8",
        "addr:street": "Jalan Sri Bahari",
        "amenity": "restaurant",
        "name": "GSK Steamboat",
        "name:en": "GSK Steamboat"
      },
      "geometry": {
        "type": "Point",
        "coordinates": [
          100.3326225,
          5.4208304
        ]
      },
      "id": "node/12254115910"
    },
    {
      "type": "Feature",
      "properties": {
        "@id": "node/12254115915",
        "addr:housenumber": "21",
        "amenity": "restaurant",
        "name": "La Fiesta",
        "name:en": "La Fiesta"
      },
      "geometry": {
        "type": "Point",
        "coordinates": [
          100.3319739,
          5.4203089
        ]
      },
      "id": "node/12254115915"
    },
    {
      "type": "Feature",
      "properties": {
        "@id": "node/12254115916",
        "addr:housenumber": "23",
        "addr:street": "Jalan Argyll",
        "amenity": "restaurant",
        "name": "Restoran Roti Canai Jalan Argyll",
        "name:ms": "Restoran Roti Canai Jalan Argyll"
      },
      "geometry": {
        "type": "Point",
        "coordinates": [
          100.3319487,
          5.4203484
        ]
      },
      "id": "node/12254115916"
    },
    {
      "type": "Feature",
      "properties": {
        "@id": "node/12254115921",
        "addr:housenumber": "6",
        "addr:street": "Jalan Sri Bahari",
        "amenity": "restaurant",
        "name": "Lim Tomyam",
        "name:en": "Lim Tomyam"
      },
      "geometry": {
        "type": "Point",
        "coordinates": [
          100.3326661,
          5.4208137
        ]
      },
      "id": "node/12254115921"
    },
    {
      "type": "Feature",
      "properties": {
        "@id": "node/12254115927",
        "addr:housenumber": "14",
        "addr:street": "Jalan Sri Bahari",
        "amenity": "restaurant",
        "name": "Sri Bahari Hainan Chicken Rice",
        "name:en": "Sri Bahari Hainan Chicken Rice"
      },
      "geometry": {
        "type": "Point",
        "coordinates": [
          100.3325128,
          5.4209102
        ]
      },
      "id": "node/12254115927"
    },
    {
      "type": "Feature",
      "properties": {
        "@id": "node/12255246751",
        "amenity": "restaurant",
        "name": "Shill 90’s",
        "name:en": "Shill 90’s"
      },
      "geometry": {
        "type": "Point",
        "coordinates": [
          100.3315526,
          5.4223512
        ]
      },
      "id": "node/12255246751"
    },
    {
      "type": "Feature",
      "properties": {
        "@id": "node/12255246755",
        "amenity": "restaurant",
        "name": "Siam Poh"
      },
      "geometry": {
        "type": "Point",
        "coordinates": [
          100.3319198,
          5.421186
        ]
      },
      "id": "node/12255246755"
    },
    {
      "type": "Feature",
      "properties": {
        "@id": "node/12256527480",
        "amenity": "restaurant",
        "name": "Seeni Mee Sotong",
        "name:en": "Seeni Mee Sotong"
      },
      "geometry": {
        "type": "Point",
        "coordinates": [
          100.3316529,
          5.4185466
        ]
      },
      "id": "node/12256527480"
    },
    {
      "type": "Feature",
      "properties": {
        "@id": "node/12285665629",
        "amenity": "restaurant",
        "name": "Nasi Ayam Pak Gembus"
      },
      "geometry": {
        "type": "Point",
        "coordinates": [
          100.3987734,
          5.39528
        ]
      },
      "id": "node/12285665629"
    },
    {
      "type": "Feature",
      "properties": {
        "@id": "node/12285665635",
        "addr:housenumber": "9",
        "amenity": "restaurant",
        "name": "Jom Banana Leaf"
      },
      "geometry": {
        "type": "Point",
        "coordinates": [
          100.398662,
          5.3952926
        ]
      },
      "id": "node/12285665635"
    },
    {
      "type": "Feature",
      "properties": {
        "@id": "node/12285665650",
        "addr:housenumber": "45",
        "addr:street": "Jalan Todak 6",
        "amenity": "restaurant",
        "name": "Kami Kamu"
      },
      "geometry": {
        "type": "Point",
        "coordinates": [
          100.3998945,
          5.3968458
        ]
      },
      "id": "node/12285665650"
    },
    {
      "type": "Feature",
      "properties": {
        "@id": "node/12285665662",
        "addr:housenumber": "49&51",
        "addr:street": "Jalan Todak 6",
        "amenity": "restaurant",
        "name": "Empat Sekawan"
      },
      "geometry": {
        "type": "Point",
        "coordinates": [
          100.3998569,
          5.3965826
        ]
      },
      "id": "node/12285665662"
    },
    {
      "type": "Feature",
      "properties": {
        "@id": "node/12288272032",
        "amenity": "restaurant"
      },
      "geometry": {
        "type": "Point",
        "coordinates": [
          100.3419363,
          5.4139961
        ]
      },
      "id": "node/12288272032"
    },
    {
      "type": "Feature",
      "properties": {
        "@id": "node/12289125089",
        "amenity": "restaurant",
        "name": "Kedai Kopi Bin Sin"
      },
      "geometry": {
        "type": "Point",
        "coordinates": [
          100.3283992,
          5.4119964
        ]
      },
      "id": "node/12289125089"
    },
    {
      "type": "Feature",
      "properties": {
        "@id": "node/12289130556",
        "addr:housenumber": "2",
        "amenity": "restaurant",
        "diet:vegetarian": "yes",
        "name": "Borak Borak Bistro",
        "name:en": "Borak Borak Bistro"
      },
      "geometry": {
        "type": "Point",
        "coordinates": [
          100.3358064,
          5.4170828
        ]
      },
      "id": "node/12289130556"
    },
    {
      "type": "Feature",
      "properties": {
        "@id": "node/12345144640",
        "addr:city": "George Town",
        "addr:housenumber": "74",
        "addr:postcode": "10050",
        "addr:street": "Jalan Hutton",
        "amenity": "restaurant",
        "branch": "Hutton Lane",
        "contact:facebook": "https://www.facebook.com/profile.php?id=100078127990611",
        "cuisine": "asian;malaysian;indian",
        "diet:halal": "yes",
        "name": "Nasi Kandar Deen Mutiara (Hutton Lane)",
        "name:en": "Nasi Kandar Deen Mutiara (Hutton Lane)",
        "opening_hours": "Mo-Su 11:00-23:00",
        "phone": "+601116839597",
        "website": "https://www.facebook.com/profile.php?id=100078127990611"
      },
      "geometry": {
        "type": "Point",
        "coordinates": [
          100.3303943,
          5.420007
        ]
      },
      "id": "node/12345144640"
    },
    {
      "type": "Feature",
      "properties": {
        "@id": "node/12404493185",
        "air_conditioning": "yes",
        "amenity": "restaurant",
        "cuisine": "thai",
        "internet_access": "yes",
        "internet_access:fee": "no",
        "internet_access:password": "laemcharoenmy",
        "internet_access:ssid": "LAEMCHAROENSEAFOOD",
        "level": "2",
        "name": "Laem Charoen Thai Restaurant",
        "outdoor_seating": "no"
      },
      "geometry": {
        "type": "Point",
        "coordinates": [
          100.3066387,
          5.3332679
        ]
      },
      "id": "node/12404493185"
    },
    {
      "type": "Feature",
      "properties": {
        "@id": "node/12433015424",
        "amenity": "restaurant",
        "cuisine": "malaysian",
        "name": "Maria Mee Jawa",
        "name:en": "Maria Mee Jawa"
      },
      "geometry": {
        "type": "Point",
        "coordinates": [
          100.3264944,
          5.4199249
        ]
      },
      "id": "node/12433015424"
    },
    {
      "type": "Feature",
      "properties": {
        "@id": "node/12433029632",
        "air_conditioning": "no",
        "amenity": "restaurant",
        "contact:facebook": "Heritage Pies",
        "cuisine": "western",
        "name": "Heritage Pies"
      },
      "geometry": {
        "type": "Point",
        "coordinates": [
          100.3115633,
          5.4308312
        ]
      },
      "id": "node/12433029632"
    },
    {
      "type": "Feature",
      "properties": {
        "@id": "node/12438022321",
        "amenity": "restaurant",
        "cuisine": "japanese",
        "name": "Sushi Zento"
      },
      "geometry": {
        "type": "Point",
        "coordinates": [
          100.3064883,
          5.4491922
        ]
      },
      "id": "node/12438022321"
    },
    {
      "type": "Feature",
      "properties": {
        "@id": "node/12438027614",
        "amenity": "restaurant",
        "cuisine": "indian",
        "name": "Arati Vilas",
        "source": "Local knowledge"
      },
      "geometry": {
        "type": "Point",
        "coordinates": [
          100.3019121,
          5.462671
        ]
      },
      "id": "node/12438027614"
    },
    {
      "type": "Feature",
      "properties": {
        "@id": "node/12438047405",
        "air_conditioning": "yes",
        "amenity": "restaurant",
        "cuisine": "thai;western",
        "name": "Wayla Kin",
        "name:en": "Wayla Kin",
        "note": "previously known as Hainanz House\nGood Hainanese Chicken Chop",
        "source": "local knowledge"
      },
      "geometry": {
        "type": "Point",
        "coordinates": [
          100.3244008,
          5.4252419
        ]
      },
      "id": "node/12438047405"
    },
    {
      "type": "Feature",
      "properties": {
        "@id": "node/12450907302",
        "addr:housenumber": "44",
        "addr:postcode": "11600",
        "addr:street": "Lebuhraya Besi",
        "amenity": "restaurant",
        "name": "Genki Canteen 元气食堂",
        "opening_hours": "Tu-Fr 10:00-22:00; Sa-Su 09:00-22:00",
        "phone": "+60 17-759 2991",
        "self_service": "no"
      },
      "geometry": {
        "type": "Point",
        "coordinates": [
          100.2998581,
          5.3927998
        ]
      },
      "id": "node/12450907302"
    },
    {
      "type": "Feature",
      "properties": {
        "@id": "node/12450914913",
        "addr:housenumber": "57",
        "addr:postcode": "11600",
        "addr:street": "Jalan Hamilton",
        "amenity": "restaurant",
        "cuisine": "asian",
        "internet_access": "wlan",
        "name": "Hamilton Food Market",
        "opening_hours": "Mo-Su 12:00-23:00",
        "phone": "012-429 9313",
        "self_service": "partially"
      },
      "geometry": {
        "type": "Point",
        "coordinates": [
          100.3090259,
          5.4006295
        ]
      },
      "id": "node/12450914913"
    },
    {
      "type": "Feature",
      "properties": {
        "@id": "node/12452366901",
        "addr:city": "Jelutong",
        "addr:housenumber": "210",
        "addr:postcode": "11600",
        "addr:street": "Jalan Tan Sri Teh Ewe Lim",
        "air_conditioning": "no",
        "amenity": "restaurant",
        "cuisine": "breakfast",
        "delivery": "yes",
        "name": "三点三 Meet",
        "opening_hours": "Mo-Su 07:00-14:00",
        "outdoor_seating": "yes",
        "payment:debit_cards": "yes",
        "payment:nfc_mobile_payments": "yes",
        "phone": "012-515 4398",
        "reservation": "yes",
        "takeaway": "yes",
        "wheelchair": "no"
      },
      "geometry": {
        "type": "Point",
        "coordinates": [
          100.3049308,
          5.3928459
        ]
      },
      "id": "node/12452366901"
    },
    {
      "type": "Feature",
      "properties": {
        "@id": "node/12468242012",
        "addr:housenumber": "112",
        "addr:postcode": "10400",
        "addr:street": "Lorong Selamat",
        "air_conditioning": "yes",
        "amenity": "restaurant",
        "baby_feeding": "no",
        "cuisine": "chinese",
        "internet_access": "no",
        "name": "Lucky Bowl",
        "name:en": "Lucky Bowl",
        "opening_hours": "Th-Tu 08:00-15:00",
        "smoking": "no",
        "toilets:access": "customers",
        "toilets:wheelchair": "no",
        "wheelchair": "no"
      },
      "geometry": {
        "type": "Point",
        "coordinates": [
          100.3244525,
          5.4167598
        ]
      },
      "id": "node/12468242012"
    },
    {
      "type": "Feature",
      "properties": {
        "@id": "node/12470568498",
        "addr:city": "George Town",
        "addr:housenumber": "11",
        "addr:postcode": "10350",
        "addr:street": "Jalan Pasar",
        "air_conditioning": "yes",
        "amenity": "restaurant",
        "cuisine": "chinese",
        "name": "Lhong Tou Dim Sum"
      },
      "geometry": {
        "type": "Point",
        "coordinates": [
          100.312502,
          5.4297668
        ]
      },
      "id": "node/12470568498"
    },
    {
      "type": "Feature",
      "properties": {
        "@id": "node/12539075991",
        "amenity": "restaurant",
        "name": "Black Cabin",
        "name:en": "Black Cabin"
      },
      "geometry": {
        "type": "Point",
        "coordinates": [
          100.3014249,
          5.3594845
        ]
      },
      "id": "node/12539075991"
    },
    {
      "type": "Feature",
      "properties": {
        "@id": "node/12539076027",
        "amenity": "restaurant",
        "name": "The Kapit's"
      },
      "geometry": {
        "type": "Point",
        "coordinates": [
          100.3035563,
          5.3603147
        ]
      },
      "id": "node/12539076027"
    },
    {
      "type": "Feature",
      "properties": {
        "@id": "node/12550414706",
        "addr:housenumber": "1",
        "addr:postcode": "10300",
        "addr:street": "Pengkalan Weld",
        "amenity": "restaurant",
        "contact:facebook": "chewjettybigbowlnoodles",
        "cuisine": "noodle",
        "name": "Chew Jetty Big Bowl Noodles",
        "name:en": "Chew Jetty Big Bowl Noodles",
        "name:zh": "姓周桥大碗公面",
        "name:zh-Hans": "姓周桥大碗公面",
        "name:zh-Hant": "姓周橋大碗公面",
        "opening_hours": "Th-Tu 09:30-19:00"
      },
      "geometry": {
        "type": "Point",
        "coordinates": [
          100.3400505,
          5.4130875
        ]
      },
      "id": "node/12550414706"
    },
    {
      "type": "Feature",
      "properties": {
        "@id": "node/12559076688",
        "amenity": "restaurant",
        "name": "Everyday Welcome Cafe",
        "old_name": "Kedai Makanan Seong Huat"
      },
      "geometry": {
        "type": "Point",
        "coordinates": [
          100.2981328,
          5.3502257
        ]
      },
      "id": "node/12559076688"
    },
    {
      "type": "Feature",
      "properties": {
        "@id": "node/12559076691",
        "amenity": "restaurant",
        "name": "Smile Restaurant"
      },
      "geometry": {
        "type": "Point",
        "coordinates": [
          100.2984129,
          5.3500508
        ]
      },
      "id": "node/12559076691"
    },
    {
      "type": "Feature",
      "properties": {
        "@id": "node/12559076694",
        "amenity": "restaurant",
        "cuisine": "thai",
        "name": "Ta-Jai Thai Food"
      },
      "geometry": {
        "type": "Point",
        "coordinates": [
          100.2985473,
          5.3499645
        ]
      },
      "id": "node/12559076694"
    },
    {
      "type": "Feature",
      "properties": {
        "@id": "node/12559076695",
        "amenity": "restaurant",
        "name": "Penang White Curry Corner"
      },
      "geometry": {
        "type": "Point",
        "coordinates": [
          100.2985929,
          5.3499405
        ]
      },
      "id": "node/12559076695"
    },
    {
      "type": "Feature",
      "properties": {
        "@id": "node/12564986501",
        "amenity": "restaurant",
        "check_date": "2025-08-11",
        "cuisine": "indian",
        "name": "Nasi Kandar Makbul",
        "name:ms": "Nasi Kandar Makbul",
        "opening_hours": "24/7",
        "outdoor_seating": "yes"
      },
      "geometry": {
        "type": "Point",
        "coordinates": [
          100.3352045,
          5.4225147
        ]
      },
      "id": "node/12564986501"
    },
    {
      "type": "Feature",
      "properties": {
        "@id": "node/12567906338",
        "addr:city": "Bandar Cassia",
        "addr:housenumber": "14-G",
        "addr:postcode": "14110",
        "addr:street": "Persiaran Cassia Utropolis",
        "air_conditioning": "yes",
        "amenity": "restaurant",
        "cuisine": "chinese",
        "internet_access": "wlan",
        "internet_access:fee": "no",
        "internet_access:password": "Lexuan99",
        "internet_access:ssid": "乐轩",
        "level": "0",
        "name": "Le Xuan Batu Kawan",
        "outdoor_seating": "yes",
        "smoking": "no",
        "takeaway": "yes",
        "toilets": "yes"
      },
      "geometry": {
        "type": "Point",
        "coordinates": [
          100.4398766,
          5.2410863
        ]
      },
      "id": "node/12567906338"
    },
    {
      "type": "Feature",
      "properties": {
        "@id": "node/12570086902",
        "addr:housenumber": "25",
        "addr:postcode": "14000",
        "addr:street": "Jalan Sentral Jaya",
        "amenity": "restaurant",
        "cuisine": "asian;indian",
        "name": "Kritiga Meals Restaurant, Jalan Kebun Nenas , Bukit Mertajam, Penang",
        "opening_hours": "Mo-Su 09:00-22:00"
      },
      "geometry": {
        "type": "Point",
        "coordinates": [
          100.435027,
          5.3413548
        ]
      },
      "id": "node/12570086902"
    },
    {
      "type": "Feature",
      "properties": {
        "@id": "node/12578624727",
        "addr:city": "Bandar Cassia",
        "addr:housenumber": "16-G",
        "addr:place": "Pusat Perniagaan Sinaran",
        "addr:postcode": "14110",
        "addr:street": "Persiaran Cassia Utropolis",
        "air_conditioning": "yes",
        "amenity": "restaurant",
        "cuisine": "japanese",
        "internet_access": "wlan",
        "internet_access:fee": "no",
        "internet_access:password": "littlejunesushi0123",
        "internet_access:ssid": "LittleJuneSushi-5G; LittleJuneSushi",
        "level": "0;1",
        "name": "Little June Sushi",
        "toilets": "yes"
      },
      "geometry": {
        "type": "Point",
        "coordinates": [
          100.4399508,
          5.2409424
        ]
      },
      "id": "node/12578624727"
    },
    {
      "type": "Feature",
      "properties": {
        "@id": "node/12600104938",
        "addr:city": "Butterworth",
        "addr:housenumber": "8",
        "addr:postcode": "13000",
        "addr:street": "Jalan Oren",
        "amenity": "restaurant",
        "cuisine": "chinese",
        "name": "Wan Shang Jian Mian",
        "name:zh": "碗上枧面",
        "phone": "+60128815855"
      },
      "geometry": {
        "type": "Point",
        "coordinates": [
          100.3844699,
          5.4400052
        ]
      },
      "id": "node/12600104938"
    },
    {
      "type": "Feature",
      "properties": {
        "@id": "node/12609062001",
        "amenity": "restaurant",
        "name": "Furqan"
      },
      "geometry": {
        "type": "Point",
        "coordinates": [
          100.3315789,
          5.4200158
        ]
      },
      "id": "node/12609062001"
    },
    {
      "type": "Feature",
      "properties": {
        "@id": "node/12609739601",
        "amenity": "restaurant",
        "cuisine": "chinese;indian;italian",
        "diet:vegan": "yes",
        "name": "Lagenda Café",
        "name:en": "Lagenda Café"
      },
      "geometry": {
        "type": "Point",
        "coordinates": [
          100.3361372,
          5.4178689
        ]
      },
      "id": "node/12609739601"
    },
    {
      "type": "Feature",
      "properties": {
        "@id": "node/12617692601",
        "amenity": "restaurant",
        "diet:vegan": "yes",
        "name": "Neko",
        "opening_hours": "Fr-Tu 11:30-14:30,16:30-19:00"
      },
      "geometry": {
        "type": "Point",
        "coordinates": [
          100.3354988,
          5.4178392
        ]
      },
      "id": "node/12617692601"
    },
    {
      "type": "Feature",
      "properties": {
        "@id": "node/12621125143",
        "amenity": "restaurant",
        "cuisine": "chinese"
      },
      "geometry": {
        "type": "Point",
        "coordinates": [
          100.5045286,
          5.4781042
        ]
      },
      "id": "node/12621125143"
    },
    {
      "type": "Feature",
      "properties": {
        "@id": "node/12704092835",
        "amenity": "restaurant",
        "cuisine": "indian;malaysian",
        "name": "Enca",
        "toilets:access": "customers"
      },
      "geometry": {
        "type": "Point",
        "coordinates": [
          100.242045,
          5.4663048
        ]
      },
      "id": "node/12704092835"
    },
    {
      "type": "Feature",
      "properties": {
        "@id": "node/12760112001",
        "amenity": "restaurant"
      },
      "geometry": {
        "type": "Point",
        "coordinates": [
          100.3408093,
          5.416342
        ]
      },
      "id": "node/12760112001"
    },
    {
      "type": "Feature",
      "properties": {
        "@id": "node/12760112003",
        "addr:city": "George Town",
        "addr:housenumber": "6;8;10;12",
        "addr:postcode": "10200",
        "addr:street": "Lebuh Chulia",
        "amenity": "restaurant",
        "cuisine": "malaysian",
        "name": "Restoran Nasi Dalcha Kassim Mustafa",
        "name:ms": "Restoran Nasi Dalcha Kassim Mustafa"
      },
      "geometry": {
        "type": "Point",
        "coordinates": [
          100.3394131,
          5.415738
        ]
      },
      "id": "node/12760112003"
    },
    {
      "type": "Feature",
      "properties": {
        "@id": "node/12761031548",
        "addr:housenumber": "91",
        "addr:street": "Lebuh Pantai",
        "amenity": "restaurant",
        "name": "Madam Priya’s House Of Curries",
        "name:en": "Madam Priya’s House Of Curries"
      },
      "geometry": {
        "type": "Point",
        "coordinates": [
          100.3400684,
          5.4156076
        ]
      },
      "id": "node/12761031548"
    },
    {
      "type": "Feature",
      "properties": {
        "@id": "node/12764563754",
        "addr:housenumber": "1",
        "addr:street": "Lebuh Penang",
        "amenity": "restaurant",
        "name": "Merlin Nasi Kandar",
        "name:ms": "Merlin Nasi Kandar"
      },
      "geometry": {
        "type": "Point",
        "coordinates": [
          100.3417455,
          5.4194467
        ]
      },
      "id": "node/12764563754"
    },
    {
      "type": "Feature",
      "properties": {
        "@id": "node/12764563758",
        "addr:housenumber": "1",
        "addr:street": "Lebuh Light",
        "amenity": "restaurant",
        "name": "Kota Bistro"
      },
      "geometry": {
        "type": "Point",
        "coordinates": [
          100.3420369,
          5.4198144
        ]
      },
      "id": "node/12764563758"
    },
    {
      "type": "Feature",
      "properties": {
        "@id": "node/12765429334",
        "amenity": "restaurant",
        "check_date": "2025-08-15",
        "cuisine": "malaysian",
        "level": "2",
        "name": "Irama",
        "name:en": "Irama",
        "name:ms": "Irama",
        "outdoor_seating": "yes",
        "toilets": "yes",
        "website": "https://www.iramadininggroup.com/restaurants/irama/"
      },
      "geometry": {
        "type": "Point",
        "coordinates": [
          100.3418916,
          5.4199693
        ]
      },
      "id": "node/12765429334"
    },
    {
      "type": "Feature",
      "properties": {
        "@id": "node/12850790293",
        "amenity": "restaurant",
        "name": "Friendship Garden"
      },
      "geometry": {
        "type": "Point",
        "coordinates": [
          100.3998353,
          5.3955011
        ]
      },
      "id": "node/12850790293"
    },
    {
      "type": "Feature",
      "properties": {
        "@id": "node/12850790298",
        "amenity": "restaurant",
        "name": "Tazaa"
      },
      "geometry": {
        "type": "Point",
        "coordinates": [
          100.3999988,
          5.39518
        ]
      },
      "id": "node/12850790298"
    },
    {
      "type": "Feature",
      "properties": {
        "@id": "node/12851117247",
        "amenity": "restaurant",
        "name": "Nasi Kandar Bawah Pokok"
      },
      "geometry": {
        "type": "Point",
        "coordinates": [
          100.3716415,
          5.4101371
        ]
      },
      "id": "node/12851117247"
    },
    {
      "type": "Feature",
      "properties": {
        "@id": "node/12852369494",
        "addr:housenumber": "71",
        "amenity": "restaurant",
        "name": "Warung Bunga Aisyaa"
      },
      "geometry": {
        "type": "Point",
        "coordinates": [
          100.4918385,
          5.1399874
        ]
      },
      "id": "node/12852369494"
    },
    {
      "type": "Feature",
      "properties": {
        "@id": "node/12852369495",
        "addr:housenumber": "81;83",
        "amenity": "restaurant",
        "name": "Nasi Kandar Haleem"
      },
      "geometry": {
        "type": "Point",
        "coordinates": [
          100.4919931,
          5.1397551
        ]
      },
      "id": "node/12852369495"
    },
    {
      "type": "Feature",
      "properties": {
        "@id": "node/12852369498",
        "addr:housenumber": "91;93",
        "amenity": "restaurant",
        "name": "Meqrizq Republic"
      },
      "geometry": {
        "type": "Point",
        "coordinates": [
          100.492135,
          5.13954
        ]
      },
      "id": "node/12852369498"
    },
    {
      "type": "Feature",
      "properties": {
        "@id": "node/12886247473",
        "amenity": "restaurant",
        "cuisine": "noodle",
        "name": "Gerai Pak Saharat"
      },
      "geometry": {
        "type": "Point",
        "coordinates": [
          100.4947364,
          5.4821165
        ]
      },
      "id": "node/12886247473"
    },
    {
      "type": "Feature",
      "properties": {
        "@id": "node/12886247474",
        "amenity": "restaurant",
        "name": "Gerai Cempaka"
      },
      "geometry": {
        "type": "Point",
        "coordinates": [
          100.4948417,
          5.4822317
        ]
      },
      "id": "node/12886247474"
    },
    {
      "type": "Feature",
      "properties": {
        "@id": "node/12886247475",
        "amenity": "restaurant",
        "name": "Pak Su Selera Tasek Gelugor"
      },
      "geometry": {
        "type": "Point",
        "coordinates": [
          100.4947943,
          5.4821803
        ]
      },
      "id": "node/12886247475"
    },
    {
      "type": "Feature",
      "properties": {
        "@id": "node/12886735229",
        "amenity": "restaurant",
        "cuisine": "noodle",
        "name": "Char Kuey Teow Kampung Pelet",
        "opening_hours": "Tu-Su 18:00-00:30"
      },
      "geometry": {
        "type": "Point",
        "coordinates": [
          100.4626456,
          5.4118627
        ]
      },
      "id": "node/12886735229"
    },
    {
      "type": "Feature",
      "properties": {
        "@id": "node/12959233902",
        "addr:street": "Lebuh China",
        "amenity": "restaurant",
        "name": "Bangrak Thai Restaurant",
        "name:en": "Bangrak Thai Restaurant"
      },
      "geometry": {
        "type": "Point",
        "coordinates": [
          100.3410549,
          5.4169111
        ]
      },
      "id": "node/12959233902"
    },
    {
      "type": "Feature",
      "properties": {
        "@id": "node/12960656201",
        "amenity": "restaurant",
        "cuisine": "asian",
        "name": "Tina's Kitchen",
        "name:en": "Tina's Kitchen"
      },
      "geometry": {
        "type": "Point",
        "coordinates": [
          100.3330277,
          5.4163146
        ]
      },
      "id": "node/12960656201"
    },
    {
      "type": "Feature",
      "properties": {
        "@id": "node/12964235602",
        "addr:street": "Lebuh Kimberley",
        "amenity": "restaurant",
        "name": "Mae Kong Mookata Thai Restaurant",
        "name:en": "Mae Kong Mookata Thai Restaurant"
      },
      "geometry": {
        "type": "Point",
        "coordinates": [
          100.3313286,
          5.417214
        ]
      },
      "id": "node/12964235602"
    },
    {
      "type": "Feature",
      "properties": {
        "@id": "node/12966136001",
        "addr:street": "Lebuh China",
        "amenity": "restaurant",
        "cuisine": "indian",
        "name": "Sardaarji, Flavours of Punjab",
        "name:en": "Sardaarji, Flavours of Punjab"
      },
      "geometry": {
        "type": "Point",
        "coordinates": [
          100.3411128,
          5.4168567
        ]
      },
      "id": "node/12966136001"
    },
    {
      "type": "Feature",
      "properties": {
        "@id": "node/12968731301",
        "addr:street": "Lebuh Cintra",
        "amenity": "restaurant",
        "cuisine": "thai",
        "name": "Urai Thai",
        "name:en": "Urai Thai"
      },
      "geometry": {
        "type": "Point",
        "coordinates": [
          100.3331076,
          5.4170806
        ]
      },
      "id": "node/12968731301"
    },
    {
      "type": "Feature",
      "properties": {
        "@id": "node/13026345861",
        "addr:city": "Simpang Ampat",
        "addr:housenumber": "12A-G",
        "addr:postcode": "14110",
        "addr:street": "Jalan Vervea 9",
        "air_conditioning": "yes",
        "amenity": "restaurant",
        "cuisine": "japanese",
        "diet:halal": "no",
        "internet_access": "wlan",
        "internet_access:fee": "no",
        "internet_access:password": "renwafu12ag",
        "internet_access:ssid": "RenWafu",
        "level": "0",
        "name": "Ren Wafu Ramen & Don",
        "outdoor_seating": "no",
        "toilets": "yes"
      },
      "geometry": {
        "type": "Point",
        "coordinates": [
          100.440607,
          5.2374361
        ]
      },
      "id": "node/13026345861"
    },
    {
      "type": "Feature",
      "properties": {
        "@id": "node/13028171401",
        "addr:street": "Lebuh Cintra",
        "amenity": "restaurant",
        "cuisine": "thai",
        "name": "Thóng Thai Fusion",
        "name:en": "Thóng Thai Fusion",
        "name:ms": "Thóng Thai Fusion",
        "outdoor_seating": "no"
      },
      "geometry": {
        "type": "Point",
        "coordinates": [
          100.3333831,
          5.4174944
        ]
      },
      "id": "node/13028171401"
    },
    {
      "type": "Feature",
      "properties": {
        "@id": "node/13037313662",
        "amenity": "restaurant",
        "name": "Luca’s Panzerotti",
        "name:en": "Luca’s Panzerotti"
      },
      "geometry": {
        "type": "Point",
        "coordinates": [
          100.3362328,
          5.4177459
        ]
      },
      "id": "node/13037313662"
    },
    {
      "type": "Feature",
      "properties": {
        "@id": "node/13037313664",
        "amenity": "restaurant",
        "name": "Che Che Cafe",
        "name:en": "Che Che Cafe"
      },
      "geometry": {
        "type": "Point",
        "coordinates": [
          100.3360132,
          5.4175914
        ]
      },
      "id": "node/13037313664"
    },
    {
      "type": "Feature",
      "properties": {
        "@id": "node/13038538005",
        "addr:street": "Jalan Todak 2",
        "amenity": "restaurant",
        "name": "Kalpasi Curry House"
      },
      "geometry": {
        "type": "Point",
        "coordinates": [
          100.3988123,
          5.3965865
        ]
      },
      "id": "node/13038538005"
    },
    {
      "type": "Feature",
      "properties": {
        "@id": "node/13038538006",
        "amenity": "restaurant",
        "name": "Nasi Kandar N’Siti Maju"
      },
      "geometry": {
        "type": "Point",
        "coordinates": [
          100.3978371,
          5.3961019
        ]
      },
      "id": "node/13038538006"
    },
    {
      "type": "Feature",
      "properties": {
        "@id": "node/13038538018",
        "addr:street": "Jalan Todak 2",
        "amenity": "restaurant",
        "name": "Nasi Kandar Ayam Bawang Rashid"
      },
      "geometry": {
        "type": "Point",
        "coordinates": [
          100.3989163,
          5.3973763
        ]
      },
      "id": "node/13038538018"
    },
    {
      "type": "Feature",
      "properties": {
        "@id": "node/13042744901",
        "addr:housenumber": "260",
        "addr:street": "Victoria Street",
        "amenity": "restaurant",
        "name": "Rioh",
        "name:en": "Rioh",
        "name:ms": "Rioh",
        "outdoor_seating": "yes"
      },
      "geometry": {
        "type": "Point",
        "coordinates": [
          100.3405589,
          5.4146841
        ]
      },
      "id": "node/13042744901"
    },
    {
      "type": "Feature",
      "properties": {
        "@id": "node/13063290760",
        "amenity": "restaurant",
        "check_date": "2025-08-11",
        "cuisine": "chinese",
        "level": "0",
        "name": "Yu Village",
        "name:en": "Yu Village",
        "name:zh": "渔家庄",
        "name:zh-Hans": "渔家庄",
        "name:zh-Hant": "漁家莊"
      },
      "geometry": {
        "type": "Point",
        "coordinates": [
          100.3354932,
          5.4228658
        ]
      },
      "id": "node/13063290760"
    },
    {
      "type": "Feature",
      "properties": {
        "@id": "node/13063290762",
        "amenity": "restaurant",
        "cuisine": "chinese",
        "name": "Zai San Bei",
        "name:en": "Zai San Bei",
        "name:zh": "再三杯",
        "name:zh-Hans": "再三杯",
        "name:zh-Hant": "再三杯"
      },
      "geometry": {
        "type": "Point",
        "coordinates": [
          100.335335,
          5.4227872
        ]
      },
      "id": "node/13063290762"
    },
    {
      "type": "Feature",
      "properties": {
        "@id": "node/13063317009",
        "amenity": "restaurant",
        "check_date": "2025-08-11",
        "name": "Don Western and Grill",
        "name:en": "Don Western and Grill"
      },
      "geometry": {
        "type": "Point",
        "coordinates": [
          100.3350097,
          5.4224368
        ]
      },
      "id": "node/13063317009"
    },
    {
      "type": "Feature",
      "properties": {
        "@id": "node/13063317010",
        "amenity": "restaurant",
        "check_date": "2025-08-11",
        "cuisine": "indian",
        "name": "Kashmir",
        "name:en": "Kashmir"
      },
      "geometry": {
        "type": "Point",
        "coordinates": [
          100.3350756,
          5.4224679
        ]
      },
      "id": "node/13063317010"
    },
    {
      "type": "Feature",
      "properties": {
        "@id": "node/13070254600",
        "addr:city": "Butterworth",
        "addr:housenumber": "47",
        "addr:postcode": "13400",
        "addr:street": "Lorong Teras Jaya 2",
        "air_conditioning": "yes",
        "amenity": "restaurant",
        "cuisine": "chinese;dessert;tea;asian;ice_cream",
        "delivery": "yes",
        "description": "In today’s fast-paced life, Tang Xia offers a moment of pause with a bowl of dessert soup — slow-cooked from premium ingredients, low in sugar, and rich in natural flavor. Less burden, more delight, where health and pleasure meet in harmony.",
        "diet:gluten_free": "yes",
        "diet:healthy": "yes",
        "diet:sugar": "yes",
        "email": "tangxia.dessert@gmail.com",
        "internet_access": "yes",
        "name": "Tang Xia Dessert 糖夏甜铺",
        "opening_hours": "Tu-Su 13:00-22:00",
        "outdoor_seating": "yes",
        "payment:cash": "yes",
        "payment:contactless": "yes",
        "payment:credit_cards": "yes",
        "payment:debit_cards": "yes",
        "payment:mastercard": "yes",
        "payment:visa": "yes",
        "phone": "01116788611",
        "reservation": "yes",
        "takeaway": "yes",
        "toilets": "yes",
        "website": "https://www.facebook.com/share/163CynuuRs/?mibextid=wwXIfr"
      },
      "geometry": {
        "type": "Point",
        "coordinates": [
          100.3898864,
          5.4345077
        ]
      },
      "id": "node/13070254600"
    },
    {
      "type": "Feature",
      "properties": {
        "@id": "node/13077396603",
        "addr:city": "Bayan Lepas",
        "addr:housenumber": "3-G-23",
        "addr:place": "Queens Residences Q2",
        "addr:postcode": "11900",
        "addr:street": "Jalan Bayan Indah",
        "air_conditioning": "yes",
        "amenity": "restaurant",
        "check_date": "2026-02-15",
        "contact:instagram": "unknown.penang",
        "internet_access": "wlan",
        "internet_access:fee": "no",
        "internet_access:password": "passwordisunknown",
        "internet_access:ssid": "Unknown",
        "level": "0",
        "name": "Unknown Cafe & Bistro (Waterfront Series)",
        "opening_hours": "Mo-Su 09:00-22:00",
        "outdoor_seating": "yes",
        "phone": "+60123690407",
        "self_service": "no",
        "website:menu": "https://drive.google.com/drive/folders/1XLWyL66OADusxr0oG71MNdy9aG5fwrKO"
      },
      "geometry": {
        "type": "Point",
        "coordinates": [
          100.3101628,
          5.3328999
        ]
      },
      "id": "node/13077396603"
    },
    {
      "type": "Feature",
      "properties": {
        "@id": "node/13088487258",
        "amenity": "restaurant",
        "name": "Kedai Kopi Wah Tong"
      },
      "geometry": {
        "type": "Point",
        "coordinates": [
          100.3713962,
          5.4078534
        ]
      },
      "id": "node/13088487258"
    },
    {
      "type": "Feature",
      "properties": {
        "@id": "node/13088488602",
        "addr:housenumber": "3618",
        "addr:street": "Jalan Heng Choon Thian",
        "amenity": "restaurant",
        "name": "Ferry Berasap"
      },
      "geometry": {
        "type": "Point",
        "coordinates": [
          100.371244,
          5.4074537
        ]
      },
      "id": "node/13088488602"
    },
    {
      "type": "Feature",
      "properties": {
        "@id": "node/13096392586",
        "amenity": "restaurant",
        "name": "Opulent by Lava Dining",
        "name:en": "Opulent by Lava Dining"
      },
      "geometry": {
        "type": "Point",
        "coordinates": [
          100.3273489,
          5.4254927
        ]
      },
      "id": "node/13096392586"
    },
    {
      "type": "Feature",
      "properties": {
        "@id": "node/13109982902",
        "addr:housenumber": "01-23, Block 2",
        "addr:postcode": "11700",
        "addr:street": "Lebuh Tunku Kudin 3",
        "amenity": "restaurant",
        "cuisine": "japanese",
        "name": "Hanabi Udini Square",
        "opening_hours": "Mo-Su 11:30-22:00",
        "phone": "016-238 2368",
        "self_service": "no"
      },
      "geometry": {
        "type": "Point",
        "coordinates": [
          100.3140904,
          5.3777658
        ]
      },
      "id": "node/13109982902"
    },
    {
      "type": "Feature",
      "properties": {
        "@id": "node/13110003301",
        "addr:housenumber": "No. 72-1-17",
        "addr:postcode": "11950",
        "addr:street": "Jalan Mahsuri",
        "amenity": "restaurant",
        "cuisine": "mediterranean",
        "name": "Dandy @ Arena Curve (Halal)",
        "opening_hours": "Mo-Su 11:00-22:00",
        "website": "https://dandy.com.my/",
        "website:menu": "https://dandy.com.my/menu/"
      },
      "geometry": {
        "type": "Point",
        "coordinates": [
          100.2807812,
          5.3267899
        ]
      },
      "id": "node/13110003301"
    },
    {
      "type": "Feature",
      "properties": {
        "@id": "node/13110004701",
        "addr:housenumber": "No. 72-1-17",
        "addr:postcode": "11950",
        "addr:street": "Jalan Mahsuri",
        "amenity": "restaurant",
        "cuisine": "mediterranean",
        "internet_access": "wlan",
        "name": "Dandy @ Arena Curve (Halal)",
        "opening_hours": "Mo-Su 11:00-22:00",
        "phone": "017-557 3141",
        "self_service": "no",
        "website": "https://dandy.com.my/",
        "website:menu": "https://dandy.com.my/menu/"
      },
      "geometry": {
        "type": "Point",
        "coordinates": [
          100.2807812,
          5.3267899
        ]
      },
      "id": "node/13110004701"
    },
    {
      "type": "Feature",
      "properties": {
        "@id": "node/13110221629",
        "addr:city": "Gelugor",
        "addr:housenumber": "195",
        "addr:postcode": "11700",
        "addr:street": "Jalan Bunga Cempaka",
        "air_conditioning": "yes",
        "amenity": "restaurant",
        "cuisine": "taiwanese",
        "name": "The Little House Kochabi",
        "opening_hours": "Tu-We 11:00-15:00, 17:30-21:00; Fr-Su 11:00-15:00, 17:30-21:00",
        "phone": "011-5675 0622",
        "takeaway": "yes",
        "toilets": "yes",
        "website": "https://littlehousekochabi.com/",
        "website:menu": "https://littlehousekochabi.com/#menus",
        "wheelchair": "yes"
      },
      "geometry": {
        "type": "Point",
        "coordinates": [
          100.3049377,
          5.3812878
        ]
      },
      "id": "node/13110221629"
    },
    {
      "type": "Feature",
      "properties": {
        "@id": "node/13110237392",
        "addr:city": "Gelugor",
        "addr:housenumber": "2-G-2",
        "addr:postcode": "11700",
        "addr:street": "Lebuh Pekaka 1",
        "amenity": "restaurant",
        "contact:facebook": "https://www.facebook.com/mr.eight.kitchen/",
        "cuisine": "fusion",
        "delivery": "yes",
        "internet_access": "wlan",
        "level": "1;2",
        "name": "Mr Eight Kitchen",
        "opening_hours": "10:00-22:00",
        "payment:credit_cards": "yes",
        "payment:debit_cards": "yes",
        "payment:nfc_mobile_payments": "yes",
        "takeaway": "yes",
        "toilets": "yes",
        "website": "https://www.facebook.com/mr.eight.kitchen/"
      },
      "geometry": {
        "type": "Point",
        "coordinates": [
          100.2955417,
          5.3489213
        ]
      },
      "id": "node/13110237392"
    },
    {
      "type": "Feature",
      "properties": {
        "@id": "node/13110460721",
        "addr:city": "Jelutong",
        "addr:housenumber": "17A",
        "addr:postcode": "11600",
        "addr:street": "Medan Batu Lanchang",
        "air_conditioning": "yes",
        "amenity": "restaurant",
        "contact:facebook": "https://www.facebook.com/oliviaspapi/",
        "cuisine": "western",
        "delivery": "yes",
        "highchair": "yes",
        "name": "Olivia's Restaurant",
        "opening_hours": "Tu-Su 11:00-15:30, 16:30-21:00",
        "payment:credit_cards": "yes",
        "payment:debit_cards": "yes",
        "payment:nfc_mobile_payments": "yes",
        "phone": "0176655166",
        "reservation": "yes",
        "takeaway": "yes",
        "toilets": "yes",
        "website": "https://www.facebook.com/oliviaspapi/",
        "website:menu": "http://olivias.geniuspos.com.my/",
        "wheelchair": "no"
      },
      "geometry": {
        "type": "Point",
        "coordinates": [
          100.3055056,
          5.388846
        ]
      },
      "id": "node/13110460721"
    },
    {
      "type": "Feature",
      "properties": {
        "@id": "node/13127707601",
        "addr:street": "Lebuh Kimberley",
        "amenity": "restaurant",
        "cuisine": "vietnamese",
        "internet_access": "wlan",
        "name": "Viet Garden",
        "name:en": "Viet Garden",
        "outdoor_seating": "yes",
        "self_service": "no"
      },
      "geometry": {
        "type": "Point",
        "coordinates": [
          100.3310861,
          5.417392
        ]
      },
      "id": "node/13127707601"
    },
    {
      "type": "Feature",
      "properties": {
        "@id": "node/13131035416",
        "addr:city": "George Town",
        "addr:housenumber": "474",
        "addr:postcode": "10300",
        "addr:street": "Lebuh Pantai",
        "amenity": "restaurant",
        "bar": "yes",
        "cuisine": "asian;european;brunch;diner",
        "highchair": "yes",
        "name": "Solt Penang Georgetown",
        "name:en": "Solt Penang Georgetown",
        "opening_hours": "Tu-Su 17:30-02:00, Fri-Su 11:00-14:30",
        "phone": "+60128660474",
        "reservation": "yes",
        "takeaway": "yes",
        "website": "https://solt.asia"
      },
      "geometry": {
        "type": "Point",
        "coordinates": [
          100.3350449,
          5.4124008
        ]
      },
      "id": "node/13131035416"
    },
    {
      "type": "Feature",
      "properties": {
        "@id": "node/13157861101",
        "amenity": "restaurant",
        "name": "1 LDK Eatery",
        "name:en": "1 LDK Eatery"
      },
      "geometry": {
        "type": "Point",
        "coordinates": [
          100.3226267,
          5.4242034
        ]
      },
      "id": "node/13157861101"
    },
    {
      "type": "Feature",
      "properties": {
        "@id": "node/13161360702",
        "amenity": "restaurant",
        "name": "Fourspoons Ice Cream"
      },
      "geometry": {
        "type": "Point",
        "coordinates": [
          100.3187945,
          5.4300334
        ]
      },
      "id": "node/13161360702"
    },
    {
      "type": "Feature",
      "properties": {
        "@id": "node/13188448985",
        "addr:floor": "G",
        "addr:housenumber": "1",
        "addr:street": "Jalan Seri Tanjung Pinang 1",
        "amenity": "restaurant",
        "check_date": "2025-10-03",
        "check_date:opening_hours": "2025-10-03",
        "cuisine": "japanese",
        "level": "0",
        "name": "HAKU - Extraordinary Japanese Cuisine",
        "opening_hours": "Mo-Su,PH 12:00-14:30,18:00-22:30",
        "payment:credit_cards": "yes",
        "payment:debit_cards": "yes"
      },
      "geometry": {
        "type": "Point",
        "coordinates": [
          100.3095053,
          5.457788
        ]
      },
      "id": "node/13188448985"
    },
    {
      "type": "Feature",
      "properties": {
        "@id": "node/13195455738",
        "addr:city": "Bandar Cassia",
        "addr:housenumber": "18-G",
        "addr:place": "Pusat Komersial",
        "addr:postcode": "14110",
        "addr:street": "Jalan Borealis 2",
        "air_conditioning": "yes",
        "amenity": "restaurant",
        "cuisine": "chinese",
        "email": "dyt.batukawan@gmail.com",
        "internet_access": "wlan",
        "internet_access:fee": "no",
        "internet_access:password": "Taipei101",
        "internet_access:ssid": "Taiwanese Palace 2.4GHz;Taiwanese Palace",
        "level": "0;1",
        "name": "Taiwanese Palace Batu Kawan",
        "opening_hours": "Mo-Su 11:00-15:20,17:30-21:20",
        "outdoor_seating": "no",
        "phone": "+60 124636818",
        "toilets": "yes"
      },
      "geometry": {
        "type": "Point",
        "coordinates": [
          100.4434417,
          5.2368162
        ]
      },
      "id": "node/13195455738"
    },
    {
      "type": "Feature",
      "properties": {
        "@id": "node/13254283302",
        "amenity": "restaurant",
        "name": "Khunthai"
      },
      "geometry": {
        "type": "Point",
        "coordinates": [
          100.2191804,
          5.2821048
        ]
      },
      "id": "node/13254283302"
    },
    {
      "type": "Feature",
      "properties": {
        "@id": "node/13301337323",
        "addr:city": "George Town",
        "addr:housenumber": "516",
        "addr:postcode": "10300",
        "addr:street": "Lebuh Pantai",
        "air_conditioning": "yes",
        "amenity": "restaurant",
        "capacity": "11",
        "cuisine": "japanese",
        "email": "hello.ramenkiller@gmail.com",
        "internet_access": "wlan",
        "internet_access:fee": "no",
        "internet_access:password": "ramensocialclub",
        "internet_access:ssid": "parasite",
        "level": "0",
        "mobile": "+60 183800522",
        "name": "Ramen Killer",
        "name:en": "Ramen Killer",
        "opening_hours": "We-Su 12:00-15:00,18:00-22:00",
        "outdoor_seating": "no",
        "phone": "+60 183800522",
        "reservation": "required",
        "smoking": "no",
        "website": "https://ramenkiller.geniuspos-booking.com.my/"
      },
      "geometry": {
        "type": "Point",
        "coordinates": [
          100.3342815,
          5.4121389
        ]
      },
      "id": "node/13301337323"
    },
    {
      "type": "Feature",
      "properties": {
        "@id": "node/13316262505",
        "addr:city": "Farlim",
        "addr:housenumber": "6G-1-7",
        "addr:place": "All Seasons Place",
        "addr:postcode": "11500",
        "addr:street": "Lebuhraya Thean Tek",
        "air_conditioning": "yes",
        "amenity": "restaurant",
        "bar": "no",
        "cuisine": "chinese",
        "internet_access": "wlan",
        "internet_access:fee": "no",
        "internet_access:password": "feiguoallseason02",
        "internet_access:ssid": "feiguoallseason;feiguseason_5GHz",
        "level": "0",
        "name": "HK Fei's Guo Rice Noodles"
      },
      "geometry": {
        "type": "Point",
        "coordinates": [
          100.2908804,
          5.3972669
        ]
      },
      "id": "node/13316262505"
    },
    {
      "type": "Feature",
      "properties": {
        "@id": "node/13350367731",
        "addr:city": "Bayan Lepas",
        "addr:housenumber": "70-1-14",
        "addr:place": "D'Piazza Mall",
        "addr:postcode": "11900",
        "addr:street": "Jalan Mahsuri",
        "air_conditioning": "yes",
        "amenity": "restaurant",
        "cuisine": "malaysian",
        "email": "fourduan@gamil.com",
        "level": "0",
        "mobile": "+60143469114",
        "name": "DU-AN",
        "opening_hours": "Mo-Su 10:30-21:15",
        "outdoor_seating": "yes",
        "toilets": "yes"
      },
      "geometry": {
        "type": "Point",
        "coordinates": [
          100.2828621,
          5.3267357
        ]
      },
      "id": "node/13350367731"
    },
    {
      "type": "Feature",
      "properties": {
        "@id": "node/13359567001",
        "amenity": "restaurant",
        "name": "Little June Sushi Restaurant"
      },
      "geometry": {
        "type": "Point",
        "coordinates": [
          100.4572554,
          5.3484197
        ]
      },
      "id": "node/13359567001"
    },
    {
      "type": "Feature",
      "properties": {
        "@id": "node/13359567101",
        "amenity": "restaurant",
        "name": "Sisters Noodle House"
      },
      "geometry": {
        "type": "Point",
        "coordinates": [
          100.4564916,
          5.3444407
        ]
      },
      "id": "node/13359567101"
    },
    {
      "type": "Feature",
      "properties": {
        "@id": "node/13388447644",
        "amenity": "restaurant",
        "cuisine": "economy_rice_on_a_grand_scale",
        "diet:healthy": "yes",
        "name": "Restoran Tanjung Bunga",
        "phone": "0127741298"
      },
      "geometry": {
        "type": "Point",
        "coordinates": [
          100.3050139,
          5.4516932
        ]
      },
      "id": "node/13388447644"
    },
    {
      "type": "Feature",
      "properties": {
        "@id": "node/13388542833",
        "amenity": "restaurant",
        "cuisine": "various",
        "name": "OLD CITY FOOD COURT",
        "opening_hours": "NOT SATURDAYS"
      },
      "geometry": {
        "type": "Point",
        "coordinates": [
          100.3042221,
          5.451241
        ]
      },
      "id": "node/13388542833"
    },
    {
      "type": "Feature",
      "properties": {
        "@id": "node/13390657596",
        "addr:housenumber": "47",
        "addr:street": "Jalan Sultan Ahmad Shah",
        "air_conditioning": "yes",
        "amenity": "restaurant",
        "contact:email": "sales@maplepalace.com",
        "cuisine": "chinese",
        "name": "Maple Palace Restaurant",
        "name:en": "Maple Palace Restaurant",
        "name:zh": "美宝阁",
        "name:zh-Hans": "美宝阁",
        "name:zh-Hant": "美寶閣",
        "opening_hours": "Mo-Su 12:00-14:30; Mo-Su 18:00-22:00",
        "phone": "+60 4-227 4542;+60 4-227 9640;+60 4-227 9690",
        "smoking": "no",
        "website": "https://www.maplepalace.com"
      },
      "geometry": {
        "type": "Point",
        "coordinates": [
          100.3232439,
          5.4257266
        ]
      },
      "id": "node/13390657596"
    },
    {
      "type": "Feature",
      "properties": {
        "@id": "node/13390657599",
        "amenity": "restaurant",
        "level": "0",
        "name": "Hoseh Kopitiam",
        "name:ms": "Hoseh Kopitiam",
        "name:zh-Hans": "丰盛咖啡店"
      },
      "geometry": {
        "type": "Point",
        "coordinates": [
          100.3856611,
          5.4357646
        ]
      },
      "id": "node/13390657599"
    },
    {
      "type": "Feature",
      "properties": {
        "@id": "node/13390680003",
        "amenity": "restaurant",
        "level": "0",
        "name": "Restoran Green Planet",
        "name:ms": "Restoran Green Planet",
        "name:zh-Hant": "金星麵食糖水屋"
      },
      "geometry": {
        "type": "Point",
        "coordinates": [
          100.3912927,
          5.3864772
        ]
      },
      "id": "node/13390680003"
    },
    {
      "type": "Feature",
      "properties": {
        "@id": "node/13390680009",
        "amenity": "restaurant",
        "level": "0",
        "name": "Mua Mua Cafe",
        "name:en": "Mua Mua Cafe",
        "name:zh-Hans": "满满小食馆"
      },
      "geometry": {
        "type": "Point",
        "coordinates": [
          100.3905025,
          5.4346857
        ]
      },
      "id": "node/13390680009"
    },
    {
      "type": "Feature",
      "properties": {
        "@id": "node/13390759601",
        "amenity": "restaurant",
        "cuisine": "chinese",
        "name": "CHONG Charcoal Seafood Char Koay Teow",
        "name:en": "CHONG Charcoal Seafood Char Koay Teow",
        "name:zh": "炭烧海鲜炒粿条",
        "name:zh-Hans": "炭烧海鲜炒粿条",
        "name:zh-Hant": "炭燒海鮮炒粿條"
      },
      "geometry": {
        "type": "Point",
        "coordinates": [
          100.3265239,
          5.4149595
        ]
      },
      "id": "node/13390759601"
    },
    {
      "type": "Feature",
      "properties": {
        "@id": "node/13412731453",
        "amenity": "restaurant",
        "name": "Curry & Co",
        "name:en": "Curry & Co"
      },
      "geometry": {
        "type": "Point",
        "coordinates": [
          100.3395074,
          5.4192224
        ]
      },
      "id": "node/13412731453"
    },
    {
      "type": "Feature",
      "properties": {
        "@id": "node/13412731454",
        "amenity": "restaurant",
        "name": "Cafe Little Angel"
      },
      "geometry": {
        "type": "Point",
        "coordinates": [
          100.3393166,
          5.4189069
        ]
      },
      "id": "node/13412731454"
    },
    {
      "type": "Feature",
      "properties": {
        "@id": "node/13412808020",
        "amenity": "restaurant",
        "name": "Restoran 72",
        "name:ms": "Restoran 72"
      },
      "geometry": {
        "type": "Point",
        "coordinates": [
          100.3407774,
          5.4163098
        ]
      },
      "id": "node/13412808020"
    },
    {
      "type": "Feature",
      "properties": {
        "@id": "node/13420281571",
        "addr:city": "Bukit Mertajam",
        "addr:postcode": "14000",
        "addr:street": "1870-2235, P178, 14000 Bukit Mertajam, Pulau Pinang",
        "amenity": "restaurant",
        "cuisine": "chinese",
        "name": "Restoran Rumah Hijau",
        "opening_hours": "Mo-Su 11:00-10:00",
        "phone": "+6045542869"
      },
      "geometry": {
        "type": "Point",
        "coordinates": [
          100.4749896,
          5.3310998
        ]
      },
      "id": "node/13420281571"
    },
    {
      "type": "Feature",
      "properties": {
        "@id": "node/13428291067",
        "addr:city": "Bukit Mertajam",
        "addr:housenumber": "2816",
        "addr:postcode": "14000",
        "addr:street": "Jalan Rozhan, 14000 Bukit Mertajam, Pulau Pinang",
        "amenity": "restaurant",
        "diet:halal": "yes",
        "name": "Kedai Sayuthi TomYam",
        "opening_hours": "Mo-Su 04:00 PTG 02:00 AM",
        "phone": "0174664855"
      },
      "geometry": {
        "type": "Point",
        "coordinates": [
          100.4839717,
          5.33814
        ]
      },
      "id": "node/13428291067"
    },
    {
      "type": "Feature",
      "properties": {
        "@id": "node/13449471801",
        "addr:housenumber": "2-4",
        "addr:postcode": "10200",
        "addr:street": "Chulia Street",
        "amenity": "restaurant",
        "cuisine": "malaysian",
        "name": "Nasi Lemak Burung Hantu",
        "name:ms": "Nasi Lemak Burung Hantu",
        "opening_hours": "Mo-Su 07:00-04:00",
        "phone": "+60126961553",
        "website": "https://nlbh.my",
        "website:menu": "https://drive.google.com/file/d/1z3L8ngIjJvZUsFZpS0UbNmYKMrRIPeSC/view"
      },
      "geometry": {
        "type": "Point",
        "coordinates": [
          100.3394881,
          5.4156176
        ]
      },
      "id": "node/13449471801"
    },
    {
      "type": "Feature",
      "properties": {
        "@id": "node/13457293443",
        "addr:city": "Bandar Cassia",
        "addr:housenumber": "12-G",
        "addr:place": "Pusat Perniagaan Sinaran",
        "addr:postcode": "14110",
        "addr:street": "Persiaran Cassia Utropolis",
        "air_conditioning": "yes",
        "amenity": "restaurant",
        "cuisine": "chinese",
        "email": "makannasi.penang@gmail.com",
        "internet_access": "wlan",
        "internet_access:fee": "no",
        "internet_access:password": "makannasi99",
        "internet_access:ssid": "SYSTEM;SYSTEM-5G",
        "level": "0",
        "mobile": "+60 1128823881",
        "name": "Makan Nasi",
        "name:zh": "吃饭公司",
        "outdoor_seating": "no",
        "phone": "+60 1128823881",
        "toilets": "yes"
      },
      "geometry": {
        "type": "Point",
        "coordinates": [
          100.4397973,
          5.2412107
        ]
      },
      "id": "node/13457293443"
    },
    {
      "type": "Feature",
      "properties": {
        "@id": "node/13465331601",
        "amenity": "restaurant",
        "cuisine": "arab",
        "name": "Marhaba",
        "name:en": "Marhaba",
        "name:ms": "Marhaba"
      },
      "geometry": {
        "type": "Point",
        "coordinates": [
          100.3377689,
          5.4170159
        ]
      },
      "id": "node/13465331601"
    },
    {
      "type": "Feature",
      "properties": {
        "@id": "node/13518631248",
        "amenity": "restaurant",
        "name": "Liu Siang Kopitiam",
        "name:en": "Liu Siang Kopitiam",
        "name:zh": "留香茶餐室",
        "name:zh-Hans": "留香茶餐室",
        "name:zh-Hant": "留香茶餐室"
      },
      "geometry": {
        "type": "Point",
        "coordinates": [
          100.448623,
          5.2738919
        ]
      },
      "id": "node/13518631248"
    },
    {
      "type": "Feature",
      "properties": {
        "@id": "node/13533351901",
        "addr:city": "Bayan Lepas",
        "addr:housenumber": "749A",
        "addr:postcode": "11900",
        "addr:street": "Jalan Sultan Azlan Shah",
        "air_conditioning": "yes",
        "alt_name": "MuMu Breakfast",
        "amenity": "restaurant",
        "cuisine": "breakfast",
        "name": "MuTaiZi Cafe",
        "name:zh": "木太子咖啡店",
        "opening_hours": "Mo-Su 07:00-21:00",
        "outdoor_seating": "yes",
        "payment:nfc_mobile_payments": "yes",
        "phone": "+6012-812 0198",
        "self_service": "no",
        "takeaway": "yes",
        "toilets": "yes"
      },
      "geometry": {
        "type": "Point",
        "coordinates": [
          100.2981028,
          5.3376188
        ]
      },
      "id": "node/13533351901"
    },
    {
      "type": "Feature",
      "properties": {
        "@id": "node/13564084601",
        "addr:city": "George Town",
        "addr:housenumber": "24",
        "addr:postcode": "10400",
        "addr:street": "Jalan Logan",
        "air_conditioning": "yes",
        "amenity": "restaurant",
        "changing_table": "yes",
        "check_date": "2026-02-14",
        "check_date:opening_hours": "2026-02-14",
        "contact:facebook": "dailyfishpg",
        "cuisine": "chinese;seafood",
        "delivery": "yes",
        "diet:seafood": "yes",
        "diet:vegetarian": "yes",
        "highchair": "yes",
        "internet_access": "wlan",
        "internet_access:fee": "no",
        "name": "Daily Fish PG Logan Road",
        "name:en": "Daily Fish PG Logan Road",
        "name:zh": "天天鱼 海鲜大酒楼",
        "name:zh-Hans": "天天鱼 海鲜大酒楼",
        "name:zh-Hant": "天天魚 海鮮大酒樓",
        "opening_hours": "Mo-Su 08:00-14:30, 18:00-21:30",
        "outdoor_seating": "no",
        "payment:credit_cards": "yes",
        "payment:debit_cards": "yes",
        "payment:nfc_mobile_payments": "yes",
        "phone": "+604-229 2678",
        "reservation": "yes",
        "self_service": "no",
        "takeaway": "yes",
        "toilets": "yes",
        "toilets:wheelchair": "yes",
        "wheelchair": "yes"
      },
      "geometry": {
        "type": "Point",
        "coordinates": [
          100.3188865,
          5.4207788
        ]
      },
      "id": "node/13564084601"
    },
    {
      "type": "Feature",
      "properties": {
        "@id": "node/13586139202",
        "addr:city": "George Town",
        "addr:housenumber": "170",
        "addr:postcode": "10300",
        "addr:street": "Lebuh McNair",
        "air_conditioning": "yes",
        "amenity": "restaurant",
        "check_date": "2026-02-21",
        "check_date:opening_hours": "2026-02-21",
        "contact:facebook": "61572942523350",
        "contact:instagram": "hummingbird.pg",
        "cuisine": "western",
        "diet:non-halal": "yes",
        "internet_access": "wlan",
        "name": "Hummingbird Cafe & Dining",
        "name:en": "Hummingbird Cafe & Dining",
        "opening_hours": "Mo, Th-Fr 11:30-15:00, 17:00-21:00; Sa-Su 11:30-21:00",
        "outdoor_seating": "no",
        "payment:credit_cards": "yes",
        "payment:debit_cards": "yes",
        "payment:nfc_mobile_payments": "yes",
        "phone": "+6016-346 1398",
        "reservation": "yes",
        "self_service": "no",
        "takeaway": "yes",
        "toilets": "yes"
      },
      "geometry": {
        "type": "Point",
        "coordinates": [
          100.3291639,
          5.4089236
        ]
      },
      "id": "node/13586139202"
    },
    {
      "type": "Feature",
      "properties": {
        "@id": "node/13596771002",
        "addr:housenumber": "3",
        "addr:street": "Lebuh Keng Kwee",
        "amenity": "restaurant",
        "name": "Ma La Xiang",
        "name:en": "Ma La Xiang",
        "name:ms": "Ma La Xiang",
        "opening_hours": "Th-Tu 09:00-17:30"
      },
      "geometry": {
        "type": "Point",
        "coordinates": [
          100.3312107,
          5.4165904
        ]
      },
      "id": "node/13596771002"
    },
    {
      "type": "Feature",
      "properties": {
        "@id": "node/13596771003",
        "addr:street": "Lebuh Carnarvon",
        "amenity": "restaurant",
        "cuisine": "thai",
        "name": "WhatSaeb Boat Noodles",
        "name:en": "WhatSaeb Boat Noodles",
        "opening_hours": "We-Mo 12:00-22:00",
        "phone": "+60175556133"
      },
      "geometry": {
        "type": "Point",
        "coordinates": [
          100.3343325,
          5.414717
        ]
      },
      "id": "node/13596771003"
    },
    {
      "type": "Feature",
      "properties": {
        "@id": "node/13603020602",
        "addr:housenumber": "1",
        "addr:street": "Jalan Gottlieb",
        "amenity": "restaurant",
        "name": "Wan Dao Tou Assam Laksa",
        "opening_hours": "Tu-Su 11:00-17:00",
        "phone": "+60164806558"
      },
      "geometry": {
        "type": "Point",
        "coordinates": [
          100.3029979,
          5.4335023
        ]
      },
      "id": "node/13603020602"
    },
    {
      "type": "Feature",
      "properties": {
        "@id": "node/13603027601",
        "addr:street": "Persiaran Gurney",
        "amenity": "restaurant",
        "cuisine": "seafood",
        "name": "Bali Hai Seafood Market",
        "opening_hours": "Mo 16:00-00:00; Tu-Su 08:00-14:30, 16:00-00:00",
        "phone": "+6042281272"
      },
      "geometry": {
        "type": "Point",
        "coordinates": [
          100.315377,
          5.4338359
        ]
      },
      "id": "node/13603027601"
    },
    {
      "type": "Feature",
      "properties": {
        "@id": "node/13603027701",
        "addr:street": "Lebuh Carnarvon",
        "amenity": "restaurant",
        "name": "Jit Seng Hong Kong Roasted Duck Rice",
        "name:en": "Jit Seng Hong Kong Roasted Duck Rice",
        "opening_hours": "Mo-Sa 12:30-15:00",
        "phone": "+60164561019"
      },
      "geometry": {
        "type": "Point",
        "coordinates": [
          100.3340575,
          5.4148503
        ]
      },
      "id": "node/13603027701"
    },
    {
      "type": "Feature",
      "properties": {
        "@id": "node/13603027801",
        "addr:housenumber": "99",
        "addr:street": "Jalan Lembah Permai",
        "amenity": "restaurant",
        "name": "Awesome Char Koay Teow",
        "name:zh": "齿刘香炒粿条",
        "phone": "+60124826118"
      },
      "geometry": {
        "type": "Point",
        "coordinates": [
          100.2825266,
          5.4586137
        ]
      },
      "id": "node/13603027801"
    },
    {
      "type": "Feature",
      "properties": {
        "@id": "node/13609090263",
        "addr:city": "Simpang Ampat",
        "addr:housenumber": "43-G",
        "addr:postcode": "14100",
        "addr:street": "Jalan Iconic Point",
        "air_conditioning": "yes",
        "amenity": "restaurant",
        "cuisine": "japanese",
        "internet_access": "wlan",
        "internet_access:fee": "no",
        "internet_access:password": "ILOVESHINJUKU",
        "internet_access:ssid": "Shinjuku_2.4G@unifi;Shinjuku_5G@unifi",
        "level": "0",
        "name": "Shinjuku Japanese Restaurant",
        "opening_hours": "Mo-Su 11:00-22:30"
      },
      "geometry": {
        "type": "Point",
        "coordinates": [
          100.4745839,
          5.2842442
        ]
      },
      "id": "node/13609090263"
    },
    {
      "type": "Feature",
      "properties": {
        "@id": "node/13614530501",
        "addr:housenumber": "55",
        "addr:street": "Lebuh King",
        "amenity": "restaurant",
        "cuisine": "indian",
        "diet:vegetarian": "yes",
        "name": "Adyar Anadar Bhavan",
        "name:en": "Adyar Anadar Bhavan",
        "name:ms": "Adyar Anadar Bhavan"
      },
      "geometry": {
        "type": "Point",
        "coordinates": [
          100.3395141,
          5.4173202
        ]
      },
      "id": "node/13614530501"
    },
    {
      "type": "Feature",
      "properties": {
        "@id": "node/13648984501",
        "addr:housenumber": "53",
        "addr:postcode": "10050",
        "addr:street": "Jalan Nagor",
        "amenity": "restaurant",
        "check_date": "2026-03-14",
        "check_date:opening_hours": "2026-03-14",
        "contact:facebook": "@nineteenpg",
        "contact:instagram": "nineteenpenang",
        "name": "NINETEEN",
        "name:en": "NINETEEN",
        "name:zh": "十九间",
        "name:zh-Hans": "十九间",
        "name:zh-Hant": "十九間",
        "opening_hours": "Mo-Su 11:00-03:00",
        "phone": "+6011-2926 6119",
        "self_service": "no"
      },
      "geometry": {
        "type": "Point",
        "coordinates": [
          100.3259791,
          5.4208313
        ]
      },
      "id": "node/13648984501"
    },
    {
      "type": "Feature",
      "properties": {
        "@id": "node/13652614001",
        "addr:housenumber": "139",
        "addr:street": "Lebuh Kimberley",
        "amenity": "restaurant",
        "name": "Hokkien Prawn Mee Lor Mee",
        "name:en": "Hokkien Prawn Mee Lor Mee"
      },
      "geometry": {
        "type": "Point",
        "coordinates": [
          100.3327123,
          5.416274
        ]
      },
      "id": "node/13652614001"
    },
    {
      "type": "Feature",
      "properties": {
        "@id": "node/13654163401",
        "amenity": "restaurant",
        "cuisine": "japanese",
        "name": "Sokyo",
        "name:en": "Sokyo",
        "name:ms": "Sokyo",
        "opening_hours": "Mo-Su 11:30-15:00, 17:00-22:30"
      },
      "geometry": {
        "type": "Point",
        "coordinates": [
          100.3200007,
          5.4156823
        ]
      },
      "id": "node/13654163401"
    },
    {
      "type": "Feature",
      "properties": {
        "@id": "node/13655255202",
        "addr:housenumber": "184",
        "addr:street": "Lebuh Pantai",
        "amenity": "restaurant",
        "name": "Cheng Du Old Street",
        "name:en": "Cheng Du Old Street"
      },
      "geometry": {
        "type": "Point",
        "coordinates": [
          100.3395816,
          5.4155079
        ]
      },
      "id": "node/13655255202"
    },
    {
      "type": "Feature",
      "properties": {
        "@id": "node/13658277001",
        "addr:street": "Jalan Hassan Abas",
        "amenity": "restaurant",
        "cuisine": "chinese;malaysian;seafood",
        "name": "Tai Tong Seafood",
        "name:zh": "大东海鲜楼",
        "opening_hours": "Mo, We-Th 17:30-21:45; Fr-Su 12:00-15:00, 17:30-21:45",
        "phone": "+606048851693;+60164814789"
      },
      "geometry": {
        "type": "Point",
        "coordinates": [
          100.2069063,
          5.4589429
        ]
      },
      "id": "node/13658277001"
    },
    {
      "type": "Feature",
      "properties": {
        "@id": "node/13659079801",
        "amenity": "restaurant",
        "cuisine": "thai",
        "name": "Canteen Thai Street Food",
        "name:en": "Canteen Thai Street Food"
      },
      "geometry": {
        "type": "Point",
        "coordinates": [
          100.324014,
          5.4164671
        ]
      },
      "id": "node/13659079801"
    },
    {
      "type": "Feature",
      "properties": {
        "@id": "node/13722714281",
        "addr:city": "Bayan Lepas",
        "addr:housenumber": "2-1-12",
        "addr:place": "The One",
        "addr:postcode": "11950",
        "addr:street": "Tingkat Mahsuri 5",
        "air_conditioning": "yes",
        "amenity": "restaurant",
        "cuisine": "japanese",
        "internet_access": "wlan",
        "internet_access:fee": "no",
        "internet_access:password": "reservationonly",
        "internet_access:ssid": "KinomeShokudo@unifi",
        "level": "0",
        "name": "Ki no mé Shokudō",
        "opening_hours": "We-Mo 11:30-14:00,18:00-20:30",
        "outdoor_seating": "no",
        "smoking": "no",
        "website:menu": "https://online.fliphtml5.com/ajavd/usbv/#p=1"
      },
      "geometry": {
        "type": "Point",
        "coordinates": [
          100.2847459,
          5.3281276
        ]
      },
      "id": "node/13722714281"
    },
    {
      "type": "Feature",
      "properties": {
        "@id": "node/13724354387",
        "amenity": "restaurant",
        "name": "Jiashi Restaurant"
      },
      "geometry": {
        "type": "Point",
        "coordinates": [
          100.3164379,
          5.4329434
        ]
      },
      "id": "node/13724354387"
    },
    {
      "type": "Feature",
      "properties": {
        "@id": "node/13752011943",
        "addr:city": "Bukit Mertajam",
        "addr:housenumber": "19",
        "addr:postcode": "14000",
        "addr:street": "Lorong Perda Timur 2, Bandar Perda",
        "amenity": "restaurant",
        "name": "Home Garden Restaurant 家圆美食坊",
        "opening_hours": "24/7"
      },
      "geometry": {
        "type": "Point",
        "coordinates": [
          100.442039,
          5.3689941
        ]
      },
      "id": "node/13752011943"
    },
    {
      "type": "Feature",
      "properties": {
        "@id": "node/13772992101",
        "addr:postcode": "10300",
        "addr:street": "Lebuh Presgrave",
        "amenity": "restaurant",
        "name": "Muscle Man Char Koay Kak",
        "name:en": "Muscle Man Char Koay Kak",
        "opening_hours": "Mo-We, Fr-Sa 15:30-20:30"
      },
      "geometry": {
        "type": "Point",
        "coordinates": [
          100.3304713,
          5.4111701
        ]
      },
      "id": "node/13772992101"
    },
    {
      "type": "Feature",
      "properties": {
        "@id": "node/13842102317",
        "addr:city": "Bandar Cassia",
        "addr:housenumber": "4-G",
        "addr:place": "Pusat Perniagaan Sinaran",
        "addr:postcode": "14110",
        "addr:street": "Persiaran Cassia Utropolis",
        "air_conditioning": "yes",
        "amenity": "restaurant",
        "bar": "no",
        "cuisine": "chinese",
        "internet_access": "wlan",
        "internet_access:fee": "no",
        "internet_access:password": "easternkopi3177",
        "internet_access:ssid": "easternkopi-5G",
        "level": "0",
        "name": "EASTERN KOPI",
        "opening_hours": "Mo-Su 09:00-15:00,17:30-21:00",
        "outdoor_seating": "no",
        "phone": "+60 192733177",
        "smoking": "no"
      },
      "geometry": {
        "type": "Point",
        "coordinates": [
          100.4394955,
          5.2417308
        ]
      },
      "id": "node/13842102317"
    },
    {
      "type": "Feature",
      "properties": {
        "@id": "node/13945642429",
        "addr:city": "Bandar Cassia",
        "addr:housenumber": "10-G",
        "addr:place": "Pusat Perniagaan Sinaran",
        "addr:postcode": "14110",
        "addr:street": "Persiaran Cassia Utropolis",
        "amenity": "restaurant",
        "name": "SUDU by Arang Coffee"
      },
      "geometry": {
        "type": "Point",
        "coordinates": [
          100.4397189,
          5.2413409
        ]
      },
      "id": "node/13945642429"
    },
    {
      "type": "Feature",
      "properties": {
        "@id": "node/13945642430",
        "addr:city": "Bandar Cassia",
        "addr:housenumber": "9-G",
        "addr:place": "Pusat Perniagaan Sinaran",
        "addr:postcode": "14110",
        "addr:street": "Persiaran Cassia Utropolis",
        "amenity": "restaurant",
        "cuisine": "asian",
        "name": "JY Kopitiam"
      },
      "geometry": {
        "type": "Point",
        "coordinates": [
          100.4396863,
          5.2414049
        ]
      },
      "id": "node/13945642430"
    },
    {
      "type": "Feature",
      "properties": {
        "@id": "node/13947392409",
        "addr:city": "George Town",
        "addr:housenumber": "25",
        "addr:postcode": "10350",
        "addr:street": "Jalan Pasar",
        "air_conditioning": "yes",
        "amenity": "restaurant",
        "cuisine": "japanese",
        "level": "0",
        "name": "Tokyo Tonkatsu Aokiya",
        "outdoor_seating": "no",
        "toilets": "yes"
      },
      "geometry": {
        "type": "Point",
        "coordinates": [
          100.3127366,
          5.4296727
        ]
      },
      "id": "node/13947392409"
    },
    {
      "type": "Feature",
      "properties": {
        "@id": "node/13947583486",
        "addr:city": "Georgetown",
        "addr:country": "MY",
        "addr:floor": "Ground Floor",
        "addr:housenumber": "79-G-17,18,19&20",
        "addr:place": "Wave City Mall",
        "addr:postcode": "11900",
        "addr:state": "Pulau Pinang",
        "addr:street": "Kampung Jawa Baru",
        "amenity": "restaurant",
        "cuisine": "malaysian;western",
        "name": "Syazana Nasi Melayu",
        "sst:number": "P11-2308-32100005"
      },
      "geometry": {
        "type": "Point",
        "coordinates": [
          100.3254587,
          5.4109409
        ]
      },
      "id": "node/13947583486"
    },
    {
      "type": "Feature",
      "properties": {
        "@id": "node/13951237236",
        "addr:city": "Batu Maung",
        "addr:housenumber": "16",
        "addr:postcode": "11960",
        "addr:street": "Lintang Batu Maung 4",
        "air_conditioning": "yes",
        "amenity": "restaurant",
        "cuisine": "chicken;chinese",
        "diet:chicken": "yes",
        "level": "0",
        "name": "Sin Nam Huat",
        "name:zh": "新南發",
        "outdoor_seating": "no",
        "payment:cards": "no",
        "payment:cash": "yes",
        "payment:duitnow_qr": "yes",
        "toilets": "yes"
      },
      "geometry": {
        "type": "Point",
        "coordinates": [
          100.2810585,
          5.2881913
        ]
      },
      "id": "node/13951237236"
    },
    {
      "type": "Feature",
      "properties": {
        "@id": "node/13955356773",
        "addr:city": "Bandar Cassia",
        "addr:postcode": "14110",
        "addr:street": "Jalan Borealis 4",
        "amenity": "restaurant",
        "brand": "Pizza Hut",
        "brand:wikidata": "Q191615",
        "cuisine": "pizza",
        "name": "Pizza Hut"
      },
      "geometry": {
        "type": "Point",
        "coordinates": [
          100.4436099,
          5.2365328
        ]
      },
      "id": "node/13955356773"
    },
    {
      "type": "Feature",
      "properties": {
        "@id": "node/13955356774",
        "addr:city": "Bandar Cassia",
        "addr:postcode": "14110",
        "addr:street": "Jalan Borealis 4",
        "amenity": "restaurant",
        "cuisine": "chinese",
        "name": "Jom Dim Sum"
      },
      "geometry": {
        "type": "Point",
        "coordinates": [
          100.443707,
          5.2361043
        ]
      },
      "id": "node/13955356774"
    },
    {
      "type": "Feature",
      "properties": {
        "@id": "node/13955356775",
        "addr:city": "Bandar Cassia",
        "addr:postcode": "14110",
        "addr:street": "Jalan Borealis 4",
        "amenity": "restaurant",
        "cuisine": "asian",
        "name": "Nom Nom Eatery",
        "name:zh": "浓浓茶室"
      },
      "geometry": {
        "type": "Point",
        "coordinates": [
          100.4437221,
          5.2360383
        ]
      },
      "id": "node/13955356775"
    },
    {
      "type": "Feature",
      "properties": {
        "@id": "node/13955356778",
        "addr:city": "Bandar Cassia",
        "addr:postcode": "14110",
        "addr:street": "Jalan Borealis 4",
        "amenity": "restaurant",
        "cuisine": "malaysian",
        "name": "Ayam Penyet Mummy"
      },
      "geometry": {
        "type": "Point",
        "coordinates": [
          100.443739,
          5.2359783
        ]
      },
      "id": "node/13955356778"
    },
    {
      "type": "Feature",
      "properties": {
        "@id": "node/13955356781",
        "addr:city": "Bandar Cassia",
        "addr:postcode": "14110",
        "addr:street": "Jalan Borealis 4",
        "amenity": "restaurant",
        "cuisine": "malaysian",
        "name": "Nasi Lemak Ketua Kampung",
        "toilets": "yes"
      },
      "geometry": {
        "type": "Point",
        "coordinates": [
          100.4436821,
          5.2362271
        ]
      },
      "id": "node/13955356781"
    },
    {
      "type": "Feature",
      "properties": {
        "@id": "node/13955356782",
        "addr:city": "Bandar Cassia",
        "addr:postcode": "14110",
        "addr:street": "Jalan Borealis 4",
        "amenity": "restaurant",
        "name": "Nasi Kandar Ali Khan"
      },
      "geometry": {
        "type": "Point",
        "coordinates": [
          100.443586,
          5.236613
        ]
      },
      "id": "node/13955356782"
    },
    {
      "type": "Feature",
      "properties": {
        "@id": "node/13955488826",
        "addr:city": "Bandar Cassia",
        "addr:housenumber": "G-16",
        "addr:place": "Pangsapuri Perkhidmatan Ceria",
        "addr:postcode": "14110",
        "air_conditioning": "yes",
        "amenity": "restaurant",
        "cuisine": "japanese",
        "internet_access": "wlan",
        "internet_access:fee": "no",
        "internet_access:password": "iloveUmiya",
        "internet_access:ssid": "UMIYA_GUEST",
        "name": "Umi-ya Sushi",
        "outdoor_seating": "no",
        "smoking": "no",
        "toilets": "yes"
      },
      "geometry": {
        "type": "Point",
        "coordinates": [
          100.4447677,
          5.235939
        ]
      },
      "id": "node/13955488826"
    },
    {
      "type": "Feature",
      "properties": {
        "@id": "node/13989811429",
        "addr:city": "Bandar Cassia",
        "addr:housenumber": "73G",
        "addr:postcode": "14110",
        "addr:street": "Jalan Vervea 9",
        "air_conditioning": "yes",
        "amenity": "restaurant",
        "cuisine": "malaysian",
        "internet_access": "wlan",
        "internet_access:fee": "no",
        "internet_access:password": "LSBKT3333",
        "internet_access:ssid": "Laosanbkt-5G",
        "level": "0",
        "name": "Lao San Bak Kut Teh",
        "opening_hours": "Mo-Su 10:30-15:00,17:00-21:30",
        "outdoor_seating": "yes",
        "takeaway": "yes"
      },
      "geometry": {
        "type": "Point",
        "coordinates": [
          100.4396764,
          5.2393782
        ]
      },
      "id": "node/13989811429"
    }
  ]
}