{
  "type": "FeatureCollection",
  "generator": "overpass-turbo",
  "copyright": "The data included in this document is from www.openstreetmap.org. The data is made available under ODbL.",
  "timestamp": "2026-07-10T03:13:27Z",
  "features": [
    {
      "type": "Feature",
      "properties": {
        "@id": "relation/5827552",
        "access": "yes",
        "addr:city": "George Town",
        "addr:postcode": "10200",
        "addr:street": "Jalan Tun Syed Sheh Barakbah",
        "building": "yes",
        "fee": "yes",
        "height": "3",
        "heritage": "1",
        "heritage:operator": "whc",
        "historic": "fort",
        "layer": "-8",
        "location": "surface",
        "name": "Kota Cornwallis",
        "name:en": "Fort Cornwallis",
        "name:ms": "Kota Cornwallis",
        "name:zh": "康华利堡",
        "name:zh-Hans": "康华利堡",
        "name:zh-Hant": "康華利堡",
        "opening_hours": "We-Mo 08:00-22:00; Tu 08:00-19:00",
        "phone": "016-411 0000",
        "ref:whc": "1223bis",
        "tourism": "attraction",
        "type": "multipolygon",
        "website": "https://mypenang.gov.my/culture-heritage/directory/399/?lg=en",
        "wheelchair": "limited",
        "wheelchair:description": "Only the center part of the fort is accessible. However, to get to the entrance from roadside may be an issue as the local authority may close it to prevent motorbike from entering and the road is sandy.",
        "wikidata": "Q5470991",
        "wikipedia": "en:Fort Cornwallis"
      },
      "geometry": {
        "type": "Polygon",
        "coordinates": [
          [
            [
              100.3444482,
              5.4206593
            ],
            [
              100.3446124,
              5.4205952
            ],
            [
              100.3447595,
              5.4208617
            ],
            [
              100.3444304,
              5.4209272
            ],
            [
              100.3443702,
              5.420813
            ],
            [
              100.3437243,
              5.421051
            ],
            [
              100.3437581,
              5.4211895
            ],
            [
              100.3434705,
              5.4213675
            ],
            [
              100.3434159,
              5.4210389
            ],
            [
              100.3435478,
              5.4209792
            ],
            [
              100.3434268,
              5.4206769
            ],
            [
              100.3432925,
              5.4203418
            ],
            [
              100.3431575,
              5.4203913
            ],
            [
              100.3429774,
              5.4200856
            ],
            [
              100.3433106,
              5.4200287
            ],
            [
              100.3433709,
              5.4201591
            ],
            [
              100.3440416,
              5.4199072
            ],
            [
              100.3440272,
              5.419859
            ],
            [
              100.3439977,
              5.4197757
            ],
            [
              100.3442896,
              5.4195791
            ],
            [
              100.3443284,
              5.4199228
            ],
            [
              100.3441806,
              5.4199806
            ],
            [
              100.3444482,
              5.4206593
            ]
          ],
          [
            [
              100.3443998,
              5.4207148
            ],
            [
              100.3442611,
              5.4203629
            ],
            [
              100.3442411,
              5.4203121
            ],
            [
              100.3441121,
              5.4199845
            ],
            [
              100.3440497,
              5.4200088
            ],
            [
              100.3440629,
              5.4200423
            ],
            [
              100.3433729,
              5.4203117
            ],
            [
              100.3433665,
              5.4202956
            ],
            [
              100.3433162,
              5.4203153
            ],
            [
              100.3433916,
              5.4205067
            ],
            [
              100.3434004,
              5.4205289
            ],
            [
              100.3434954,
              5.4207699
            ],
            [
              100.343504,
              5.4207918
            ],
            [
              100.3435971,
              5.4210282
            ],
            [
              100.3436497,
              5.4210077
            ],
            [
              100.3436804,
              5.4209957
            ],
            [
              100.3443704,
              5.4207263
            ],
            [
              100.3443998,
              5.4207148
            ]
          ]
        ]
      },
      "id": "relation/5827552"
    },
    {
      "type": "Feature",
      "properties": {
        "@id": "relation/13314976",
        "description": "One of 5 remaining clan \"jetties\" - house community built on stilts - everyone here belongs to the Chew family.",
        "landuse": "residential",
        "name": "Chew Jetty",
        "name:en": "Chew Jetty",
        "name:ms": "Jeti Chew",
        "name:zh": "姓周桥",
        "name:zh-Hans": "姓周桥",
        "name:zh-Hant": "姓周橋",
        "place": "neighbourhood",
        "residential": "rural",
        "start_date": "Mid 19th Century",
        "tourism": "attraction",
        "type": "multipolygon",
        "website": "http://www.visitpenang.gov.my/portal3/what-to-see/attractions/chew-jetty.html",
        "wheelchair": "yes",
        "wheelchair:description": "Difficult to access if there are many people because the wooden bridge is not big."
      },
      "geometry": {
        "type": "Polygon",
        "coordinates": [
          [
            [
              100.3405728,
              5.4120014
            ],
            [
              100.3404066,
              5.4123536
            ],
            [
              100.3402038,
              5.4126116
            ],
            [
              100.3401814,
              5.4126022
            ],
            [
              100.340078,
              5.4126801
            ],
            [
              100.34005,
              5.4126592
            ],
            [
              100.339922,
              5.4128029
            ],
            [
              100.339705,
              5.4126721
            ],
            [
              100.3395899,
              5.4125821
            ],
            [
              100.3396186,
              5.412547
            ],
            [
              100.3393799,
              5.4123259
            ],
            [
              100.3393663,
              5.4121176
            ],
            [
              100.3393989,
              5.4120883
            ],
            [
              100.3394141,
              5.4120971
            ],
            [
              100.3394611,
              5.4120521
            ],
            [
              100.3394543,
              5.41204
            ],
            [
              100.3395258,
              5.4119595
            ],
            [
              100.339438,
              5.4118907
            ],
            [
              100.3395154,
              5.411794
            ],
            [
              100.339567,
              5.4118321
            ],
            [
              100.3395559,
              5.4118439
            ],
            [
              100.3396121,
              5.4118903
            ],
            [
              100.3396167,
              5.4119031
            ],
            [
              100.3396249,
              5.4119206
            ],
            [
              100.3396421,
              5.4119033
            ],
            [
              100.3396626,
              5.4119108
            ],
            [
              100.3396764,
              5.4118983
            ],
            [
              100.3396148,
              5.4118471
            ],
            [
              100.3396336,
              5.4118249
            ],
            [
              100.3396163,
              5.4118065
            ],
            [
              100.3396596,
              5.4117561
            ],
            [
              100.3396048,
              5.4117116
            ],
            [
              100.3396764,
              5.4116296
            ],
            [
              100.3397526,
              5.4116877
            ],
            [
              100.3397885,
              5.4116448
            ],
            [
              100.3398146,
              5.4116614
            ],
            [
              100.3399251,
              5.4115346
            ],
            [
              100.3399056,
              5.4115146
            ],
            [
              100.3399237,
              5.411498
            ],
            [
              100.3399057,
              5.4114803
            ],
            [
              100.3399511,
              5.4114392
            ],
            [
              100.3400197,
              5.4114994
            ],
            [
              100.3401029,
              5.4114116
            ],
            [
              100.340195,
              5.4114999
            ],
            [
              100.3402224,
              5.4114726
            ],
            [
              100.340407,
              5.4116263
            ],
            [
              100.3404189,
              5.4116124
            ],
            [
              100.3403851,
              5.411574
            ],
            [
              100.3403949,
              5.411564
            ],
            [
              100.3403189,
              5.4114993
            ],
            [
              100.3403726,
              5.411437
            ],
            [
              100.3405774,
              5.4116123
            ],
            [
              100.3406063,
              5.4115774
            ],
            [
              100.3403744,
              5.4113493
            ],
            [
              100.3404181,
              5.4112989
            ],
            [
              100.3402898,
              5.4111699
            ],
            [
              100.3403408,
              5.4111188
            ],
            [
              100.3403712,
              5.4111251
            ],
            [
              100.3404063,
              5.4111617
            ],
            [
              100.3404025,
              5.4111787
            ],
            [
              100.3404984,
              5.4112742
            ],
            [
              100.3405327,
              5.4112396
            ],
            [
              100.3405021,
              5.4112087
            ],
            [
              100.3405033,
              5.4112017
            ],
            [
              100.3405325,
              5.4111749
            ],
            [
              100.3405401,
              5.4111728
            ],
            [
              100.3405746,
              5.4111419
            ],
            [
              100.340592,
              5.4111349
            ],
            [
              100.3406078,
              5.4111365
            ],
            [
              100.3406195,
              5.4111455
            ],
            [
              100.3406396,
              5.4111709
            ],
            [
              100.3406537,
              5.4111873
            ],
            [
              100.3406705,
              5.411202
            ],
            [
              100.3406835,
              5.411208
            ],
            [
              100.340701,
              5.4112106
            ],
            [
              100.3407187,
              5.4112073
            ],
            [
              100.3407335,
              5.411199
            ],
            [
              100.3407516,
              5.4111846
            ],
            [
              100.3407714,
              5.4111662
            ],
            [
              100.3407848,
              5.4111526
            ],
            [
              100.3407969,
              5.4111476
            ],
            [
              100.3408106,
              5.4111469
            ],
            [
              100.340823,
              5.4111502
            ],
            [
              100.3408378,
              5.4111646
            ],
            [
              100.3408699,
              5.411198
            ],
            [
              100.3408984,
              5.4112283
            ],
            [
              100.3409119,
              5.4112467
            ],
            [
              100.3409182,
              5.4112657
            ],
            [
              100.3409179,
              5.4112881
            ],
            [
              100.3409129,
              5.4113228
            ],
            [
              100.3409132,
              5.4113538
            ],
            [
              100.3409105,
              5.4113725
            ],
            [
              100.3408956,
              5.4113914
            ],
            [
              100.3408822,
              5.4114055
            ],
            [
              100.3408732,
              5.411404
            ],
            [
              100.3407567,
              5.4115217
            ],
            [
              100.3409169,
              5.4116601
            ],
            [
              100.3409074,
              5.411688
            ],
            [
              100.3408249,
              5.4117694
            ],
            [
              100.3406887,
              5.4116452
            ],
            [
              100.3404729,
              5.4119077
            ],
            [
              100.3405497,
              5.4119719
            ],
            [
              100.3405728,
              5.4120014
            ]
          ]
        ]
      },
      "id": "relation/13314976"
    },
    {
      "type": "Feature",
      "properties": {
        "@id": "relation/16408121",
        "addr:street": "Jalan Perusahaan",
        "landuse": "commercial",
        "name": "Auto-City Juru",
        "name:zh": "柔府汽车城",
        "tourism": "attraction",
        "type": "multipolygon"
      },
      "geometry": {
        "type": "Polygon",
        "coordinates": [
          [
            [
              100.4299848,
              5.3377853
            ],
            [
              100.4301915,
              5.3379291
            ],
            [
              100.4308728,
              5.3372962
            ],
            [
              100.431483,
              5.3369349
            ],
            [
              100.4319014,
              5.3375865
            ],
            [
              100.4320744,
              5.3376493
            ],
            [
              100.4320663,
              5.3379265
            ],
            [
              100.4316882,
              5.3382576
            ],
            [
              100.431526,
              5.3384005
            ],
            [
              100.431211,
              5.3385625
            ],
            [
              100.4309893,
              5.3386763
            ],
            [
              100.430424,
              5.3395797
            ],
            [
              100.43027,
              5.3400451
            ],
            [
              100.4301083,
              5.3406665
            ],
            [
              100.4297596,
              5.3411979
            ],
            [
              100.429544,
              5.341145
            ],
            [
              100.4292784,
              5.3405555
            ],
            [
              100.4292872,
              5.3405127
            ],
            [
              100.4291866,
              5.340426
            ],
            [
              100.4294974,
              5.3396527
            ],
            [
              100.4295182,
              5.3396009
            ],
            [
              100.4254601,
              5.3381428
            ],
            [
              100.4258606,
              5.3372963
            ],
            [
              100.4261449,
              5.3366834
            ],
            [
              100.4274874,
              5.3368971
            ],
            [
              100.4283567,
              5.3368663
            ],
            [
              100.4288343,
              5.3367968
            ],
            [
              100.4294348,
              5.3366002
            ],
            [
              100.4294701,
              5.3366817
            ],
            [
              100.4299848,
              5.3377853
            ]
          ]
        ]
      },
      "id": "relation/16408121"
    },
    {
      "type": "Feature",
      "properties": {
        "@id": "way/265914356",
        "access": "yes",
        "attraction": "beach",
        "description": "Penang island's main tourist beach. All the main beach hotels are here.",
        "name": "Pantai Tanjung Bungah",
        "name:ms": "Pantai Tanjung Bungah",
        "name:zh": "丹绒武雅海滩",
        "name:zh-Hans": "丹绒武雅海滩",
        "name:zh-Hant": "丹絨武雅海灘",
        "natural": "beach",
        "source": "survey;Mapbox_imagery",
        "tourism": "attraction"
      },
      "geometry": {
        "type": "Polygon",
        "coordinates": [
          [
            [
              100.2910459,
              5.468556
            ],
            [
              100.2901621,
              5.4683357
            ],
            [
              100.2896793,
              5.4682262
            ],
            [
              100.2884173,
              5.4679659
            ],
            [
              100.2870414,
              5.4677283
            ],
            [
              100.2859095,
              5.4675654
            ],
            [
              100.2851759,
              5.4674893
            ],
            [
              100.2847481,
              5.4674546
            ],
            [
              100.2843994,
              5.4674453
            ],
            [
              100.2841714,
              5.4674306
            ],
            [
              100.2840342,
              5.4674247
            ],
            [
              100.2837173,
              5.46733
            ],
            [
              100.2836698,
              5.4672971
            ],
            [
              100.2835129,
              5.467249
            ],
            [
              100.2833439,
              5.4672223
            ],
            [
              100.2831508,
              5.4672143
            ],
            [
              100.2828638,
              5.467225
            ],
            [
              100.2824709,
              5.467229
            ],
            [
              100.2819438,
              5.467197
            ],
            [
              100.2816206,
              5.4671783
            ],
            [
              100.2813202,
              5.4671676
            ],
            [
              100.2811708,
              5.4672234
            ],
            [
              100.2807813,
              5.4671841
            ],
            [
              100.2807418,
              5.4671795
            ],
            [
              100.2806192,
              5.4671503
            ],
            [
              100.2804874,
              5.4671502
            ],
            [
              100.2802983,
              5.4671622
            ],
            [
              100.2801052,
              5.4671809
            ],
            [
              100.2799134,
              5.4671809
            ],
            [
              100.2797323,
              5.4671836
            ],
            [
              100.2794266,
              5.467229
            ],
            [
              100.2792522,
              5.4672851
            ],
            [
              100.2790739,
              5.4673612
            ],
            [
              100.2789344,
              5.4674359
            ],
            [
              100.27881,
              5.4675047
            ],
            [
              100.2787138,
              5.4675836
            ],
            [
              100.278595,
              5.4676858
            ],
            [
              100.2784739,
              5.4678067
            ],
            [
              100.2783028,
              5.4679794
            ],
            [
              100.278217,
              5.4680479
            ],
            [
              100.2781551,
              5.4681278
            ],
            [
              100.2781179,
              5.4682078
            ],
            [
              100.2780835,
              5.4682933
            ],
            [
              100.2781123,
              5.4682937
            ],
            [
              100.2782082,
              5.4682596
            ],
            [
              100.2782404,
              5.4683391
            ],
            [
              100.2782162,
              5.4683531
            ],
            [
              100.278238,
              5.4684088
            ],
            [
              100.2782494,
              5.4684038
            ],
            [
              100.2782524,
              5.4683831
            ],
            [
              100.2782585,
              5.4683654
            ],
            [
              100.2782752,
              5.4683471
            ],
            [
              100.2783068,
              5.4683347
            ],
            [
              100.278342,
              5.468336
            ],
            [
              100.2783678,
              5.4683564
            ],
            [
              100.2783839,
              5.4683814
            ],
            [
              100.2783822,
              5.4684232
            ],
            [
              100.2783691,
              5.4684535
            ],
            [
              100.2783758,
              5.4684882
            ],
            [
              100.2784228,
              5.4684759
            ],
            [
              100.2784645,
              5.4685811
            ],
            [
              100.2785639,
              5.4686257
            ],
            [
              100.2785227,
              5.4687239
            ],
            [
              100.2785555,
              5.4688343
            ],
            [
              100.2784633,
              5.4688711
            ],
            [
              100.2784104,
              5.4689712
            ],
            [
              100.2783125,
              5.4689301
            ],
            [
              100.2782152,
              5.4689645
            ],
            [
              100.2781703,
              5.4688627
            ],
            [
              100.2780707,
              5.4688281
            ],
            [
              100.2781089,
              5.4687115
            ],
            [
              100.278076,
              5.4686086
            ],
            [
              100.2780182,
              5.4684675
            ],
            [
              100.277959,
              5.4688392
            ],
            [
              100.2778803,
              5.4690405
            ],
            [
              100.2777552,
              5.4689888
            ],
            [
              100.277785,
              5.4689396
            ],
            [
              100.2777908,
              5.4688545
            ],
            [
              100.2777566,
              5.4688615
            ],
            [
              100.2777083,
              5.4687511
            ],
            [
              100.2778715,
              5.4687192
            ],
            [
              100.2778075,
              5.4684222
            ],
            [
              100.277979,
              5.4683321
            ],
            [
              100.2780747,
              5.4680353
            ],
            [
              100.278115,
              5.4679566
            ],
            [
              100.2781639,
              5.4679279
            ],
            [
              100.278233,
              5.4679199
            ],
            [
              100.2782853,
              5.4678938
            ],
            [
              100.278457,
              5.467723
            ],
            [
              100.2786688,
              5.4674706
            ],
            [
              100.2788821,
              5.4673144
            ],
            [
              100.2791557,
              5.4671983
            ],
            [
              100.2795406,
              5.4671008
            ],
            [
              100.2801293,
              5.4670181
            ],
            [
              100.2807181,
              5.4669713
            ],
            [
              100.2811968,
              5.4669887
            ],
            [
              100.2822161,
              5.4670421
            ],
            [
              100.2833775,
              5.4670902
            ],
            [
              100.2841845,
              5.4671476
            ],
            [
              100.2846368,
              5.4672357
            ],
            [
              100.2849653,
              5.4673024
            ],
            [
              100.2854481,
              5.4673225
            ],
            [
              100.2861965,
              5.4673572
            ],
            [
              100.2869904,
              5.4674346
            ],
            [
              100.2878916,
              5.4675895
            ],
            [
              100.2894688,
              5.4680126
            ],
            [
              100.2897102,
              5.4680887
            ],
            [
              100.2904451,
              5.4683036
            ],
            [
              100.29105,
              5.4684887
            ],
            [
              100.2910459,
              5.468556
            ]
          ]
        ]
      },
      "id": "way/265914356"
    },
    {
      "type": "Feature",
      "properties": {
        "@id": "way/267344806",
        "addr:city": "George Town",
        "addr:housenumber": "127",
        "addr:postcode": "10200",
        "addr:street": "Lebuh Chulia",
        "amenity": "place_of_worship",
        "building": "yes",
        "name": "Han Jiang Ancestral Temple",
        "name:en": "Han Jiang Ancestral Temple",
        "name:ms": "Tokong Han Jiang",
        "name:zh": "韓江家廟",
        "religion": "taoist",
        "tourism": "attraction",
        "wheelchair": "no"
      },
      "geometry": {
        "type": "Polygon",
        "coordinates": [
          [
            [
              100.3381395,
              5.4167584
            ],
            [
              100.3380835,
              5.4166971
            ],
            [
              100.3381278,
              5.4166563
            ],
            [
              100.3381821,
              5.4166061
            ],
            [
              100.3382344,
              5.4166666
            ],
            [
              100.3381821,
              5.4167175
            ],
            [
              100.3381395,
              5.4167584
            ]
          ]
        ]
      },
      "id": "way/267344806"
    },
    {
      "type": "Feature",
      "properties": {
        "@id": "way/268531305",
        "addr:city": "George Town",
        "addr:postcode": "10200",
        "addr:street": "Jalan Masjid Kapitan Keling",
        "alt_name": "Kong Hock Keong Temple",
        "alt_name:en": "Kong Hock Keong Temple",
        "amenity": "place_of_worship",
        "landuse": "religious",
        "name": "Goddess of Mercy Temple",
        "name:en": "Goddess of Mercy Temple",
        "name:zh": "广福宫观音亭",
        "name:zh-Hans": "广福宫观音亭",
        "name:zh-Hant": "廣福宮觀音亭",
        "religion": "taoist",
        "tourism": "attraction",
        "wheelchair": "limited",
        "wheelchair:description": "Can enter with the help of someone as the step is not so high.",
        "wikidata": "Q6429126",
        "wikimedia_commons": "Category:Kong Hock Keong Temple",
        "wikipedia": "en:Goddess of Mercy Temple"
      },
      "geometry": {
        "type": "Polygon",
        "coordinates": [
          [
            [
              100.3385283,
              5.418556
            ],
            [
              100.338632,
              5.4184867
            ],
            [
              100.338766,
              5.4183972
            ],
            [
              100.3389045,
              5.4186233
            ],
            [
              100.3387679,
              5.4187121
            ],
            [
              100.3383745,
              5.4189607
            ],
            [
              100.3383605,
              5.4189349
            ],
            [
              100.338306,
              5.4188486
            ],
            [
              100.3382402,
              5.4187445
            ],
            [
              100.3383555,
              5.418669
            ],
            [
              100.3385283,
              5.418556
            ]
          ]
        ]
      },
      "id": "way/268531305"
    },
    {
      "type": "Feature",
      "properties": {
        "@id": "way/275620241",
        "landuse": "farmland",
        "name": "Taman Buah-Buahan Tropika",
        "name:en": "Tropical Fruit Farm",
        "name:ms": "Taman Buah-Buahan Tropika",
        "operator": "Tropical Agro Farm (Pg) Sdn Bhd",
        "tourism": "attraction",
        "website": "https://tropicalfruitfarm.com.my/",
        "wheelchair": "limited"
      },
      "geometry": {
        "type": "Polygon",
        "coordinates": [
          [
            [
              100.2192238,
              5.4180476
            ],
            [
              100.218914,
              5.4172065
            ],
            [
              100.2189798,
              5.4164135
            ],
            [
              100.2187236,
              5.4155523
            ],
            [
              100.2180303,
              5.415081
            ],
            [
              100.2176164,
              5.4153485
            ],
            [
              100.2172659,
              5.4152385
            ],
            [
              100.2166951,
              5.4153071
            ],
            [
              100.2162345,
              5.4146805
            ],
            [
              100.2164082,
              5.4143814
            ],
            [
              100.2174147,
              5.4143714
            ],
            [
              100.2181295,
              5.4145776
            ],
            [
              100.2185144,
              5.4147139
            ],
            [
              100.2189543,
              5.4147485
            ],
            [
              100.2193808,
              5.4146231
            ],
            [
              100.2196356,
              5.4143827
            ],
            [
              100.2198877,
              5.414097
            ],
            [
              100.220113,
              5.4143053
            ],
            [
              100.2198502,
              5.4147325
            ],
            [
              100.2198233,
              5.4154001
            ],
            [
              100.2200808,
              5.4161211
            ],
            [
              100.2200862,
              5.4167085
            ],
            [
              100.2199735,
              5.417061
            ],
            [
              100.2196356,
              5.4178968
            ],
            [
              100.2192238,
              5.4180476
            ]
          ]
        ]
      },
      "id": "way/275620241"
    },
    {
      "type": "Feature",
      "properties": {
        "@id": "way/325187723",
        "access": "yes",
        "alt_name:en": "Penang Botanical Gardens",
        "alt_name:ms": "Taman Kebun Bunga",
        "boundary": "protected_area",
        "charge": "0 MYR",
        "description": "Landscaped public gardens featuring botanical exhibits, including orchids, cacti & lily ponds.",
        "dog": "no",
        "garden:type": "botanical",
        "leisure": "garden",
        "name": "Penang Botanic Gardens",
        "name:de": "Botanischer Garten Penang",
        "name:en": "Penang Botanic Gardens",
        "name:ms": "Taman Botani Pulau Pinang",
        "name:zh": "槟城植物园",
        "opening_hours": "Mo-Su 05:00-20:00",
        "phone": "042264401",
        "toilets:wheelchair": "yes",
        "tourism": "attraction",
        "website": "https://botanicalgardens.penang.gov.my/",
        "wheelchair:description": "The shortest jogging track is the most suitable, the other may get steeper. Not all part of the garden is accessible. The toilet is accessible. The shop near the entrance has step.",
        "wikidata": "Q7162208",
        "wikimedia_commons": "Category:Penang Botanic Gardens",
        "wikipedia": "en:Penang Botanic Gardens"
      },
      "geometry": {
        "type": "Polygon",
        "coordinates": [
          [
            [
              100.2916109,
              5.4367746
            ],
            [
              100.2916437,
              5.4367338
            ],
            [
              100.291817,
              5.4365181
            ],
            [
              100.2939874,
              5.4349469
            ],
            [
              100.2941007,
              5.4348323
            ],
            [
              100.2942149,
              5.4347219
            ],
            [
              100.294859,
              5.434496
            ],
            [
              100.2949177,
              5.434569
            ],
            [
              100.2953354,
              5.4350892
            ],
            [
              100.2954292,
              5.4351082
            ],
            [
              100.2954206,
              5.4351418
            ],
            [
              100.295356,
              5.4352427
            ],
            [
              100.2952899,
              5.43531
            ],
            [
              100.2952496,
              5.4354205
            ],
            [
              100.295215,
              5.4354686
            ],
            [
              100.2950214,
              5.4356608
            ],
            [
              100.2948327,
              5.4354253
            ],
            [
              100.2943177,
              5.4358535
            ],
            [
              100.2936453,
              5.4357787
            ],
            [
              100.2934588,
              5.4358815
            ],
            [
              100.293205,
              5.4361103
            ],
            [
              100.2930732,
              5.4365842
            ],
            [
              100.2932358,
              5.4368203
            ],
            [
              100.293261,
              5.4370464
            ],
            [
              100.2934637,
              5.4376
            ],
            [
              100.2929784,
              5.4376959
            ],
            [
              100.2910993,
              5.4392492
            ],
            [
              100.2904032,
              5.4393311
            ],
            [
              100.2896521,
              5.4399102
            ],
            [
              100.2895991,
              5.4401496
            ],
            [
              100.2896432,
              5.4404122
            ],
            [
              100.2894298,
              5.4406068
            ],
            [
              100.2892286,
              5.4407482
            ],
            [
              100.2889917,
              5.4408349
            ],
            [
              100.2886635,
              5.4409216
            ],
            [
              100.288058,
              5.4416644
            ],
            [
              100.2870229,
              5.4418019
            ],
            [
              100.2860466,
              5.4415562
            ],
            [
              100.2859488,
              5.4414621
            ],
            [
              100.2855133,
              5.4409812
            ],
            [
              100.2853461,
              5.4403938
            ],
            [
              100.2852615,
              5.4397567
            ],
            [
              100.2859506,
              5.4395056
            ],
            [
              100.2867976,
              5.4392172
            ],
            [
              100.2873239,
              5.4391958
            ],
            [
              100.2873629,
              5.438763
            ],
            [
              100.2876823,
              5.4385769
            ],
            [
              100.2879993,
              5.4385977
            ],
            [
              100.2886084,
              5.4385984
            ],
            [
              100.2892596,
              5.4382965
            ],
            [
              100.2899192,
              5.4380001
            ],
            [
              100.2905601,
              5.4375736
            ],
            [
              100.2906675,
              5.437599
            ],
            [
              100.2906599,
              5.4376281
            ],
            [
              100.2907041,
              5.437672
            ],
            [
              100.2907587,
              5.4377262
            ],
            [
              100.2907692,
              5.4377282
            ],
            [
              100.2907797,
              5.4377247
            ],
            [
              100.2909575,
              5.4375882
            ],
            [
              100.2911607,
              5.4374127
            ],
            [
              100.2912843,
              5.4372793
            ],
            [
              100.2916109,
              5.4367746
            ]
          ]
        ]
      },
      "id": "way/325187723"
    },
    {
      "type": "Feature",
      "properties": {
        "@id": "way/354004636",
        "addr:city": "Bukit Mertajam",
        "addr:housenumber": "30908",
        "addr:postcode": "14000",
        "addr:street": "Jalan Rozhan",
        "building": "retail",
        "building:levels": "3",
        "name": "AEON MALL Bukit Mertajam",
        "name:zh": "大山脚永旺商场",
        "opening_hours": "Mo-Su 10:00-22:00",
        "operator": "AEON",
        "shop": "mall",
        "tourism": "attraction",
        "website": "https://aeonmallmy.com/mall/aeon-mall-bukit-mertajam",
        "wikidata": "Q25484223",
        "wikimedia_commons": "Category:AEON Bukit Mertajam",
        "wikipedia": "zh:大山脚永旺商场"
      },
      "geometry": {
        "type": "Polygon",
        "coordinates": [
          [
            [
              100.4773307,
              5.3213889
            ],
            [
              100.4771426,
              5.3210578
            ],
            [
              100.4772381,
              5.3210022
            ],
            [
              100.4772797,
              5.3209787
            ],
            [
              100.4773267,
              5.3209523
            ],
            [
              100.4773776,
              5.3209202
            ],
            [
              100.4776935,
              5.3207073
            ],
            [
              100.4777974,
              5.3203173
            ],
            [
              100.4778919,
              5.3199835
            ],
            [
              100.477904,
              5.3199441
            ],
            [
              100.4775848,
              5.31939
            ],
            [
              100.4775278,
              5.3192838
            ],
            [
              100.477499,
              5.3192244
            ],
            [
              100.4778517,
              5.3190321
            ],
            [
              100.4781353,
              5.3188565
            ],
            [
              100.4781984,
              5.3188245
            ],
            [
              100.4785685,
              5.3194728
            ],
            [
              100.4785699,
              5.319653
            ],
            [
              100.4785229,
              5.3196904
            ],
            [
              100.4787107,
              5.3200443
            ],
            [
              100.4785806,
              5.320529
            ],
            [
              100.4785249,
              5.3207607
            ],
            [
              100.4782748,
              5.3209169
            ],
            [
              100.478299,
              5.3209683
            ],
            [
              100.4783151,
              5.320987
            ],
            [
              100.4776579,
              5.3213769
            ],
            [
              100.4774001,
              5.3215111
            ],
            [
              100.4773894,
              5.3214894
            ],
            [
              100.4773307,
              5.3213889
            ]
          ]
        ]
      },
      "id": "way/354004636"
    },
    {
      "type": "Feature",
      "properties": {
        "@id": "way/354331493",
        "addr:housenumber": "266",
        "addr:street": "Jalan Kulim",
        "landuse": "religious",
        "name": "Sri Mangalanayagi Amman Devasthanam",
        "name:ms": "Sri Mangalanayagi Amman Devasthanam",
        "religion": "hindu",
        "tourism": "attraction"
      },
      "geometry": {
        "type": "Polygon",
        "coordinates": [
          [
            [
              100.4639742,
              5.3615966
            ],
            [
              100.4638028,
              5.3614651
            ],
            [
              100.4641594,
              5.3610099
            ],
            [
              100.4646293,
              5.3613203
            ],
            [
              100.4643979,
              5.3613978
            ],
            [
              100.4642883,
              5.361454
            ],
            [
              100.4642305,
              5.3614615
            ],
            [
              100.4641065,
              5.3615102
            ],
            [
              100.4640339,
              5.3615593
            ],
            [
              100.4639742,
              5.3615966
            ]
          ]
        ]
      },
      "id": "way/354331493"
    },
    {
      "type": "Feature",
      "properties": {
        "@id": "way/464338956",
        "addr:street": "Jalan Raja Uda",
        "amenity": "place_of_worship",
        "area": "yes",
        "description": "九皇大帝",
        "email": "info@towbookong.org.my",
        "name": "Rumah Berhala Tow Boo Kong Butterworth",
        "name:en": "Tow Boo Kong Temple",
        "name:ms": "Rumah Berhala Tow Boo Kong Butterworth",
        "name:zh": "北海斗母宫",
        "phone": "+604 331 8717",
        "religion": "taoist",
        "tourism": "attraction",
        "website": "https://towbookong.org.my/"
      },
      "geometry": {
        "type": "Polygon",
        "coordinates": [
          [
            [
              100.38701,
              5.4405337
            ],
            [
              100.3869845,
              5.4404402
            ],
            [
              100.3870355,
              5.4404295
            ],
            [
              100.3870217,
              5.4403462
            ],
            [
              100.3870039,
              5.4402526
            ],
            [
              100.3869463,
              5.440262
            ],
            [
              100.3869309,
              5.4401625
            ],
            [
              100.3883578,
              5.4398488
            ],
            [
              100.3883739,
              5.4403334
            ],
            [
              100.38701,
              5.4405337
            ]
          ]
        ]
      },
      "id": "way/464338956"
    },
    {
      "type": "Feature",
      "properties": {
        "@id": "way/502324264",
        "addr:city": "Bukit Mertajam",
        "addr:housenumber": "3406",
        "addr:postcode": "14000",
        "addr:street": "Jalan Machang Bubok 2",
        "email": "customerservice@vangohh.com",
        "fax": "+604 539 8498",
        "leisure": "resort",
        "name": "Vangohh Eminent",
        "name:zh": "Vangohh Eminent时尚休闲中心",
        "note": "hotel",
        "phone": "+604 548 6999 / +604 548 6888",
        "tourism": "attraction",
        "website": "https://www.vangohh.com/"
      },
      "geometry": {
        "type": "Polygon",
        "coordinates": [
          [
            [
              100.4992134,
              5.3296387
            ],
            [
              100.4995582,
              5.32949
            ],
            [
              100.5004513,
              5.3294098
            ],
            [
              100.5003688,
              5.3303758
            ],
            [
              100.5003433,
              5.3303744
            ],
            [
              100.4997813,
              5.3303435
            ],
            [
              100.4995129,
              5.3303364
            ],
            [
              100.4989838,
              5.3303223
            ],
            [
              100.4989924,
              5.3300375
            ],
            [
              100.4991912,
              5.3300512
            ],
            [
              100.4992134,
              5.3296387
            ]
          ]
        ]
      },
      "id": "way/502324264"
    },
    {
      "type": "Feature",
      "properties": {
        "@id": "way/589805186",
        "building": "yes",
        "heritage": "1",
        "heritage:operator": "whc",
        "man_made": "tower",
        "name": "Queen Victoria Memorial Clock Tower",
        "name:en": "Queen Victoria Memorial Clock Tower",
        "ref:whc": "1223bis",
        "tourism": "attraction",
        "tower:type": "clock_tower",
        "wikidata": "Q19840612",
        "wikipedia": "en:Queen Victoria Memorial, Penang"
      },
      "geometry": {
        "type": "Polygon",
        "coordinates": [
          [
            [
              100.3442129,
              5.4194198
            ],
            [
              100.344203,
              5.4194085
            ],
            [
              100.3441972,
              5.4193946
            ],
            [
              100.344196,
              5.4193797
            ],
            [
              100.3442,
              5.4193641
            ],
            [
              100.3442091,
              5.4193508
            ],
            [
              100.3442221,
              5.4193413
            ],
            [
              100.3442375,
              5.4193368
            ],
            [
              100.3442536,
              5.4193376
            ],
            [
              100.3442685,
              5.4193438
            ],
            [
              100.3442805,
              5.4193545
            ],
            [
              100.3442881,
              5.4193687
            ],
            [
              100.3442905,
              5.4193846
            ],
            [
              100.3442877,
              5.4193993
            ],
            [
              100.3442805,
              5.4194125
            ],
            [
              100.3442694,
              5.4194227
            ],
            [
              100.3442557,
              5.419429
            ],
            [
              100.3442407,
              5.4194306
            ],
            [
              100.3442259,
              5.4194274
            ],
            [
              100.3442129,
              5.4194198
            ]
          ]
        ]
      },
      "id": "way/589805186"
    },
    {
      "type": "Feature",
      "properties": {
        "@id": "way/601267471",
        "bridge:structure": "suspension",
        "layer": "1",
        "man_made": "bridge",
        "name": "Jambatan Pulau Pinang",
        "name:en": "Penang Bridge",
        "name:ta": "பினாங்கு பாலம்",
        "name:zh": "槟威大桥",
        "start_date": "1985-09-14",
        "tourism": "attraction",
        "website": "http://penangbridge.com.my",
        "wikidata": "Q1155649",
        "wikipedia": "en:Penang Bridge"
      },
      "geometry": {
        "type": "Polygon",
        "coordinates": [
          [
            [
              100.3887293,
              5.3533798
            ],
            [
              100.3886622,
              5.3536095
            ],
            [
              100.3884079,
              5.3535063
            ],
            [
              100.3878258,
              5.3533811
            ],
            [
              100.3871717,
              5.3533001
            ],
            [
              100.3806462,
              5.3526586
            ],
            [
              100.3806425,
              5.3526937
            ],
            [
              100.3802684,
              5.3526546
            ],
            [
              100.3802722,
              5.3526194
            ],
            [
              100.3698675,
              5.3516088
            ],
            [
              100.3698636,
              5.3516473
            ],
            [
              100.3694962,
              5.3516102
            ],
            [
              100.3695001,
              5.3515718
            ],
            [
              100.3682671,
              5.3514521
            ],
            [
              100.3664251,
              5.3513641
            ],
            [
              100.3660624,
              5.351367
            ],
            [
              100.3653124,
              5.3514052
            ],
            [
              100.3644381,
              5.3514526
            ],
            [
              100.3634719,
              5.351544
            ],
            [
              100.361224,
              5.351882
            ],
            [
              100.3591312,
              5.3521967
            ],
            [
              100.3591377,
              5.3522367
            ],
            [
              100.3587656,
              5.3522964
            ],
            [
              100.3587591,
              5.3522564
            ],
            [
              100.3553938,
              5.3527584
            ],
            [
              100.3544975,
              5.3528857
            ],
            [
              100.354082,
              5.3529434
            ],
            [
              100.3520264,
              5.3532608
            ],
            [
              100.3497979,
              5.3535755
            ],
            [
              100.3450903,
              5.3543075
            ],
            [
              100.3406613,
              5.3549955
            ],
            [
              100.3344007,
              5.3559689
            ],
            [
              100.3322074,
              5.356338
            ],
            [
              100.3288025,
              5.3568354
            ],
            [
              100.3288084,
              5.3568709
            ],
            [
              100.328446,
              5.3569308
            ],
            [
              100.3284401,
              5.3568953
            ],
            [
              100.3273144,
              5.3570596
            ],
            [
              100.325579,
              5.3573196
            ],
            [
              100.3234762,
              5.3576523
            ],
            [
              100.3210923,
              5.3580358
            ],
            [
              100.3195687,
              5.3582744
            ],
            [
              100.3189737,
              5.3583678
            ],
            [
              100.3183599,
              5.3584971
            ],
            [
              100.3178252,
              5.3586158
            ],
            [
              100.317387,
              5.3587371
            ],
            [
              100.3170561,
              5.3588958
            ],
            [
              100.3168601,
              5.3590288
            ],
            [
              100.3167044,
              5.3591749
            ],
            [
              100.3166581,
              5.3590924
            ],
            [
              100.3166942,
              5.3590466
            ],
            [
              100.316922,
              5.3588586
            ],
            [
              100.3172009,
              5.3587304
            ],
            [
              100.3175947,
              5.3585851
            ],
            [
              100.3181912,
              5.3584251
            ],
            [
              100.3177996,
              5.3584759
            ],
            [
              100.3166071,
              5.3586746
            ],
            [
              100.3161689,
              5.3588438
            ],
            [
              100.3157951,
              5.3590517
            ],
            [
              100.3154681,
              5.3593318
            ],
            [
              100.3150086,
              5.3598893
            ],
            [
              100.3149255,
              5.3598399
            ],
            [
              100.3152731,
              5.3593999
            ],
            [
              100.3155015,
              5.359173
            ],
            [
              100.3157612,
              5.3589808
            ],
            [
              100.3160996,
              5.3587955
            ],
            [
              100.3163922,
              5.3586519
            ],
            [
              100.316087,
              5.3587583
            ],
            [
              100.3157633,
              5.3589175
            ],
            [
              100.3154651,
              5.3591197
            ],
            [
              100.3152399,
              5.3593149
            ],
            [
              100.3149943,
              5.3595582
            ],
            [
              100.3148211,
              5.3597777
            ],
            [
              100.3147552,
              5.3597385
            ],
            [
              100.3150742,
              5.359352
            ],
            [
              100.3153931,
              5.3590625
            ],
            [
              100.3159023,
              5.3587693
            ],
            [
              100.3164103,
              5.3585611
            ],
            [
              100.316606,
              5.3584984
            ],
            [
              100.3181464,
              5.3582632
            ],
            [
              100.3172505,
              5.3583172
            ],
            [
              100.3170279,
              5.3583092
            ],
            [
              100.3168378,
              5.3582919
            ],
            [
              100.3166339,
              5.3582359
            ],
            [
              100.3164974,
              5.3581908
            ],
            [
              100.3165343,
              5.3580949
            ],
            [
              100.3166632,
              5.3581411
            ],
            [
              100.3168724,
              5.3581812
            ],
            [
              100.3170628,
              5.3582132
            ],
            [
              100.3173931,
              5.35821
            ],
            [
              100.3181431,
              5.3581476
            ],
            [
              100.318695,
              5.3581025
            ],
            [
              100.3189284,
              5.3580731
            ],
            [
              100.3191275,
              5.3580453
            ],
            [
              100.3209957,
              5.357788
            ],
            [
              100.3230303,
              5.3574691
            ],
            [
              100.3230252,
              5.3574375
            ],
            [
              100.3234333,
              5.3573728
            ],
            [
              100.3234384,
              5.3574044
            ],
            [
              100.3247935,
              5.3571879
            ],
            [
              100.3272256,
              5.3568212
            ],
            [
              100.3285817,
              5.3566229
            ],
            [
              100.332187,
              5.3560952
            ],
            [
              100.3337543,
              5.3558333
            ],
            [
              100.3337488,
              5.3557981
            ],
            [
              100.3341347,
              5.3557388
            ],
            [
              100.3341402,
              5.355774
            ],
            [
              100.3358005,
              5.3555171
            ],
            [
              100.3381138,
              5.3551663
            ],
            [
              100.339739,
              5.3549158
            ],
            [
              100.341662,
              5.3546144
            ],
            [
              100.3440942,
              5.3542344
            ],
            [
              100.3464112,
              5.3538449
            ],
            [
              100.3485167,
              5.3535423
            ],
            [
              100.350585,
              5.3532474
            ],
            [
              100.3525836,
              5.3529382
            ],
            [
              100.3540015,
              5.3527275
            ],
            [
              100.3562868,
              5.3524047
            ],
            [
              100.3589188,
              5.3519802
            ],
            [
              100.3603753,
              5.3517564
            ],
            [
              100.3618615,
              5.3515257
            ],
            [
              100.3635367,
              5.3512855
            ],
            [
              100.3640817,
              5.3512419
            ],
            [
              100.3640762,
              5.3511935
            ],
            [
              100.3644835,
              5.3511481
            ],
            [
              100.364489,
              5.3511966
            ],
            [
              100.3655612,
              5.3511244
            ],
            [
              100.3670003,
              5.351123
            ],
            [
              100.368532,
              5.351215
            ],
            [
              100.3706212,
              5.3514337
            ],
            [
              100.3749055,
              5.3518453
            ],
            [
              100.3749092,
              5.351807
            ],
            [
              100.3752961,
              5.3518442
            ],
            [
              100.3752924,
              5.3518826
            ],
            [
              100.3767371,
              5.352015
            ],
            [
              100.3783224,
              5.3521696
            ],
            [
              100.3795526,
              5.3522883
            ],
            [
              100.3811192,
              5.352455
            ],
            [
              100.3830595,
              5.3526337
            ],
            [
              100.3843864,
              5.3527604
            ],
            [
              100.3856662,
              5.3528965
            ],
            [
              100.3856702,
              5.3528577
            ],
            [
              100.3860846,
              5.3528965
            ],
            [
              100.3860819,
              5.3529338
            ],
            [
              100.3865865,
              5.352991
            ],
            [
              100.3875181,
              5.353091
            ],
            [
              100.3881809,
              5.3531887
            ],
            [
              100.3886076,
              5.3532971
            ],
            [
              100.3887293,
              5.3533798
            ]
          ]
        ]
      },
      "id": "way/601267471"
    },
    {
      "type": "Feature",
      "properties": {
        "@id": "way/627848751",
        "alt_name": "Pusat Perniagaan Icon City",
        "landuse": "commercial",
        "name": "Icon City",
        "name:zh": "标致城",
        "source": "https://openstreetcam.org/details/2105126/185",
        "tourism": "attraction"
      },
      "geometry": {
        "type": "Polygon",
        "coordinates": [
          [
            [
              100.4332808,
              5.3415011
            ],
            [
              100.4337637,
              5.3425447
            ],
            [
              100.4341722,
              5.3434375
            ],
            [
              100.434776,
              5.3447569
            ],
            [
              100.4345934,
              5.3457942
            ],
            [
              100.434422,
              5.3457734
            ],
            [
              100.4326451,
              5.3419697
            ],
            [
              100.432667,
              5.34186
            ],
            [
              100.4332808,
              5.3415011
            ]
          ]
        ]
      },
      "id": "way/627848751"
    },
    {
      "type": "Feature",
      "properties": {
        "@id": "way/764343543",
        "area": "yes",
        "tourism": "attraction"
      },
      "geometry": {
        "type": "Polygon",
        "coordinates": [
          [
            [
              100.2197432,
              5.4029344
            ],
            [
              100.2196855,
              5.4029745
            ],
            [
              100.219644,
              5.4030346
            ],
            [
              100.2196212,
              5.4031254
            ],
            [
              100.2196051,
              5.4032575
            ],
            [
              100.2194348,
              5.4032749
            ],
            [
              100.2192014,
              5.403112
            ],
            [
              100.2191561,
              5.4029679
            ],
            [
              100.2191378,
              5.4028326
            ],
            [
              100.2190617,
              5.40257
            ],
            [
              100.2192202,
              5.4025593
            ],
            [
              100.2195327,
              5.4025699
            ],
            [
              100.2197016,
              5.4027048
            ],
            [
              100.219829,
              5.4028143
            ],
            [
              100.2198371,
              5.4028837
            ],
            [
              100.2197432,
              5.4029344
            ]
          ]
        ]
      },
      "id": "way/764343543"
    },
    {
      "type": "Feature",
      "properties": {
        "@id": "way/993213420",
        "alt_name": "Komtar Skywalk",
        "alt_name:en": "Komtar Skywalk",
        "building": "roof",
        "layer": "1",
        "name": "Komtar Walk",
        "name:en": "Komtar Walk",
        "tourism": "attraction"
      },
      "geometry": {
        "type": "Polygon",
        "coordinates": [
          [
            [
              100.3307752,
              5.4159818
            ],
            [
              100.3306503,
              5.4158721
            ],
            [
              100.3307123,
              5.4157584
            ],
            [
              100.3310713,
              5.4153414
            ],
            [
              100.3310702,
              5.4153047
            ],
            [
              100.3311089,
              5.4153057
            ],
            [
              100.3311099,
              5.415341
            ],
            [
              100.3311072,
              5.4153575
            ],
            [
              100.3311307,
              5.4153266
            ],
            [
              100.3311472,
              5.4153753
            ],
            [
              100.3311771,
              5.4154638
            ],
            [
              100.3312482,
              5.4154385
            ],
            [
              100.3312522,
              5.4155266
            ],
            [
              100.3311235,
              5.4155693
            ],
            [
              100.3310336,
              5.4156481
            ],
            [
              100.3307752,
              5.4159818
            ]
          ]
        ]
      },
      "id": "way/993213420"
    },
    {
      "type": "Feature",
      "properties": {
        "@id": "way/1018568502",
        "addr:city": "Penang",
        "addr:housenumber": "595",
        "addr:postcode": "11050",
        "addr:street": "Jalan Teluk Bahang",
        "description": "Tropical garden with over 500 varieties of exotic fauna and flora (with an emphasis on spices), spread over 8 acres of secondary jungle. (Source: Website)",
        "leisure": "park",
        "name": "Tropical Spice Garden",
        "name:en": "Tropical Spice Garden",
        "toilets:wheelchair": "no",
        "tourism": "attraction",
        "website": "https://tropicalspicegarden.com/",
        "wheelchair": "no",
        "wikidata": "Q137924067"
      },
      "geometry": {
        "type": "Polygon",
        "coordinates": [
          [
            [
              100.2286269,
              5.463216
            ],
            [
              100.2292163,
              5.4621939
            ],
            [
              100.2293619,
              5.4621979
            ],
            [
              100.2297908,
              5.4629551
            ],
            [
              100.2298758,
              5.4635069
            ],
            [
              100.2298434,
              5.4639419
            ],
            [
              100.229718,
              5.4644575
            ],
            [
              100.2295723,
              5.4644655
            ],
            [
              100.2294348,
              5.4643366
            ],
            [
              100.2294022,
              5.4642157
            ],
            [
              100.2293822,
              5.4639793
            ],
            [
              100.229282,
              5.463723
            ],
            [
              100.2288529,
              5.4633413
            ],
            [
              100.2286269,
              5.463216
            ]
          ]
        ]
      },
      "id": "way/1018568502"
    },
    {
      "type": "Feature",
      "properties": {
        "@id": "way/1027468422",
        "leisure": "park",
        "name": "Pusat Rekreasi Pantai Kamloon",
        "name:en": "Pantai Kamloon Recreation Centre",
        "name:zh": "卡美仑湖休闲中心",
        "tourism": "attraction"
      },
      "geometry": {
        "type": "Polygon",
        "coordinates": [
          [
            [
              100.4444653,
              5.566359
            ],
            [
              100.4435345,
              5.565188
            ],
            [
              100.4409245,
              5.5611192
            ],
            [
              100.4413808,
              5.5602828
            ],
            [
              100.4442399,
              5.5604086
            ],
            [
              100.4447138,
              5.5598898
            ],
            [
              100.4446559,
              5.5586477
            ],
            [
              100.4449665,
              5.5586058
            ],
            [
              100.4450613,
              5.5586477
            ],
            [
              100.445056,
              5.5588626
            ],
            [
              100.4452298,
              5.5591613
            ],
            [
              100.4458248,
              5.5611213
            ],
            [
              100.4464724,
              5.561289
            ],
            [
              100.4460196,
              5.5619965
            ],
            [
              100.4456616,
              5.5629031
            ],
            [
              100.4455563,
              5.5635057
            ],
            [
              100.4455457,
              5.5645486
            ],
            [
              100.4454299,
              5.5654238
            ],
            [
              100.4453193,
              5.5657225
            ],
            [
              100.4448928,
              5.5661208
            ],
            [
              100.4444653,
              5.566359
            ]
          ]
        ]
      },
      "id": "way/1027468422"
    },
    {
      "type": "Feature",
      "properties": {
        "@id": "way/1083810905",
        "area": "yes",
        "building": "yes",
        "name": "Earthquake & Typhoon Pavilion",
        "name:en": "Earthquake & Typhoon Pavilion",
        "tourism": "attraction"
      },
      "geometry": {
        "type": "Polygon",
        "coordinates": [
          [
            [
              100.2690956,
              5.4252375
            ],
            [
              100.2690414,
              5.4252126
            ],
            [
              100.2690386,
              5.4252187
            ],
            [
              100.2689195,
              5.4251641
            ],
            [
              100.2689469,
              5.4251051
            ],
            [
              100.2690666,
              5.42516
            ],
            [
              100.2690616,
              5.4251707
            ],
            [
              100.2691151,
              5.4251953
            ],
            [
              100.2690956,
              5.4252375
            ]
          ]
        ]
      },
      "id": "way/1083810905"
    },
    {
      "type": "Feature",
      "properties": {
        "@id": "way/1134824477",
        "amenity": "fountain",
        "music": "yes",
        "name": "Musical fountain",
        "operator": "SP Setia",
        "tourism": "attraction"
      },
      "geometry": {
        "type": "Polygon",
        "coordinates": [
          [
            [
              100.4687257,
              5.5076239
            ],
            [
              100.4687261,
              5.507512
            ],
            [
              100.4696373,
              5.5075155
            ],
            [
              100.4696369,
              5.5076272
            ],
            [
              100.4692724,
              5.5076259
            ],
            [
              100.4692724,
              5.5076773
            ],
            [
              100.4691079,
              5.5076772
            ],
            [
              100.4691079,
              5.5076253
            ],
            [
              100.4687257,
              5.5076239
            ]
          ]
        ]
      },
      "id": "way/1134824477"
    },
    {
      "type": "Feature",
      "properties": {
        "@id": "way/1185247004",
        "landuse": "retail",
        "name": "Pek Kong Cheng",
        "name:en": "Pek Kong Cheng",
        "name:ms": "Pek Kong Cheng",
        "name:zh": "伯公埕",
        "name:zh-Hans": "伯公埕",
        "name:zh-Hant": "伯公埕",
        "tourism": "attraction"
      },
      "geometry": {
        "type": "Polygon",
        "coordinates": [
          [
            [
              100.4604986,
              5.3644983
            ],
            [
              100.46071,
              5.3640346
            ],
            [
              100.4607859,
              5.3638316
            ],
            [
              100.4610108,
              5.3638892
            ],
            [
              100.4610007,
              5.363928
            ],
            [
              100.4610728,
              5.3639465
            ],
            [
              100.4612985,
              5.3640118
            ],
            [
              100.4613324,
              5.3640408
            ],
            [
              100.4610726,
              5.3643715
            ],
            [
              100.4608265,
              5.3646645
            ],
            [
              100.4604986,
              5.3644983
            ]
          ]
        ]
      },
      "id": "way/1185247004"
    },
    {
      "type": "Feature",
      "properties": {
        "@id": "way/1302204329",
        "alt_name": "全景海景餐厅",
        "alt_name:zh": "全景海景餐厅",
        "alt_name:zh-Hans": "全景海景餐厅",
        "alt_name:zh-Hant": "全景海景餐廳",
        "landuse": "commercial",
        "name": "Color Port",
        "name:en": "Color Port",
        "name:zh": "卡拉港",
        "name:zh-Hans": "卡拉港",
        "name:zh-Hant": "卡拉港",
        "tourism": "attraction"
      },
      "geometry": {
        "type": "Polygon",
        "coordinates": [
          [
            [
              100.3430579,
              5.4146901
            ],
            [
              100.3429641,
              5.4145568
            ],
            [
              100.3428099,
              5.4143832
            ],
            [
              100.3431344,
              5.4141079
            ],
            [
              100.3437446,
              5.4152604
            ],
            [
              100.3436749,
              5.4153472
            ],
            [
              100.3434764,
              5.4155581
            ],
            [
              100.3428246,
              5.414976
            ],
            [
              100.3430579,
              5.4146901
            ]
          ]
        ]
      },
      "id": "way/1302204329"
    },
    {
      "type": "Feature",
      "properties": {
        "@id": "way/1328352102",
        "addr:street": "Lebuh Victoria",
        "name": "Har Yang Sit Teik Tong Yeoh Kongsi",
        "tourism": "attraction"
      },
      "geometry": {
        "type": "Polygon",
        "coordinates": [
          [
            [
              100.3401215,
              5.415172
            ],
            [
              100.3399543,
              5.4150444
            ],
            [
              100.3399792,
              5.4150032
            ],
            [
              100.340034,
              5.4149297
            ],
            [
              100.3401844,
              5.414706
            ],
            [
              100.3402173,
              5.4146561
            ],
            [
              100.3402335,
              5.4146396
            ],
            [
              100.3402571,
              5.414637
            ],
            [
              100.3402807,
              5.4146502
            ],
            [
              100.3404206,
              5.4147411
            ],
            [
              100.3404576,
              5.4147684
            ],
            [
              100.3401632,
              5.4151818
            ],
            [
              100.3401289,
              5.4151632
            ],
            [
              100.3401215,
              5.415172
            ]
          ]
        ]
      },
      "id": "way/1328352102"
    },
    {
      "type": "Feature",
      "properties": {
        "@id": "way/1424800451",
        "fee": "yes",
        "leisure": "park",
        "name": "The Habitat Penang Hill",
        "name:en": "The Habitat Penang Hill",
        "opening_hours": "Mo-Su 09:00-21:00",
        "operator": "The Habitat Group",
        "operator:type": "private",
        "tourism": "attraction",
        "website": "https://www.thehabitat.my/the-park/"
      },
      "geometry": {
        "type": "Polygon",
        "coordinates": [
          [
            [
              100.2683725,
              5.4255207
            ],
            [
              100.2684875,
              5.4255529
            ],
            [
              100.2684557,
              5.4257677
            ],
            [
              100.267708,
              5.4258505
            ],
            [
              100.2647817,
              5.4232444
            ],
            [
              100.2640119,
              5.4220027
            ],
            [
              100.2637786,
              5.421239
            ],
            [
              100.2638134,
              5.4209159
            ],
            [
              100.2639019,
              5.4207424
            ],
            [
              100.2641085,
              5.4205421
            ],
            [
              100.264437,
              5.4202257
            ],
            [
              100.2644464,
              5.4200802
            ],
            [
              100.2644223,
              5.4199667
            ],
            [
              100.2644196,
              5.4198025
            ],
            [
              100.2645034,
              5.4196977
            ],
            [
              100.2645846,
              5.4198979
            ],
            [
              100.2646275,
              5.4201282
            ],
            [
              100.2645926,
              5.4203005
            ],
            [
              100.264539,
              5.4204073
            ],
            [
              100.2644049,
              5.4206235
            ],
            [
              100.2642278,
              5.4207464
            ],
            [
              100.2641755,
              5.4208372
            ],
            [
              100.2641903,
              5.420964
            ],
            [
              100.2642667,
              5.4210147
            ],
            [
              100.2644759,
              5.4210094
            ],
            [
              100.265007,
              5.4210121
            ],
            [
              100.2650848,
              5.4212751
            ],
            [
              100.2650633,
              5.4214687
            ],
            [
              100.2647871,
              5.4216516
            ],
            [
              100.2646449,
              5.421741
            ],
            [
              100.2646771,
              5.4218505
            ],
            [
              100.2650902,
              5.422442
            ],
            [
              100.2653061,
              5.4226436
            ],
            [
              100.2654952,
              5.4226956
            ],
            [
              100.2658626,
              5.4227357
            ],
            [
              100.2660692,
              5.4228518
            ],
            [
              100.2661724,
              5.4228345
            ],
            [
              100.2666043,
              5.4228412
            ],
            [
              100.2667518,
              5.4229266
            ],
            [
              100.2668953,
              5.4230922
            ],
            [
              100.2667853,
              5.4235167
            ],
            [
              100.2669261,
              5.4236249
            ],
            [
              100.2670482,
              5.4236783
            ],
            [
              100.2674894,
              5.424239
            ],
            [
              100.2679802,
              5.424984
            ],
            [
              100.2679722,
              5.4251976
            ],
            [
              100.2679119,
              5.4253792
            ],
            [
              100.2677757,
              5.4255527
            ],
            [
              100.2678636,
              5.4256602
            ],
            [
              100.2679286,
              5.4256682
            ],
            [
              100.2683457,
              5.4256128
            ],
            [
              100.2683725,
              5.4255207
            ]
          ]
        ]
      },
      "id": "way/1424800451"
    },
    {
      "type": "Feature",
      "properties": {
        "@id": "way/157511472",
        "bridge": "yes",
        "layer": "1",
        "name": "Jambatan Kereta Api Lama",
        "name:ms": "Jambatan Kereta Api Lama",
        "name:zh": "旧火车桥",
        "name:zh-Hans": "旧火车桥",
        "name:zh-Hant": "舊火車橋",
        "railway": "abandoned",
        "tourism": "attraction"
      },
      "geometry": {
        "type": "LineString",
        "coordinates": [
          [
            100.503986,
            5.5654592
          ],
          [
            100.5042312,
            5.5674165
          ]
        ]
      },
      "id": "way/157511472"
    },
    {
      "type": "Feature",
      "properties": {
        "@id": "way/353782552",
        "highway": "residential",
        "name": "Jalan Pasar",
        "name:ms": "Jalan Pasar",
        "name:zh": "巴刹街",
        "name:zh-Hans": "巴刹街",
        "name:zh-Hant": "巴剎街",
        "oneway": "yes",
        "surface": "asphalt",
        "tourism": "attraction"
      },
      "geometry": {
        "type": "LineString",
        "coordinates": [
          [
            100.4600768,
            5.3652352
          ],
          [
            100.460108,
            5.3651713
          ],
          [
            100.4602177,
            5.3649454
          ],
          [
            100.4602249,
            5.3649307
          ],
          [
            100.4604394,
            5.3644888
          ],
          [
            100.4605827,
            5.3641889
          ],
          [
            100.4606519,
            5.3640388
          ],
          [
            100.4606817,
            5.3639476
          ],
          [
            100.4607075,
            5.3638689
          ],
          [
            100.4607557,
            5.3636946
          ],
          [
            100.4608135,
            5.3635595
          ],
          [
            100.4608419,
            5.3632004
          ],
          [
            100.4608331,
            5.3630808
          ],
          [
            100.460756,
            5.3627634
          ]
        ]
      },
      "id": "way/353782552"
    },
    {
      "type": "Feature",
      "properties": {
        "@id": "way/699234331",
        "highway": "footway",
        "name": "Mertajam Art Walk (Lorong Ann Cheng)",
        "name:en": "Mertajam Art Walk (Lorong Ann Cheng)",
        "name:ms": "Lorong Ann Cheng",
        "name:zh": "大山脚艺术走廊（安清巷）",
        "name:zh-Hans": "大山脚艺术走廊（安清巷）",
        "name:zh-Hant": "大山腳藝術走廊（安清巷）",
        "tourism": "attraction"
      },
      "geometry": {
        "type": "LineString",
        "coordinates": [
          [
            100.4623494,
            5.363191
          ],
          [
            100.462674,
            5.3634404
          ],
          [
            100.4629288,
            5.3636343
          ]
        ]
      },
      "id": "way/699234331"
    },
    {
      "type": "Feature",
      "properties": {
        "@id": "node/3321491949",
        "name": "Fireflies",
        "tourism": "attraction"
      },
      "geometry": {
        "type": "Point",
        "coordinates": [
          100.4913425,
          5.1598044
        ]
      },
      "id": "node/3321491949"
    },
    {
      "type": "Feature",
      "properties": {
        "@id": "node/4206135189",
        "addr:city": "Georgetown",
        "addr:postcode": "10300",
        "addr:street": "Pengkalan Weld",
        "name": "Jeti Lim",
        "name:en": "Lim Jetty",
        "name:ms": "Jeti Lim",
        "name:th": "เจตีลิม",
        "name:zh": "姓林桥",
        "name:zh-Hans": "姓林桥",
        "name:zh-Hant": "姓林橋",
        "place": "neighbourhood",
        "toilets:wheelchair": "no",
        "tourism": "attraction",
        "wheelchair": "yes"
      },
      "geometry": {
        "type": "Point",
        "coordinates": [
          100.3409971,
          5.4130557
        ]
      },
      "id": "node/4206135189"
    },
    {
      "type": "Feature",
      "properties": {
        "@id": "node/4206410706",
        "addr:city": "George Town",
        "addr:postcode": "10200",
        "name": "Little India",
        "name:en": "Little India",
        "name:th": "ลิตเติลอินเดีย",
        "name:zh": "小印度",
        "name:zh-Hans": "小印度",
        "name:zh-Hant": "小印度",
        "place": "neighbourhood",
        "tourism": "attraction",
        "wheelchair": "limited",
        "wheelchair:description": "The shops are mostly inaccessible but can get to experience the Indian culture from the road sides. There are some Indian snacks stalls at the road sides too. Better to have assistant though."
      },
      "geometry": {
        "type": "Point",
        "coordinates": [
          100.339338,
          5.4171825
        ]
      },
      "id": "node/4206410706"
    },
    {
      "type": "Feature",
      "properties": {
        "@id": "node/4243277690",
        "addr:street": "Jalan Teluk Bahang",
        "name": "Waterfall (titi kerawang)",
        "tourism": "attraction"
      },
      "geometry": {
        "type": "Point",
        "coordinates": [
          100.2225283,
          5.403263
        ]
      },
      "id": "node/4243277690"
    },
    {
      "type": "Feature",
      "properties": {
        "@id": "node/4306092393",
        "name": "Lim Brothers Orchard",
        "name:en": "Lim Brothers Orchard",
        "opening_hours": "24/7",
        "tourism": "attraction"
      },
      "geometry": {
        "type": "Point",
        "coordinates": [
          100.2394797,
          5.354989
        ]
      },
      "id": "node/4306092393"
    },
    {
      "type": "Feature",
      "properties": {
        "@id": "node/4502479389",
        "name": "Free the monkeys! (Caged monkeys)",
        "name:nl": "Free the monkeys! (Caged monkeys)",
        "tourism": "attraction"
      },
      "geometry": {
        "type": "Point",
        "coordinates": [
          100.2218928,
          5.4032636
        ]
      },
      "id": "node/4502479389"
    },
    {
      "type": "Feature",
      "properties": {
        "@id": "node/4531155589",
        "addr:housenumber": "35",
        "addr:postcode": "10450",
        "addr:street": "Jalan Jesselton",
        "alt_name": "Konishi Residence",
        "alt_name:en": "Konishi Residence",
        "name": "Villa Primavera",
        "name:en": "Konishi Castle",
        "name:ms": "Villa Primavera",
        "tourism": "attraction"
      },
      "geometry": {
        "type": "Point",
        "coordinates": [
          100.298971,
          5.4223117
        ]
      },
      "id": "node/4531155589"
    },
    {
      "type": "Feature",
      "properties": {
        "@id": "node/4664908090",
        "name": "PLS Downhill Trail",
        "name:en": "PLS Downhill Trail",
        "tourism": "attraction"
      },
      "geometry": {
        "type": "Point",
        "coordinates": [
          100.2526133,
          5.3192315
        ]
      },
      "id": "node/4664908090"
    },
    {
      "type": "Feature",
      "properties": {
        "@id": "node/4664908792",
        "name": "八仙廟",
        "name:zh": "八仙庙",
        "name:zh-Hans": "八仙廟",
        "name:zh-Hant": "八仙廟",
        "tourism": "attraction"
      },
      "geometry": {
        "type": "Point",
        "coordinates": [
          100.2380489,
          5.3372371
        ]
      },
      "id": "node/4664908792"
    },
    {
      "type": "Feature",
      "properties": {
        "@id": "node/4684711090",
        "name": "Morning Market",
        "name:en": "Morning Market",
        "name:zh": "早市巴刹",
        "name:zh-Hans": "早市巴刹",
        "name:zh-Hant": "早市巴剎",
        "tourism": "attraction"
      },
      "geometry": {
        "type": "Point",
        "coordinates": [
          100.3323968,
          5.4177987
        ]
      },
      "id": "node/4684711090"
    },
    {
      "type": "Feature",
      "properties": {
        "@id": "node/4708386790",
        "name": "Nagore Square",
        "name:en": "Nagore Square",
        "tourism": "attraction"
      },
      "geometry": {
        "type": "Point",
        "coordinates": [
          100.3256641,
          5.4205862
        ]
      },
      "id": "node/4708386790"
    },
    {
      "type": "Feature",
      "properties": {
        "@id": "node/4917020125",
        "name": "Marking George Town - \"Labourer To Trader\"",
        "name:en": "Marking George Town - \"Labourer To Trader\"",
        "tourism": "attraction"
      },
      "geometry": {
        "type": "Point",
        "coordinates": [
          100.331438,
          5.4181908
        ]
      },
      "id": "node/4917020125"
    },
    {
      "type": "Feature",
      "properties": {
        "@id": "node/4934160821",
        "name": "Butterworth Art Walk",
        "name:en": "Butterworth Art Walk",
        "name:zh": "北海艺术画廊",
        "tourism": "attraction"
      },
      "geometry": {
        "type": "Point",
        "coordinates": [
          100.370355,
          5.4097214
        ]
      },
      "id": "node/4934160821"
    },
    {
      "type": "Feature",
      "properties": {
        "@id": "node/5045686549",
        "name": "Tang Hang Hill",
        "natural": "peak",
        "tourism": "attraction"
      },
      "geometry": {
        "type": "Point",
        "coordinates": [
          100.2596988,
          5.3417274
        ]
      },
      "id": "node/5045686549"
    },
    {
      "type": "Feature",
      "properties": {
        "@id": "node/5062131025",
        "name": "\"Star Wars\" Street Art",
        "name:en": "\"Star Wars\" Street Art",
        "tourism": "attraction"
      },
      "geometry": {
        "type": "Point",
        "coordinates": [
          100.3379243,
          5.4162696
        ]
      },
      "id": "node/5062131025"
    },
    {
      "type": "Feature",
      "properties": {
        "@id": "node/5063236223",
        "name": "Jet Ski Paraseiling Banana",
        "name:en": "Jet Ski Paraseiling Banana",
        "name:fr": "Jet Ski Paraseiling Banana",
        "tourism": "attraction"
      },
      "geometry": {
        "type": "Point",
        "coordinates": [
          100.2494485,
          5.4763145
        ]
      },
      "id": "node/5063236223"
    },
    {
      "type": "Feature",
      "properties": {
        "@id": "node/5092720725",
        "name": "Limbongan Batu Maung",
        "name:ms": "Limbongan Batu Maung",
        "name:zh": "峇都茅船厂",
        "name:zh-Hans": "峇都茅船厂",
        "name:zh-Hant": "峇都茅船廠",
        "tourism": "attraction"
      },
      "geometry": {
        "type": "Point",
        "coordinates": [
          100.29009,
          5.2824947
        ]
      },
      "id": "node/5092720725"
    },
    {
      "type": "Feature",
      "properties": {
        "@id": "node/5107362327",
        "name": "1200 Steps",
        "tourism": "attraction"
      },
      "geometry": {
        "type": "Point",
        "coordinates": [
          100.2617021,
          5.3828197
        ]
      },
      "id": "node/5107362327"
    },
    {
      "type": "Feature",
      "properties": {
        "@id": "node/5107377724",
        "name": "Fishball Hill",
        "tourism": "attraction"
      },
      "geometry": {
        "type": "Point",
        "coordinates": [
          100.2638095,
          5.3882236
        ]
      },
      "id": "node/5107377724"
    },
    {
      "type": "Feature",
      "properties": {
        "@id": "node/5107509221",
        "name": "3 Hills",
        "tourism": "attraction"
      },
      "geometry": {
        "type": "Point",
        "coordinates": [
          100.2671934,
          5.4014087
        ]
      },
      "id": "node/5107509221"
    },
    {
      "type": "Feature",
      "properties": {
        "@id": "node/5107547623",
        "name": "Lee Rubber",
        "tourism": "attraction"
      },
      "geometry": {
        "type": "Point",
        "coordinates": [
          100.2815342,
          5.3696413
        ]
      },
      "id": "node/5107547623"
    },
    {
      "type": "Feature",
      "properties": {
        "@id": "node/5110609222",
        "name": "Half Pondok Upeh",
        "tourism": "attraction"
      },
      "geometry": {
        "type": "Point",
        "coordinates": [
          100.2374812,
          5.3319671
        ]
      },
      "id": "node/5110609222"
    },
    {
      "type": "Feature",
      "properties": {
        "@id": "node/5110609223",
        "name": "Big Bird House",
        "tourism": "attraction"
      },
      "geometry": {
        "type": "Point",
        "coordinates": [
          100.2404761,
          5.3232156
        ]
      },
      "id": "node/5110609223"
    },
    {
      "type": "Feature",
      "properties": {
        "@id": "node/5110609225",
        "name": "To Bukit Genting",
        "tourism": "attraction"
      },
      "geometry": {
        "type": "Point",
        "coordinates": [
          100.225273,
          5.3013287
        ]
      },
      "id": "node/5110609225"
    },
    {
      "type": "Feature",
      "properties": {
        "@id": "node/5132590526",
        "addr:housenumber": "50",
        "addr:postcode": "10020",
        "addr:street": "Lebuh Leith",
        "name": "Street Art - \"Banh Bao\"",
        "name:en": "Street Art - \"Banh Bao\"",
        "tourism": "attraction"
      },
      "geometry": {
        "type": "Point",
        "coordinates": [
          100.3331062,
          5.4202424
        ]
      },
      "id": "node/5132590526"
    },
    {
      "type": "Feature",
      "properties": {
        "@id": "node/5147539821",
        "name": "Muhibbah",
        "tourism": "attraction"
      },
      "geometry": {
        "type": "Point",
        "coordinates": [
          100.2389524,
          5.3665148
        ]
      },
      "id": "node/5147539821"
    },
    {
      "type": "Feature",
      "properties": {
        "@id": "node/5147539822",
        "name": "TSLK",
        "tourism": "attraction"
      },
      "geometry": {
        "type": "Point",
        "coordinates": [
          100.2700982,
          5.4123458
        ]
      },
      "id": "node/5147539822"
    },
    {
      "type": "Feature",
      "properties": {
        "@id": "node/5147539921",
        "name": "Sungai Rusa",
        "tourism": "attraction"
      },
      "geometry": {
        "type": "Point",
        "coordinates": [
          100.2292044,
          5.400812
        ]
      },
      "id": "node/5147539921"
    },
    {
      "type": "Feature",
      "properties": {
        "@id": "node/5199872421",
        "name": "Countryside Stables Penang",
        "name:en": "Countryside Stables Penang",
        "opening_hours": "Mo-Su 14:00-19:00",
        "phone": "+60 12-408 0678",
        "tourism": "attraction"
      },
      "geometry": {
        "type": "Point",
        "coordinates": [
          100.1981492,
          5.3392711
        ]
      },
      "id": "node/5199872421"
    },
    {
      "type": "Feature",
      "properties": {
        "@id": "node/5340034249",
        "name": "Tan Jetty",
        "name:en": "Tan Jetty",
        "name:ms": "Jeti Tan",
        "name:zh": "姓陈桥",
        "name:zh-Hans": "姓陈桥",
        "name:zh-Hant": "姓陳橋",
        "place": "neighbourhood",
        "tourism": "attraction",
        "wheelchair": "yes",
        "wheelchair:description": "Difficult to access if there are many people because the wooden bridge is not big."
      },
      "geometry": {
        "type": "Point",
        "coordinates": [
          100.3388158,
          5.4119025
        ]
      },
      "id": "node/5340034249"
    },
    {
      "type": "Feature",
      "properties": {
        "@id": "node/5478063521",
        "name": "Street Art - \"Garbage Rat\"",
        "name:en": "Street Art - \"Garbage Rat\"",
        "tourism": "attraction"
      },
      "geometry": {
        "type": "Point",
        "coordinates": [
          100.3365743,
          5.4184798
        ]
      },
      "id": "node/5478063521"
    },
    {
      "type": "Feature",
      "properties": {
        "@id": "node/5484314621",
        "name": "Street Art - \"Warrior on a horse\"",
        "name:en": "Street Art - \"Warrior on a horse\"",
        "tourism": "attraction"
      },
      "geometry": {
        "type": "Point",
        "coordinates": [
          100.3309244,
          5.4196432
        ]
      },
      "id": "node/5484314621"
    },
    {
      "type": "Feature",
      "properties": {
        "@id": "node/5603123031",
        "name": "ハイドロホテルペナン",
        "name:ja": "ハイドロホテルペナン",
        "tourism": "attraction"
      },
      "geometry": {
        "type": "Point",
        "coordinates": [
          100.2689805,
          5.4775412
        ]
      },
      "id": "node/5603123031"
    },
    {
      "type": "Feature",
      "properties": {
        "@id": "node/5690425221",
        "addr:street": "Lorong Hutton",
        "name": "Street Art by Thomas Powell",
        "name:en": "Street Art by Thomas Powell",
        "tourism": "attraction"
      },
      "geometry": {
        "type": "Point",
        "coordinates": [
          100.329092,
          5.4207349
        ]
      },
      "id": "node/5690425221"
    },
    {
      "type": "Feature",
      "properties": {
        "@id": "node/6538595985",
        "addr:housenumber": "748B Mk6",
        "addr:street": "MK6 Pondok Upeh",
        "description": "748B, Shan Cheng Durian Penang 山城果皇, Mk6, Jalan Pondok Upih, 11000 Balik Pulau, Pulau Pinang, Malaysia",
        "email": "shanchengdurian@yahoo.com",
        "name": "Shan Cheng Durian Penang",
        "name:en": "Shan Cheng Durian Penang",
        "name:zh": "山城果皇",
        "name:zh-Hans": "山城果皇",
        "name:zh-Hant": "山城果皇",
        "phone": "+60 10-274 8988",
        "tourism": "attraction",
        "website": "https://www.facebook.com/ShanChengDurianPenang/"
      },
      "geometry": {
        "type": "Point",
        "coordinates": [
          100.2382522,
          5.3475542
        ]
      },
      "id": "node/6538595985"
    },
    {
      "type": "Feature",
      "properties": {
        "@id": "node/6579429126",
        "name": "Stage",
        "name:de": "Freilufttheater",
        "name:en": "Stage",
        "tourism": "attraction"
      },
      "geometry": {
        "type": "Point",
        "coordinates": [
          100.3438407,
          5.420421
        ]
      },
      "id": "node/6579429126"
    },
    {
      "type": "Feature",
      "properties": {
        "@id": "node/6581208685",
        "name": "Boon San Tong",
        "name:en": "Boon San Tong",
        "name:ms": "Boon San Tong",
        "name:zh": "文山堂",
        "name:zh-Hans": "文山堂",
        "name:zh-Hant": "文山堂",
        "tourism": "attraction"
      },
      "geometry": {
        "type": "Point",
        "coordinates": [
          100.3368865,
          5.4123936
        ]
      },
      "id": "node/6581208685"
    },
    {
      "type": "Feature",
      "properties": {
        "@id": "node/6601347498",
        "name": "Boat Trips",
        "name:en": "Boat Trips",
        "tourism": "attraction"
      },
      "geometry": {
        "type": "Point",
        "coordinates": [
          100.2066796,
          5.4597481
        ]
      },
      "id": "node/6601347498"
    },
    {
      "type": "Feature",
      "properties": {
        "@id": "node/6601347503",
        "name": "Boat Service",
        "name:en": "Boat Service",
        "tourism": "attraction"
      },
      "geometry": {
        "type": "Point",
        "coordinates": [
          100.2065631,
          5.4598397
        ]
      },
      "id": "node/6601347503"
    },
    {
      "type": "Feature",
      "properties": {
        "@id": "node/6601382188",
        "name": "Water Sports",
        "name:en": "Water Sports",
        "tourism": "attraction"
      },
      "geometry": {
        "type": "Point",
        "coordinates": [
          100.2484468,
          5.4752728
        ]
      },
      "id": "node/6601382188"
    },
    {
      "type": "Feature",
      "properties": {
        "@id": "node/6601382191",
        "name": "Boat Rental",
        "name:en": "Boat Rental",
        "tourism": "attraction"
      },
      "geometry": {
        "type": "Point",
        "coordinates": [
          100.2065829,
          5.4597238
        ]
      },
      "id": "node/6601382191"
    },
    {
      "type": "Feature",
      "properties": {
        "@id": "node/6602162286",
        "name": "Boat Tour",
        "name:en": "Boat Tour",
        "tourism": "attraction"
      },
      "geometry": {
        "type": "Point",
        "coordinates": [
          100.340798,
          5.4116235
        ]
      },
      "id": "node/6602162286"
    },
    {
      "type": "Feature",
      "properties": {
        "@id": "node/6923758089",
        "name": "Street Art",
        "tourism": "attraction"
      },
      "geometry": {
        "type": "Point",
        "coordinates": [
          100.2274236,
          5.3479757
        ]
      },
      "id": "node/6923758089"
    },
    {
      "type": "Feature",
      "properties": {
        "@id": "node/6923785585",
        "name": "Batu Feringghi night market",
        "tourism": "attraction"
      },
      "geometry": {
        "type": "Point",
        "coordinates": [
          100.2504491,
          5.4750617
        ]
      },
      "id": "node/6923785585"
    },
    {
      "type": "Feature",
      "properties": {
        "@id": "node/7068908785",
        "name": "5.4 Degrees North",
        "name:en": "5.4 Degrees North",
        "tourism": "attraction"
      },
      "geometry": {
        "type": "Point",
        "coordinates": [
          100.3373659,
          5.4192804
        ]
      },
      "id": "node/7068908785"
    },
    {
      "type": "Feature",
      "properties": {
        "@id": "node/7175322691",
        "addr:city": "Air Itam",
        "addr:postcode": "11500",
        "amenity": "place_of_worship",
        "name": "Kek Lok Si Temple",
        "name:de": "Kek Lok Si Tempel",
        "name:en": "Kek Lok Si Temple",
        "name:th": "วัดเก็กลกสี่",
        "name:zh": "极乐寺",
        "name:zh-Hans": "极乐寺",
        "name:zh-Hant": "極樂寺",
        "opening_hours": "Mo-Su 08:30-18:30",
        "religion": "buddhist",
        "tourism": "attraction",
        "wikidata": "Q822518",
        "wikimedia_commons": "Category:Kek Lok Si Temple, Penang",
        "wikipedia": "en:Kek Lok Si"
      },
      "geometry": {
        "type": "Point",
        "coordinates": [
          100.2738891,
          5.3997214
        ]
      },
      "id": "node/7175322691"
    },
    {
      "type": "Feature",
      "properties": {
        "@id": "node/7249888785",
        "name": "Lebuh Muntri",
        "name:en": "Muntri Street",
        "name:ms": "Lebuh Muntri",
        "name:zh": "南华医院街",
        "name:zh-Hans": "南华医院街",
        "name:zh-Hant": "南華醫院街",
        "tourism": "attraction"
      },
      "geometry": {
        "type": "Point",
        "coordinates": [
          100.3336555,
          5.4208139
        ]
      },
      "id": "node/7249888785"
    },
    {
      "type": "Feature",
      "properties": {
        "@id": "node/9176020857",
        "name": "The Top",
        "name:en": "The Top",
        "tourism": "attraction"
      },
      "geometry": {
        "type": "Point",
        "coordinates": [
          100.3304232,
          5.4159627
        ]
      },
      "id": "node/9176020857"
    },
    {
      "type": "Feature",
      "properties": {
        "@id": "node/9295206300",
        "name": "Circular root",
        "tourism": "attraction"
      },
      "geometry": {
        "type": "Point",
        "coordinates": [
          100.2930213,
          5.3878482
        ]
      },
      "id": "node/9295206300"
    },
    {
      "type": "Feature",
      "properties": {
        "@id": "node/9396166496",
        "name": "Penang Graffiti Park",
        "tourism": "attraction"
      },
      "geometry": {
        "type": "Point",
        "coordinates": [
          100.29542,
          5.4291993
        ]
      },
      "id": "node/9396166496"
    },
    {
      "type": "Feature",
      "properties": {
        "@id": "node/9538972867",
        "name": "Old Cabin Train",
        "name:en": "Old Cabin Train",
        "tourism": "attraction"
      },
      "geometry": {
        "type": "Point",
        "coordinates": [
          100.2690781,
          5.424302
        ]
      },
      "id": "node/9538972867"
    },
    {
      "type": "Feature",
      "properties": {
        "@id": "node/9876472441",
        "name": "Zoom Bug",
        "tourism": "attraction"
      },
      "geometry": {
        "type": "Point",
        "coordinates": [
          100.2156565,
          5.4489829
        ]
      },
      "id": "node/9876472441"
    },
    {
      "type": "Feature",
      "properties": {
        "@id": "node/9876472584",
        "name": "Atan's Jump",
        "tourism": "attraction"
      },
      "geometry": {
        "type": "Point",
        "coordinates": [
          100.2140904,
          5.4486132
        ]
      },
      "id": "node/9876472584"
    },
    {
      "type": "Feature",
      "properties": {
        "@id": "node/9876472638",
        "name": "Gecko Tower",
        "tourism": "attraction"
      },
      "geometry": {
        "type": "Point",
        "coordinates": [
          100.2163258,
          5.4489997
        ]
      },
      "id": "node/9876472638"
    },
    {
      "type": "Feature",
      "properties": {
        "@id": "node/9876472640",
        "name": "Coco Climb",
        "tourism": "attraction"
      },
      "geometry": {
        "type": "Point",
        "coordinates": [
          100.2157657,
          5.4488513
        ]
      },
      "id": "node/9876472640"
    },
    {
      "type": "Feature",
      "properties": {
        "@id": "node/9876472649",
        "name": "Slingshot",
        "tourism": "attraction"
      },
      "geometry": {
        "type": "Point",
        "coordinates": [
          100.2152715,
          5.4488812
        ]
      },
      "id": "node/9876472649"
    },
    {
      "type": "Feature",
      "properties": {
        "@id": "node/9876472824",
        "name": "Dunk Tank",
        "tourism": "attraction"
      },
      "geometry": {
        "type": "Point",
        "coordinates": [
          100.2142393,
          5.447668
        ]
      },
      "id": "node/9876472824"
    },
    {
      "type": "Feature",
      "properties": {
        "@id": "node/9876472865",
        "name": "Monkey Bussiness",
        "tourism": "attraction"
      },
      "geometry": {
        "type": "Point",
        "coordinates": [
          100.2156485,
          5.4488561
        ]
      },
      "id": "node/9876472865"
    },
    {
      "type": "Feature",
      "properties": {
        "@id": "node/9876472878",
        "name": "Atan's Leap",
        "tourism": "attraction"
      },
      "geometry": {
        "type": "Point",
        "coordinates": [
          100.2165275,
          5.4489272
        ]
      },
      "id": "node/9876472878"
    },
    {
      "type": "Feature",
      "properties": {
        "@id": "node/9884623113",
        "name": "Little Village",
        "name:en": "Little Village",
        "tourism": "attraction"
      },
      "geometry": {
        "type": "Point",
        "coordinates": [
          100.2700916,
          5.4241367
        ]
      },
      "id": "node/9884623113"
    },
    {
      "type": "Feature",
      "properties": {
        "@id": "node/9932024636",
        "name": "Sky Walk",
        "name:en": "Sky Walk",
        "tourism": "attraction"
      },
      "geometry": {
        "type": "Point",
        "coordinates": [
          100.2697069,
          5.4235266
        ]
      },
      "id": "node/9932024636"
    },
    {
      "type": "Feature",
      "properties": {
        "@id": "node/9932024851",
        "name": "The Colugo Zip",
        "tourism": "attraction"
      },
      "geometry": {
        "type": "Point",
        "coordinates": [
          100.2642185,
          5.4208494
        ]
      },
      "id": "node/9932024851"
    },
    {
      "type": "Feature",
      "properties": {
        "@id": "node/9984403693",
        "name": "Sri Rambai Cannon",
        "name:en": "Sri Rambai Cannon",
        "tourism": "attraction"
      },
      "geometry": {
        "type": "Point",
        "coordinates": [
          100.3434972,
          5.421328
        ]
      },
      "id": "node/9984403693"
    },
    {
      "type": "Feature",
      "properties": {
        "@id": "node/9984403705",
        "name": "Chapel",
        "name:en": "Chapel",
        "name:ms": "Chapel",
        "tourism": "attraction"
      },
      "geometry": {
        "type": "Point",
        "coordinates": [
          100.3432285,
          5.4202163
        ]
      },
      "id": "node/9984403705"
    },
    {
      "type": "Feature",
      "properties": {
        "@id": "node/10264586736",
        "name": "Cheap Beer Place",
        "name:en": "Cheap Beer Place",
        "tourism": "attraction"
      },
      "geometry": {
        "type": "Point",
        "coordinates": [
          100.3381359,
          5.418702
        ]
      },
      "id": "node/10264586736"
    },
    {
      "type": "Feature",
      "properties": {
        "@id": "node/10572319309",
        "name": "Many Cats",
        "name:en": "Many Cats",
        "tourism": "attraction"
      },
      "geometry": {
        "type": "Point",
        "coordinates": [
          100.3376743,
          5.4159534
        ]
      },
      "id": "node/10572319309"
    },
    {
      "type": "Feature",
      "properties": {
        "@id": "node/10741072286",
        "name": "Fish head rock",
        "tourism": "attraction"
      },
      "geometry": {
        "type": "Point",
        "coordinates": [
          100.290197,
          5.3882944
        ]
      },
      "id": "node/10741072286"
    },
    {
      "type": "Feature",
      "properties": {
        "@id": "node/10964084451",
        "name": "Kampung Agong",
        "name:zh": "甘榜亚贡",
        "tourism": "attraction"
      },
      "geometry": {
        "type": "Point",
        "coordinates": [
          100.3796588,
          5.5402581
        ]
      },
      "id": "node/10964084451"
    },
    {
      "type": "Feature",
      "properties": {
        "@id": "node/10983485705",
        "name": "\"Boy on Motorcycle\" Mural",
        "name:en": "\"Boy on Motorcycle\" Mural",
        "tourism": "attraction"
      },
      "geometry": {
        "type": "Point",
        "coordinates": [
          100.3385923,
          5.414982
        ]
      },
      "id": "node/10983485705"
    },
    {
      "type": "Feature",
      "properties": {
        "@id": "node/11830361463",
        "name": "Squiggly tree",
        "tourism": "attraction"
      },
      "geometry": {
        "type": "Point",
        "coordinates": [
          100.2910153,
          5.3906355
        ]
      },
      "id": "node/11830361463"
    },
    {
      "type": "Feature",
      "properties": {
        "@id": "node/12290271674",
        "name": "Chairlift",
        "tourism": "attraction"
      },
      "geometry": {
        "type": "Point",
        "coordinates": [
          100.2150077,
          5.4485894
        ]
      },
      "id": "node/12290271674"
    },
    {
      "type": "Feature",
      "properties": {
        "@id": "node/12290271675",
        "name": "Ski Slope",
        "tourism": "attraction"
      },
      "geometry": {
        "type": "Point",
        "coordinates": [
          100.2162415,
          5.4487326
        ]
      },
      "id": "node/12290271675"
    },
    {
      "type": "Feature",
      "properties": {
        "@id": "node/12290271676",
        "name": "Go Bananas",
        "tourism": "attraction"
      },
      "geometry": {
        "type": "Point",
        "coordinates": [
          100.215527,
          5.4488992
        ]
      },
      "id": "node/12290271676"
    },
    {
      "type": "Feature",
      "properties": {
        "@id": "node/12290271677",
        "name": "Harness Station",
        "tourism": "attraction"
      },
      "geometry": {
        "type": "Point",
        "coordinates": [
          100.2152662,
          5.4491393
        ]
      },
      "id": "node/12290271677"
    },
    {
      "type": "Feature",
      "properties": {
        "@id": "node/12290271678",
        "name": "Aerobat",
        "tourism": "attraction"
      },
      "geometry": {
        "type": "Point",
        "coordinates": [
          100.215925,
          5.4487207
        ]
      },
      "id": "node/12290271678"
    },
    {
      "type": "Feature",
      "properties": {
        "@id": "node/12290271679",
        "name": "Family Trail",
        "tourism": "attraction"
      },
      "geometry": {
        "type": "Point",
        "coordinates": [
          100.2163927,
          5.4490625
        ]
      },
      "id": "node/12290271679"
    },
    {
      "type": "Feature",
      "properties": {
        "@id": "node/12290271680",
        "name": "Discovery Dig",
        "tourism": "attraction"
      },
      "geometry": {
        "type": "Point",
        "coordinates": [
          100.2164228,
          5.4489898
        ]
      },
      "id": "node/12290271680"
    },
    {
      "type": "Feature",
      "properties": {
        "@id": "node/12290271681",
        "name": "Jumping Jack",
        "tourism": "attraction"
      },
      "geometry": {
        "type": "Point",
        "coordinates": [
          100.2172811,
          5.4492526
        ]
      },
      "id": "node/12290271681"
    },
    {
      "type": "Feature",
      "properties": {
        "@id": "node/12290271682",
        "name": "Monkey School",
        "tourism": "attraction"
      },
      "geometry": {
        "type": "Point",
        "coordinates": [
          100.2171266,
          5.449259
        ]
      },
      "id": "node/12290271682"
    },
    {
      "type": "Feature",
      "properties": {
        "@id": "node/12290271683",
        "name": "Flying Lemur",
        "tourism": "attraction"
      },
      "geometry": {
        "type": "Point",
        "coordinates": [
          100.2175031,
          5.4496602
        ]
      },
      "id": "node/12290271683"
    },
    {
      "type": "Feature",
      "properties": {
        "@id": "node/12290271684",
        "name": "Kite Flyer",
        "tourism": "attraction"
      },
      "geometry": {
        "type": "Point",
        "coordinates": [
          100.2176043,
          5.4490546
        ]
      },
      "id": "node/12290271684"
    },
    {
      "type": "Feature",
      "properties": {
        "@id": "node/12290271685",
        "name": "Zip Coaster",
        "tourism": "attraction"
      },
      "geometry": {
        "type": "Point",
        "coordinates": [
          100.2183889,
          5.4487116
        ]
      },
      "id": "node/12290271685"
    },
    {
      "type": "Feature",
      "properties": {
        "@id": "node/12290271686",
        "name": "The Longest",
        "tourism": "attraction"
      },
      "geometry": {
        "type": "Point",
        "coordinates": [
          100.2183696,
          5.4488483
        ]
      },
      "id": "node/12290271686"
    },
    {
      "type": "Feature",
      "properties": {
        "@id": "node/12290271687",
        "name": "Tubby Racer",
        "tourism": "attraction"
      },
      "geometry": {
        "type": "Point",
        "coordinates": [
          100.2182066,
          5.4488453
        ]
      },
      "id": "node/12290271687"
    },
    {
      "type": "Feature",
      "properties": {
        "@id": "node/12452573501",
        "addr:housenumber": "79, Level 4E",
        "addr:postcode": "10150",
        "addr:street": "Jalan Dato Keramat",
        "name": "Kart Hauz Georgetown",
        "name:en": "Kart Hauz Georgetown",
        "phone": "011-2518 3268",
        "tourism": "attraction",
        "website": "https://karthauz.com/"
      },
      "geometry": {
        "type": "Point",
        "coordinates": [
          100.325468,
          5.412152
        ]
      },
      "id": "node/12452573501"
    },
    {
      "type": "Feature",
      "properties": {
        "@id": "node/12528768721",
        "name": "ConvEx @ USM",
        "name:en": "ConvEx @ USM",
        "name:ms": "ConvEx @ USM",
        "official_name": "Tapak ConvEx USM",
        "tourism": "attraction"
      },
      "geometry": {
        "type": "Point",
        "coordinates": [
          100.3026464,
          5.3549666
        ]
      },
      "id": "node/12528768721"
    },
    {
      "type": "Feature",
      "properties": {
        "@id": "node/13518631247",
        "description": "\"𝐇𝐞𝐚𝐡 𝐒𝐰𝐞𝐞 𝐋𝐞𝐞 𝐀𝐧𝐜𝐞𝐬𝐭𝐫𝐚𝐥 𝐌𝐚𝐧𝐬𝐢𝐨𝐧: 𝐀 𝐇𝐢𝐝𝐝𝐞𝐧 𝐆𝐞𝐦 𝐢𝐧 𝐏𝐞𝐧𝐚𝐧𝐠'𝐬 𝐁𝐮𝐤𝐢𝐭 𝐓𝐚𝐦𝐛𝐮𝐧\"\n\n𝐁𝐮𝐤𝐢𝐭 𝐓𝐚𝐦𝐛𝐮𝐧 𝐢𝐬 𝐤𝐧𝐨𝐰𝐧 𝐚𝐬 𝐚 𝐟𝐢𝐬𝐡𝐢𝐧𝐠 𝐯𝐢𝐥𝐥𝐚𝐠𝐞, 𝐰𝐢𝐭𝐡 𝐩𝐥𝐞𝐧𝐭𝐲 𝐨𝐟 𝐬𝐞𝐚𝐟𝐨𝐨𝐝 𝐫𝐞𝐬𝐭𝐚𝐮𝐫𝐚𝐧𝐭𝐬 𝐭𝐨 𝐜𝐡𝐨𝐨𝐬𝐞 𝐟𝐫𝐨𝐦. 𝐁𝐮𝐭 𝐭𝐡𝐞𝐫𝐞'𝐬 𝐦𝐨𝐫𝐞 𝐭𝐨 𝐝𝐨 𝐢𝐧 𝐭𝐡𝐢𝐬 𝐯𝐢𝐥𝐥𝐚𝐠𝐞 𝐭𝐡𝐚𝐧 𝐜𝐡𝐨𝐰𝐢𝐧𝐠 𝐝𝐨𝐰𝐧 𝐨𝐧 𝐟𝐫𝐞𝐬𝐡 𝐬𝐞𝐚𝐟𝐨𝐨𝐝!",
        "name": "Heah Swee Lee Ancestral Mansion",
        "name:en": "Heah Swee Lee Ancestral Mansion",
        "tourism": "attraction",
        "website": "https://www.facebook.com/PenangHiddenGems/posts/pfbid02dwyVmXuftDJwzkBgXZh9MskpXF1TRc3bNaLwL7j8qJZ4FHsqSg2taUzfaXreHBWRl"
      },
      "geometry": {
        "type": "Point",
        "coordinates": [
          100.4486392,
          5.2736945
        ]
      },
      "id": "node/13518631247"
    }
  ]
}